Scaling service app to 1 replicas.
no configuration file provided: not found
Checking CPU usage for app replicas...
permission denied while trying to connect to the Docker daemon socket at unix:///var/run/docker.sock: Get "http://%2Fvar%2Frun%2Fdocker.sock/v1.47/containers/json?filters=%7B%22name%22%3A%7B%22app%22%3Atrue%7D%7D": dial unix /var/run/docker.sock: connect: permission denied
Checking CPU usage for app replicas...
permission denied while trying to connect to the Docker daemon socket at unix:///var/run/docker.sock: Get "http://%2Fvar%2Frun%2Fdocker.sock/v1.47/containers/json?filters=%7B%22name%22%3A%7B%22app%22%3Atrue%7D%7D": dial unix /var/run/docker.sock: connect: permission denied
Scaling service app to 1 replicas.
no configuration file provided: not found
Checking CPU usage for app replicas...
permission denied while trying to connect to the Docker daemon socket at unix:///var/run/docker.sock: Get "http://%2Fvar%2Frun%2Fdocker.sock/v1.47/containers/json?filters=%7B%22name%22%3A%7B%22app%22%3Atrue%7D%7D": dial unix /var/run/docker.sock: connect: permission denied
Checking CPU usage for app replicas...
permission denied while trying to connect to the Docker daemon socket at unix:///var/run/docker.sock: Get "http://%2Fvar%2Frun%2Fdocker.sock/v1.47/containers/json?filters=%7B%22name%22%3A%7B%22app%22%3Atrue%7D%7D": dial unix /var/run/docker.sock: connect: permission denied
Checking CPU usage for app replicas...
permission denied while trying to connect to the Docker daemon socket at unix:///var/run/docker.sock: Get "http://%2Fvar%2Frun%2Fdocker.sock/v1.47/containers/json?filters=%7B%22name%22%3A%7B%22app%22%3Atrue%7D%7D": dial unix /var/run/docker.sock: connect: permission denied
Checking CPU usage for app replicas...
permission denied while trying to connect to the Docker daemon socket at unix:///var/run/docker.sock: Get "http://%2Fvar%2Frun%2Fdocker.sock/v1.47/containers/json?filters=%7B%22name%22%3A%7B%22app%22%3Atrue%7D%7D": dial unix /var/run/docker.sock: connect: permission denied
Scaling service app to 1 replicas.
no configuration file provided: not found
Checking CPU usage for app replicas...
permission denied while trying to connect to the Docker daemon socket at unix:///var/run/docker.sock: Get "http://%2Fvar%2Frun%2Fdocker.sock/v1.47/containers/json?filters=%7B%22name%22%3A%7B%22app%22%3Atrue%7D%7D": dial unix /var/run/docker.sock: connect: permission denied
Checking CPU usage for app replicas...
permission denied while trying to connect to the Docker daemon socket at unix:///var/run/docker.sock: Get "http://%2Fvar%2Frun%2Fdocker.sock/v1.47/containers/json?filters=%7B%22name%22%3A%7B%22app%22%3Atrue%7D%7D": dial unix /var/run/docker.sock: connect: permission denied
Checking CPU usage for app replicas...
permission denied while trying to connect to the Docker daemon socket at unix:///var/run/docker.sock: Get "http://%2Fvar%2Frun%2Fdocker.sock/v1.47/containers/json?filters=%7B%22name%22%3A%7B%22app%22%3Atrue%7D%7D": dial unix /var/run/docker.sock: connect: permission denied
Checking CPU usage for app replicas...
permission denied while trying to connect to the Docker daemon socket at unix:///var/run/docker.sock: Get "http://%2Fvar%2Frun%2Fdocker.sock/v1.47/containers/json?filters=%7B%22name%22%3A%7B%22app%22%3Atrue%7D%7D": dial unix /var/run/docker.sock: connect: permission denied
Checking CPU usage for app replicas...
permission denied while trying to connect to the Docker daemon socket at unix:///var/run/docker.sock: Get "http://%2Fvar%2Frun%2Fdocker.sock/v1.47/containers/json?filters=%7B%22name%22%3A%7B%22app%22%3Atrue%7D%7D": dial unix /var/run/docker.sock: connect: permission denied
Checking CPU usage for app replicas...
permission denied while trying to connect to the Docker daemon socket at unix:///var/run/docker.sock: Get "http://%2Fvar%2Frun%2Fdocker.sock/v1.47/containers/json?filters=%7B%22name%22%3A%7B%22app%22%3Atrue%7D%7D": dial unix /var/run/docker.sock: connect: permission denied
Scaling service app to 1 replicas.
no configuration file provided: not found
Checking CPU usage for app replicas...
permission denied while trying to connect to the Docker daemon socket at unix:///var/run/docker.sock: Get "http://%2Fvar%2Frun%2Fdocker.sock/v1.47/containers/json?filters=%7B%22name%22%3A%7B%22app%22%3Atrue%7D%7D": dial unix /var/run/docker.sock: connect: permission denied
Checking CPU usage for app replicas...
permission denied while trying to connect to the Docker daemon socket at unix:///var/run/docker.sock: Get "http://%2Fvar%2Frun%2Fdocker.sock/v1.47/containers/json?filters=%7B%22name%22%3A%7B%22app%22%3Atrue%7D%7D": dial unix /var/run/docker.sock: connect: permission denied
Checking CPU usage for app replicas...
permission denied while trying to connect to the Docker daemon socket at unix:///var/run/docker.sock: Get "http://%2Fvar%2Frun%2Fdocker.sock/v1.47/containers/json?filters=%7B%22name%22%3A%7B%22app%22%3Atrue%7D%7D": dial unix /var/run/docker.sock: connect: permission denied
Checking CPU usage for app replicas...
permission denied while trying to connect to the Docker daemon socket at unix:///var/run/docker.sock: Get "http://%2Fvar%2Frun%2Fdocker.sock/v1.47/containers/json?filters=%7B%22name%22%3A%7B%22app%22%3Atrue%7D%7D": dial unix /var/run/docker.sock: connect: permission denied
Checking CPU usage for app replicas...
permission denied while trying to connect to the Docker daemon socket at unix:///var/run/docker.sock: Get "http://%2Fvar%2Frun%2Fdocker.sock/v1.47/containers/json?filters=%7B%22name%22%3A%7B%22app%22%3Atrue%7D%7D": dial unix /var/run/docker.sock: connect: permission denied
Checking CPU usage for app replicas...
permission denied while trying to connect to the Docker daemon socket at unix:///var/run/docker.sock: Get "http://%2Fvar%2Frun%2Fdocker.sock/v1.47/containers/json?filters=%7B%22name%22%3A%7B%22app%22%3Atrue%7D%7D": dial unix /var/run/docker.sock: connect: permission denied
Checking CPU usage for app replicas...
permission denied while trying to connect to the Docker daemon socket at unix:///var/run/docker.sock: Get "http://%2Fvar%2Frun%2Fdocker.sock/v1.47/containers/json?filters=%7B%22name%22%3A%7B%22app%22%3Atrue%7D%7D": dial unix /var/run/docker.sock: connect: permission denied
Checking CPU usage for app replicas...
permission denied while trying to connect to the Docker daemon socket at unix:///var/run/docker.sock: Get "http://%2Fvar%2Frun%2Fdocker.sock/v1.47/containers/json?filters=%7B%22name%22%3A%7B%22app%22%3Atrue%7D%7D": dial unix /var/run/docker.sock: connect: permission denied
Scaling service app to 1 replicas.
no configuration file provided: not found
Checking CPU usage for app replicas...
permission denied while trying to connect to the Docker daemon socket at unix:///var/run/docker.sock: Get "http://%2Fvar%2Frun%2Fdocker.sock/v1.47/containers/json?filters=%7B%22name%22%3A%7B%22app%22%3Atrue%7D%7D": dial unix /var/run/docker.sock: connect: permission denied
Checking CPU usage for app replicas...
permission denied while trying to connect to the Docker daemon socket at unix:///var/run/docker.sock: Get "http://%2Fvar%2Frun%2Fdocker.sock/v1.47/containers/json?filters=%7B%22name%22%3A%7B%22app%22%3Atrue%7D%7D": dial unix /var/run/docker.sock: connect: permission denied
Checking CPU usage for app replicas...
permission denied while trying to connect to the Docker daemon socket at unix:///var/run/docker.sock: Get "http://%2Fvar%2Frun%2Fdocker.sock/v1.47/containers/json?filters=%7B%22name%22%3A%7B%22app%22%3Atrue%7D%7D": dial unix /var/run/docker.sock: connect: permission denied
Checking CPU usage for app replicas...
permission denied while trying to connect to the Docker daemon socket at unix:///var/run/docker.sock: Get "http://%2Fvar%2Frun%2Fdocker.sock/v1.47/containers/json?filters=%7B%22name%22%3A%7B%22app%22%3Atrue%7D%7D": dial unix /var/run/docker.sock: connect: permission denied
Checking CPU usage for app replicas...
permission denied while trying to connect to the Docker daemon socket at unix:///var/run/docker.sock: Get "http://%2Fvar%2Frun%2Fdocker.sock/v1.47/containers/json?filters=%7B%22name%22%3A%7B%22app%22%3Atrue%7D%7D": dial unix /var/run/docker.sock: connect: permission denied
Checking CPU usage for app replicas...
Checking CPU usage for app replicas...
permission denied while trying to connect to the Docker daemon socket at unix:///var/run/docker.sock: Get "http://%2Fvar%2Frun%2Fdocker.sock/v1.47/containers/json?filters=%7B%22name%22%3A%7B%22app%22%3Atrue%7D%7D": dial unix /var/run/docker.sock: connect: permission denied
Checking CPU usage for app replicas...
permission denied while trying to connect to the Docker daemon socket at unix:///var/run/docker.sock: Get "http://%2Fvar%2Frun%2Fdocker.sock/v1.47/containers/json?filters=%7B%22name%22%3A%7B%22app%22%3Atrue%7D%7D": dial unix /var/run/docker.sock: connect: permission denied
permission denied while trying to connect to the Docker daemon socket at unix:///var/run/docker.sock: Get "http://%2Fvar%2Frun%2Fdocker.sock/v1.47/containers/json?filters=%7B%22name%22%3A%7B%22app%22%3Atrue%7D%7D": dial unix /var/run/docker.sock: connect: permission denied
Checking CPU usage for app replicas...
permission denied while trying to connect to the Docker daemon socket at unix:///var/run/docker.sock: Get "http://%2Fvar%2Frun%2Fdocker.sock/v1.47/containers/json?filters=%7B%22name%22%3A%7B%22app%22%3Atrue%7D%7D": dial unix /var/run/docker.sock: connect: permission denied
Checking CPU usage for app replicas...
permission denied while trying to connect to the Docker daemon socket at unix:///var/run/docker.sock: Get "http://%2Fvar%2Frun%2Fdocker.sock/v1.47/containers/json?filters=%7B%22name%22%3A%7B%22app%22%3Atrue%7D%7D": dial unix /var/run/docker.sock: connect: permission denied
Scaling service app to 1 replicas.
no configuration file provided: not found
Checking CPU usage for app replicas...
permission denied while trying to connect to the Docker daemon socket at unix:///var/run/docker.sock: Get "http://%2Fvar%2Frun%2Fdocker.sock/v1.47/containers/json?filters=%7B%22name%22%3A%7B%22app%22%3Atrue%7D%7D": dial unix /var/run/docker.sock: connect: permission denied
Checking CPU usage for app replicas...
Checking CPU usage for app replicas...
permission denied while trying to connect to the Docker daemon socket at unix:///var/run/docker.sock: Get "http://%2Fvar%2Frun%2Fdocker.sock/v1.47/containers/json?filters=%7B%22name%22%3A%7B%22app%22%3Atrue%7D%7D": dial unix /var/run/docker.sock: connect: permission denied
Checking CPU usage for app replicas...
permission denied while trying to connect to the Docker daemon socket at unix:///var/run/docker.sock: Get "http://%2Fvar%2Frun%2Fdocker.sock/v1.47/containers/json?filters=%7B%22name%22%3A%7B%22app%22%3Atrue%7D%7D": dial unix /var/run/docker.sock: connect: permission denied
permission denied while trying to connect to the Docker daemon socket at unix:///var/run/docker.sock: Get "http://%2Fvar%2Frun%2Fdocker.sock/v1.47/containers/json?filters=%7B%22name%22%3A%7B%22app%22%3Atrue%7D%7D": dial unix /var/run/docker.sock: connect: permission denied
Checking CPU usage for app replicas...
permission denied while trying to connect to the Docker daemon socket at unix:///var/run/docker.sock: Get "http://%2Fvar%2Frun%2Fdocker.sock/v1.47/containers/json?filters=%7B%22name%22%3A%7B%22app%22%3Atrue%7D%7D": dial unix /var/run/docker.sock: connect: permission denied
Checking CPU usage for app replicas...
permission denied while trying to connect to the Docker daemon socket at unix:///var/run/docker.sock: Get "http://%2Fvar%2Frun%2Fdocker.sock/v1.47/containers/json?filters=%7B%22name%22%3A%7B%22app%22%3Atrue%7D%7D": dial unix /var/run/docker.sock: connect: permission denied
Checking CPU usage for app replicas...
permission denied while trying to connect to the Docker daemon socket at unix:///var/run/docker.sock: Get "http://%2Fvar%2Frun%2Fdocker.sock/v1.47/containers/json?filters=%7B%22name%22%3A%7B%22app%22%3Atrue%7D%7D": dial unix /var/run/docker.sock: connect: permission denied
Checking CPU usage for app replicas...
Checking CPU usage for app replicas...
Checking CPU usage for app replicas...
permission denied while trying to connect to the Docker daemon socket at unix:///var/run/docker.sock: Get "http://%2Fvar%2Frun%2Fdocker.sock/v1.47/containers/json?filters=%7B%22name%22%3A%7B%22app%22%3Atrue%7D%7D": dial unix /var/run/docker.sock: connect: permission denied
permission denied while trying to connect to the Docker daemon socket at unix:///var/run/docker.sock: Get "http://%2Fvar%2Frun%2Fdocker.sock/v1.47/containers/json?filters=%7B%22name%22%3A%7B%22app%22%3Atrue%7D%7D": dial unix /var/run/docker.sock: connect: permission denied
permission denied while trying to connect to the Docker daemon socket at unix:///var/run/docker.sock: Get "http://%2Fvar%2Frun%2Fdocker.sock/v1.47/containers/json?filters=%7B%22name%22%3A%7B%22app%22%3Atrue%7D%7D": dial unix /var/run/docker.sock: connect: permission denied
Checking CPU usage for app replicas...
permission denied while trying to connect to the Docker daemon socket at unix:///var/run/docker.sock: Get "http://%2Fvar%2Frun%2Fdocker.sock/v1.47/containers/json?filters=%7B%22name%22%3A%7B%22app%22%3Atrue%7D%7D": dial unix /var/run/docker.sock: connect: permission denied
Checking CPU usage for app replicas...
permission denied while trying to connect to the Docker daemon socket at unix:///var/run/docker.sock: Get "http://%2Fvar%2Frun%2Fdocker.sock/v1.47/containers/json?filters=%7B%22name%22%3A%7B%22app%22%3Atrue%7D%7D": dial unix /var/run/docker.sock: connect: permission denied
Scaling service app to 1 replicas.
no configuration file provided: not found
Checking CPU usage for app replicas...
permission denied while trying to connect to the Docker daemon socket at unix:///var/run/docker.sock: Get "http://%2Fvar%2Frun%2Fdocker.sock/v1.47/containers/json?filters=%7B%22name%22%3A%7B%22app%22%3Atrue%7D%7D": dial unix /var/run/docker.sock: connect: permission denied
Checking CPU usage for app replicas...
permission denied while trying to connect to the Docker daemon socket at unix:///var/run/docker.sock: Get "http://%2Fvar%2Frun%2Fdocker.sock/v1.47/containers/json?filters=%7B%22name%22%3A%7B%22app%22%3Atrue%7D%7D": dial unix /var/run/docker.sock: connect: permission denied
Checking CPU usage for app replicas...
Checking CPU usage for app replicas...
Checking CPU usage for app replicas...
permission denied while trying to connect to the Docker daemon socket at unix:///var/run/docker.sock: Get "http://%2Fvar%2Frun%2Fdocker.sock/v1.47/containers/json?filters=%7B%22name%22%3A%7B%22app%22%3Atrue%7D%7D": dial unix /var/run/docker.sock: connect: permission denied
permission denied while trying to connect to the Docker daemon socket at unix:///var/run/docker.sock: Get "http://%2Fvar%2Frun%2Fdocker.sock/v1.47/containers/json?filters=%7B%22name%22%3A%7B%22app%22%3Atrue%7D%7D": dial unix /var/run/docker.sock: connect: permission denied
permission denied while trying to connect to the Docker daemon socket at unix:///var/run/docker.sock: Get "http://%2Fvar%2Frun%2Fdocker.sock/v1.47/containers/json?filters=%7B%22name%22%3A%7B%22app%22%3Atrue%7D%7D": dial unix /var/run/docker.sock: connect: permission denied
Checking CPU usage for app replicas...
permission denied while trying to connect to the Docker daemon socket at unix:///var/run/docker.sock: Get "http://%2Fvar%2Frun%2Fdocker.sock/v1.47/containers/json?filters=%7B%22name%22%3A%7B%22app%22%3Atrue%7D%7D": dial unix /var/run/docker.sock: connect: permission denied
Checking CPU usage for app replicas...
permission denied while trying to connect to the Docker daemon socket at unix:///var/run/docker.sock: Get "http://%2Fvar%2Frun%2Fdocker.sock/v1.47/containers/json?filters=%7B%22name%22%3A%7B%22app%22%3Atrue%7D%7D": dial unix /var/run/docker.sock: connect: permission denied
Checking CPU usage for app replicas...
Checking CPU usage for app replicas...
Checking CPU usage for app replicas...
Checking CPU usage for app replicas...
Checking CPU usage for app replicas...
Checking CPU usage for app replicas...
permission denied while trying to connect to the Docker daemon socket at unix:///var/run/docker.sock: Get "http://%2Fvar%2Frun%2Fdocker.sock/v1.47/containers/json?filters=%7B%22name%22%3A%7B%22app%22%3Atrue%7D%7D": dial unix /var/run/docker.sock: connect: permission denied
permission denied while trying to connect to the Docker daemon socket at unix:///var/run/docker.sock: Get "http://%2Fvar%2Frun%2Fdocker.sock/v1.47/containers/json?filters=%7B%22name%22%3A%7B%22app%22%3Atrue%7D%7D": dial unix /var/run/docker.sock: connect: permission denied
permission denied while trying to connect to the Docker daemon socket at unix:///var/run/docker.sock: Get "http://%2Fvar%2Frun%2Fdocker.sock/v1.47/containers/json?filters=%7B%22name%22%3A%7B%22app%22%3Atrue%7D%7D": dial unix /var/run/docker.sock: connect: permission denied
permission denied while trying to connect to the Docker daemon socket at unix:///var/run/docker.sock: Get "http://%2Fvar%2Frun%2Fdocker.sock/v1.47/containers/json?filters=%7B%22name%22%3A%7B%22app%22%3Atrue%7D%7D": dial unix /var/run/docker.sock: connect: permission denied
permission denied while trying to connect to the Docker daemon socket at unix:///var/run/docker.sock: Get "http://%2Fvar%2Frun%2Fdocker.sock/v1.47/containers/json?filters=%7B%22name%22%3A%7B%22app%22%3Atrue%7D%7D": dial unix /var/run/docker.sock: connect: permission denied
permission denied while trying to connect to the Docker daemon socket at unix:///var/run/docker.sock: Get "http://%2Fvar%2Frun%2Fdocker.sock/v1.47/containers/json?filters=%7B%22name%22%3A%7B%22app%22%3Atrue%7D%7D": dial unix /var/run/docker.sock: connect: permission denied
Checking CPU usage for app replicas...
permission denied while trying to connect to the Docker daemon socket at unix:///var/run/docker.sock: Get "http://%2Fvar%2Frun%2Fdocker.sock/v1.47/containers/json?filters=%7B%22name%22%3A%7B%22app%22%3Atrue%7D%7D": dial unix /var/run/docker.sock: connect: permission denied
Scaling service app to 1 replicas.
no configuration file provided: not found
Checking CPU usage for app replicas...
permission denied while trying to connect to the Docker daemon socket at unix:///var/run/docker.sock: Get "http://%2Fvar%2Frun%2Fdocker.sock/v1.47/containers/json?filters=%7B%22name%22%3A%7B%22app%22%3Atrue%7D%7D": dial unix /var/run/docker.sock: connect: permission denied
Checking CPU usage for app replicas...
permission denied while trying to connect to the Docker daemon socket at unix:///var/run/docker.sock: Get "http://%2Fvar%2Frun%2Fdocker.sock/v1.47/containers/json?filters=%7B%22name%22%3A%7B%22app%22%3Atrue%7D%7D": dial unix /var/run/docker.sock: connect: permission denied
Checking CPU usage for app replicas...
permission denied while trying to connect to the Docker daemon socket at unix:///var/run/docker.sock: Get "http://%2Fvar%2Frun%2Fdocker.sock/v1.47/containers/json?filters=%7B%22name%22%3A%7B%22app%22%3Atrue%7D%7D": dial unix /var/run/docker.sock: connect: permission denied
Checking CPU usage for app replicas...
Checking CPU usage for app replicas...
Checking CPU usage for app replicas...
permission denied while trying to connect to the Docker daemon socket at unix:///var/run/docker.sock: Get "http://%2Fvar%2Frun%2Fdocker.sock/v1.47/containers/json?filters=%7B%22name%22%3A%7B%22app%22%3Atrue%7D%7D": dial unix /var/run/docker.sock: connect: permission denied
permission denied while trying to connect to the Docker daemon socket at unix:///var/run/docker.sock: Get "http://%2Fvar%2Frun%2Fdocker.sock/v1.47/containers/json?filters=%7B%22name%22%3A%7B%22app%22%3Atrue%7D%7D": dial unix /var/run/docker.sock: connect: permission denied
permission denied while trying to connect to the Docker daemon socket at unix:///var/run/docker.sock: Get "http://%2Fvar%2Frun%2Fdocker.sock/v1.47/containers/json?filters=%7B%22name%22%3A%7B%22app%22%3Atrue%7D%7D": dial unix /var/run/docker.sock: connect: permission denied
Checking CPU usage for app replicas...
permission denied while trying to connect to the Docker daemon socket at unix:///var/run/docker.sock: Get "http://%2Fvar%2Frun%2Fdocker.sock/v1.47/containers/json?filters=%7B%22name%22%3A%7B%22app%22%3Atrue%7D%7D": dial unix /var/run/docker.sock: connect: permission denied
Checking CPU usage for app replicas...
permission denied while trying to connect to the Docker daemon socket at unix:///var/run/docker.sock: Get "http://%2Fvar%2Frun%2Fdocker.sock/v1.47/containers/json?filters=%7B%22name%22%3A%7B%22app%22%3Atrue%7D%7D": dial unix /var/run/docker.sock: connect: permission denied
Checking CPU usage for app replicas...
permission denied while trying to connect to the Docker daemon socket at unix:///var/run/docker.sock: Get "http://%2Fvar%2Frun%2Fdocker.sock/v1.47/containers/json?filters=%7B%22name%22%3A%7B%22app%22%3Atrue%7D%7D": dial unix /var/run/docker.sock: connect: permission denied
Checking CPU usage for app replicas...
permission denied while trying to connect to the Docker daemon socket at unix:///var/run/docker.sock: Get "http://%2Fvar%2Frun%2Fdocker.sock/v1.47/containers/json?filters=%7B%22name%22%3A%7B%22app%22%3Atrue%7D%7D": dial unix /var/run/docker.sock: connect: permission denied
Checking CPU usage for app replicas...
permission denied while trying to connect to the Docker daemon socket at unix:///var/run/docker.sock: Get "http://%2Fvar%2Frun%2Fdocker.sock/v1.47/containers/json?filters=%7B%22name%22%3A%7B%22app%22%3Atrue%7D%7D": dial unix /var/run/docker.sock: connect: permission denied
Checking CPU usage for app replicas...
permission denied while trying to connect to the Docker daemon socket at unix:///var/run/docker.sock: Get "http://%2Fvar%2Frun%2Fdocker.sock/v1.47/containers/json?filters=%7B%22name%22%3A%7B%22app%22%3Atrue%7D%7D": dial unix /var/run/docker.sock: connect: permission denied
Checking CPU usage for app replicas...
permission denied while trying to connect to the Docker daemon socket at unix:///var/run/docker.sock: Get "http://%2Fvar%2Frun%2Fdocker.sock/v1.47/containers/json?filters=%7B%22name%22%3A%7B%22app%22%3Atrue%7D%7D": dial unix /var/run/docker.sock: connect: permission denied
Checking CPU usage for app replicas...
permission denied while trying to connect to the Docker daemon socket at unix:///var/run/docker.sock: Get "http://%2Fvar%2Frun%2Fdocker.sock/v1.47/containers/json?filters=%7B%22name%22%3A%7B%22app%22%3Atrue%7D%7D": dial unix /var/run/docker.sock: connect: permission denied
Checking CPU usage for app replicas...
permission denied while trying to connect to the Docker daemon socket at unix:///var/run/docker.sock: Get "http://%2Fvar%2Frun%2Fdocker.sock/v1.47/containers/json?filters=%7B%22name%22%3A%7B%22app%22%3Atrue%7D%7D": dial unix /var/run/docker.sock: connect: permission denied
Checking CPU usage for app replicas...
permission denied while trying to connect to the Docker daemon socket at unix:///var/run/docker.sock: Get "http://%2Fvar%2Frun%2Fdocker.sock/v1.47/containers/json?filters=%7B%22name%22%3A%7B%22app%22%3Atrue%7D%7D": dial unix /var/run/docker.sock: connect: permission denied
Scaling service app to 1 replicas.
no configuration file provided: not found
Checking CPU usage for app replicas...
permission denied while trying to connect to the Docker daemon socket at unix:///var/run/docker.sock: Get "http://%2Fvar%2Frun%2Fdocker.sock/v1.47/containers/json?filters=%7B%22name%22%3A%7B%22app%22%3Atrue%7D%7D": dial unix /var/run/docker.sock: connect: permission denied
Checking CPU usage for app replicas...
permission denied while trying to connect to the Docker daemon socket at unix:///var/run/docker.sock: Get "http://%2Fvar%2Frun%2Fdocker.sock/v1.47/containers/json?filters=%7B%22name%22%3A%7B%22app%22%3Atrue%7D%7D": dial unix /var/run/docker.sock: connect: permission denied
Checking CPU usage for app replicas...
Checking CPU usage for app replicas...
permission denied while trying to connect to the Docker daemon socket at unix:///var/run/docker.sock: Get "http://%2Fvar%2Frun%2Fdocker.sock/v1.47/containers/json?filters=%7B%22name%22%3A%7B%22app%22%3Atrue%7D%7D": dial unix /var/run/docker.sock: connect: permission denied
permission denied while trying to connect to the Docker daemon socket at unix:///var/run/docker.sock: Get "http://%2Fvar%2Frun%2Fdocker.sock/v1.47/containers/json?filters=%7B%22name%22%3A%7B%22app%22%3Atrue%7D%7D": dial unix /var/run/docker.sock: connect: permission denied
Checking CPU usage for app replicas...
permission denied while trying to connect to the Docker daemon socket at unix:///var/run/docker.sock: Get "http://%2Fvar%2Frun%2Fdocker.sock/v1.47/containers/json?filters=%7B%22name%22%3A%7B%22app%22%3Atrue%7D%7D": dial unix /var/run/docker.sock: connect: permission denied
Checking CPU usage for app replicas...
Checking CPU usage for app replicas...
permission denied while trying to connect to the Docker daemon socket at unix:///var/run/docker.sock: Get "http://%2Fvar%2Frun%2Fdocker.sock/v1.47/containers/json?filters=%7B%22name%22%3A%7B%22app%22%3Atrue%7D%7D": dial unix /var/run/docker.sock: connect: permission denied
Checking CPU usage for app replicas...
permission denied while trying to connect to the Docker daemon socket at unix:///var/run/docker.sock: Get "http://%2Fvar%2Frun%2Fdocker.sock/v1.47/containers/json?filters=%7B%22name%22%3A%7B%22app%22%3Atrue%7D%7D": dial unix /var/run/docker.sock: connect: permission denied
permission denied while trying to connect to the Docker daemon socket at unix:///var/run/docker.sock: Get "http://%2Fvar%2Frun%2Fdocker.sock/v1.47/containers/json?filters=%7B%22name%22%3A%7B%22app%22%3Atrue%7D%7D": dial unix /var/run/docker.sock: connect: permission denied
Checking CPU usage for app replicas...
permission denied while trying to connect to the Docker daemon socket at unix:///var/run/docker.sock: Get "http://%2Fvar%2Frun%2Fdocker.sock/v1.47/containers/json?filters=%7B%22name%22%3A%7B%22app%22%3Atrue%7D%7D": dial unix /var/run/docker.sock: connect: permission denied
Checking CPU usage for app replicas...
permission denied while trying to connect to the Docker daemon socket at unix:///var/run/docker.sock: Get "http://%2Fvar%2Frun%2Fdocker.sock/v1.47/containers/json?filters=%7B%22name%22%3A%7B%22app%22%3Atrue%7D%7D": dial unix /var/run/docker.sock: connect: permission denied
Checking CPU usage for app replicas...
permission denied while trying to connect to the Docker daemon socket at unix:///var/run/docker.sock: Get "http://%2Fvar%2Frun%2Fdocker.sock/v1.47/containers/json?filters=%7B%22name%22%3A%7B%22app%22%3Atrue%7D%7D": dial unix /var/run/docker.sock: connect: permission denied
Checking CPU usage for app replicas...
permission denied while trying to connect to the Docker daemon socket at unix:///var/run/docker.sock: Get "http://%2Fvar%2Frun%2Fdocker.sock/v1.47/containers/json?filters=%7B%22name%22%3A%7B%22app%22%3Atrue%7D%7D": dial unix /var/run/docker.sock: connect: permission denied
Checking CPU usage for app replicas...
permission denied while trying to connect to the Docker daemon socket at unix:///var/run/docker.sock: Get "http://%2Fvar%2Frun%2Fdocker.sock/v1.47/containers/json?filters=%7B%22name%22%3A%7B%22app%22%3Atrue%7D%7D": dial unix /var/run/docker.sock: connect: permission denied
Checking CPU usage for app replicas...
permission denied while trying to connect to the Docker daemon socket at unix:///var/run/docker.sock: Get "http://%2Fvar%2Frun%2Fdocker.sock/v1.47/containers/json?filters=%7B%22name%22%3A%7B%22app%22%3Atrue%7D%7D": dial unix /var/run/docker.sock: connect: permission denied
Checking CPU usage for app replicas...
permission denied while trying to connect to the Docker daemon socket at unix:///var/run/docker.sock: Get "http://%2Fvar%2Frun%2Fdocker.sock/v1.47/containers/json?filters=%7B%22name%22%3A%7B%22app%22%3Atrue%7D%7D": dial unix /var/run/docker.sock: connect: permission denied
Checking CPU usage for app replicas...
Checking CPU usage for app replicas...
permission denied while trying to connect to the Docker daemon socket at unix:///var/run/docker.sock: Get "http://%2Fvar%2Frun%2Fdocker.sock/v1.47/containers/json?filters=%7B%22name%22%3A%7B%22app%22%3Atrue%7D%7D": dial unix /var/run/docker.sock: connect: permission denied
permission denied while trying to connect to the Docker daemon socket at unix:///var/run/docker.sock: Get "http://%2Fvar%2Frun%2Fdocker.sock/v1.47/containers/json?filters=%7B%22name%22%3A%7B%22app%22%3Atrue%7D%7D": dial unix /var/run/docker.sock: connect: permission denied
Checking CPU usage for app replicas...
permission denied while trying to connect to the Docker daemon socket at unix:///var/run/docker.sock: Get "http://%2Fvar%2Frun%2Fdocker.sock/v1.47/containers/json?filters=%7B%22name%22%3A%7B%22app%22%3Atrue%7D%7D": dial unix /var/run/docker.sock: connect: permission denied
Scaling service app to 1 replicas.
no configuration file provided: not found
Checking CPU usage for app replicas...
Checking CPU usage for app replicas...
permission denied while trying to connect to the Docker daemon socket at unix:///var/run/docker.sock: Get "http://%2Fvar%2Frun%2Fdocker.sock/v1.47/containers/json?filters=%7B%22name%22%3A%7B%22app%22%3Atrue%7D%7D": dial unix /var/run/docker.sock: connect: permission denied
Checking CPU usage for app replicas...
permission denied while trying to connect to the Docker daemon socket at unix:///var/run/docker.sock: Get "http://%2Fvar%2Frun%2Fdocker.sock/v1.47/containers/json?filters=%7B%22name%22%3A%7B%22app%22%3Atrue%7D%7D": dial unix /var/run/docker.sock: connect: permission denied
Checking CPU usage for app replicas...
Checking CPU usage for app replicas...
permission denied while trying to connect to the Docker daemon socket at unix:///var/run/docker.sock: Get "http://%2Fvar%2Frun%2Fdocker.sock/v1.47/containers/json?filters=%7B%22name%22%3A%7B%22app%22%3Atrue%7D%7D": dial unix /var/run/docker.sock: connect: permission denied
permission denied while trying to connect to the Docker daemon socket at unix:///var/run/docker.sock: Get "http://%2Fvar%2Frun%2Fdocker.sock/v1.47/containers/json?filters=%7B%22name%22%3A%7B%22app%22%3Atrue%7D%7D": dial unix /var/run/docker.sock: connect: permission denied
Checking CPU usage for app replicas...
permission denied while trying to connect to the Docker daemon socket at unix:///var/run/docker.sock: Get "http://%2Fvar%2Frun%2Fdocker.sock/v1.47/containers/json?filters=%7B%22name%22%3A%7B%22app%22%3Atrue%7D%7D": dial unix /var/run/docker.sock: connect: permission denied
Checking CPU usage for app replicas...
permission denied while trying to connect to the Docker daemon socket at unix:///var/run/docker.sock: Get "http://%2Fvar%2Frun%2Fdocker.sock/v1.47/containers/json?filters=%7B%22name%22%3A%7B%22app%22%3Atrue%7D%7D": dial unix /var/run/docker.sock: connect: permission denied
Checking CPU usage for app replicas...
Checking CPU usage for app replicas...
Container ID: 23d4c9c66a10 | CPU Usage: 0.16%
permission denied while trying to connect to the Docker daemon socket at unix:///var/run/docker.sock: Get "http://%2Fvar%2Frun%2Fdocker.sock/v1.47/containers/json?filters=%7B%22name%22%3A%7B%22app%22%3Atrue%7D%7D": dial unix /var/run/docker.sock: connect: permission denied
permission denied while trying to connect to the Docker daemon socket at unix:///var/run/docker.sock: Get "http://%2Fvar%2Frun%2Fdocker.sock/v1.47/containers/json?filters=%7B%22name%22%3A%7B%22app%22%3Atrue%7D%7D": dial unix /var/run/docker.sock: connect: permission denied
/mnt/c/Users/User/Desktop/devopsP2/auto_scaling.sh: line 42: bc: command not found
Container ID: 9bdfc9452f52 | CPU Usage: 0.14%
/mnt/c/Users/User/Desktop/devopsP2/auto_scaling.sh: line 42: bc: command not found
Checking CPU usage for app replicas...
permission denied while trying to connect to the Docker daemon socket at unix:///var/run/docker.sock: Get "http://%2Fvar%2Frun%2Fdocker.sock/v1.47/containers/json?filters=%7B%22name%22%3A%7B%22app%22%3Atrue%7D%7D": dial unix /var/run/docker.sock: connect: permission denied
Container ID: 640d43702b48 | CPU Usage: 0.19%
/mnt/c/Users/User/Desktop/devopsP2/auto_scaling.sh: line 42: bc: command not found
Checking CPU usage for app replicas...
permission denied while trying to connect to the Docker daemon socket at unix:///var/run/docker.sock: Get "http://%2Fvar%2Frun%2Fdocker.sock/v1.47/containers/json?filters=%7B%22name%22%3A%7B%22app%22%3Atrue%7D%7D": dial unix /var/run/docker.sock: connect: permission denied
Checking CPU usage for app replicas...
permission denied while trying to connect to the Docker daemon socket at unix:///var/run/docker.sock: Get "http://%2Fvar%2Frun%2Fdocker.sock/v1.47/containers/json?filters=%7B%22name%22%3A%7B%22app%22%3Atrue%7D%7D": dial unix /var/run/docker.sock: connect: permission denied
Checking CPU usage for app replicas...
Checking CPU usage for app replicas...
permission denied while trying to connect to the Docker daemon socket at unix:///var/run/docker.sock: Get "http://%2Fvar%2Frun%2Fdocker.sock/v1.47/containers/json?filters=%7B%22name%22%3A%7B%22app%22%3Atrue%7D%7D": dial unix /var/run/docker.sock: connect: permission denied
Checking CPU usage for app replicas...
permission denied while trying to connect to the Docker daemon socket at unix:///var/run/docker.sock: Get "http://%2Fvar%2Frun%2Fdocker.sock/v1.47/containers/json?filters=%7B%22name%22%3A%7B%22app%22%3Atrue%7D%7D": dial unix /var/run/docker.sock: connect: permission denied
permission denied while trying to connect to the Docker daemon socket at unix:///var/run/docker.sock: Get "http://%2Fvar%2Frun%2Fdocker.sock/v1.47/containers/json?filters=%7B%22name%22%3A%7B%22app%22%3Atrue%7D%7D": dial unix /var/run/docker.sock: connect: permission denied
Checking CPU usage for app replicas...
permission denied while trying to connect to the Docker daemon socket at unix:///var/run/docker.sock: Get "http://%2Fvar%2Frun%2Fdocker.sock/v1.47/containers/json?filters=%7B%22name%22%3A%7B%22app%22%3Atrue%7D%7D": dial unix /var/run/docker.sock: connect: permission denied
Checking CPU usage for app replicas...
Checking CPU usage for app replicas...
permission denied while trying to connect to the Docker daemon socket at unix:///var/run/docker.sock: Get "http://%2Fvar%2Frun%2Fdocker.sock/v1.47/containers/json?filters=%7B%22name%22%3A%7B%22app%22%3Atrue%7D%7D": dial unix /var/run/docker.sock: connect: permission denied
permission denied while trying to connect to the Docker daemon socket at unix:///var/run/docker.sock: Get "http://%2Fvar%2Frun%2Fdocker.sock/v1.47/containers/json?filters=%7B%22name%22%3A%7B%22app%22%3Atrue%7D%7D": dial unix /var/run/docker.sock: connect: permission denied
Checking CPU usage for app replicas...
permission denied while trying to connect to the Docker daemon socket at unix:///var/run/docker.sock: Get "http://%2Fvar%2Frun%2Fdocker.sock/v1.47/containers/json?filters=%7B%22name%22%3A%7B%22app%22%3Atrue%7D%7D": dial unix /var/run/docker.sock: connect: permission denied
Checking CPU usage for app replicas...
Container ID: 23d4c9c66a10 | CPU Usage: 0.14%
/mnt/c/Users/User/Desktop/devopsP2/auto_scaling.sh: line 42: bc: command not found
Container ID: 9bdfc9452f52 | CPU Usage: 0.15%
/mnt/c/Users/User/Desktop/devopsP2/auto_scaling.sh: line 42: bc: command not found
Container ID: 640d43702b48 | CPU Usage: 0.17%
/mnt/c/Users/User/Desktop/devopsP2/auto_scaling.sh: line 42: bc: command not found
Scaling service app to 1 replicas.
no configuration file provided: not found
Checking CPU usage for app replicas...
Checking CPU usage for app replicas...
permission denied while trying to connect to the Docker daemon socket at unix:///var/run/docker.sock: Get "http://%2Fvar%2Frun%2Fdocker.sock/v1.47/containers/json?filters=%7B%22name%22%3A%7B%22app%22%3Atrue%7D%7D": dial unix /var/run/docker.sock: connect: permission denied
Checking CPU usage for app replicas...
permission denied while trying to connect to the Docker daemon socket at unix:///var/run/docker.sock: Get "http://%2Fvar%2Frun%2Fdocker.sock/v1.47/containers/json?filters=%7B%22name%22%3A%7B%22app%22%3Atrue%7D%7D": dial unix /var/run/docker.sock: connect: permission denied
Container ID: 23d4c9c66a10 | CPU Usage: 0.14%
/mnt/c/Users/User/Desktop/devopsP2/auto_scaling.sh: line 42: bc: command not found
Checking CPU usage for app replicas...
Checking CPU usage for app replicas...
permission denied while trying to connect to the Docker daemon socket at unix:///var/run/docker.sock: Get "http://%2Fvar%2Frun%2Fdocker.sock/v1.47/containers/json?filters=%7B%22name%22%3A%7B%22app%22%3Atrue%7D%7D": dial unix /var/run/docker.sock: connect: permission denied
Checking CPU usage for app replicas...
permission denied while trying to connect to the Docker daemon socket at unix:///var/run/docker.sock: Get "http://%2Fvar%2Frun%2Fdocker.sock/v1.47/containers/json?filters=%7B%22name%22%3A%7B%22app%22%3Atrue%7D%7D": dial unix /var/run/docker.sock: connect: permission denied
permission denied while trying to connect to the Docker daemon socket at unix:///var/run/docker.sock: Get "http://%2Fvar%2Frun%2Fdocker.sock/v1.47/containers/json?filters=%7B%22name%22%3A%7B%22app%22%3Atrue%7D%7D": dial unix /var/run/docker.sock: connect: permission denied
Checking CPU usage for app replicas...
permission denied while trying to connect to the Docker daemon socket at unix:///var/run/docker.sock: Get "http://%2Fvar%2Frun%2Fdocker.sock/v1.47/containers/json?filters=%7B%22name%22%3A%7B%22app%22%3Atrue%7D%7D": dial unix /var/run/docker.sock: connect: permission denied
Checking CPU usage for app replicas...
Checking CPU usage for app replicas...
permission denied while trying to connect to the Docker daemon socket at unix:///var/run/docker.sock: Get "http://%2Fvar%2Frun%2Fdocker.sock/v1.47/containers/json?filters=%7B%22name%22%3A%7B%22app%22%3Atrue%7D%7D": dial unix /var/run/docker.sock: connect: permission denied
permission denied while trying to connect to the Docker daemon socket at unix:///var/run/docker.sock: Get "http://%2Fvar%2Frun%2Fdocker.sock/v1.47/containers/json?filters=%7B%22name%22%3A%7B%22app%22%3Atrue%7D%7D": dial unix /var/run/docker.sock: connect: permission denied
Container ID: 9bdfc9452f52 | CPU Usage: 0.16%
/mnt/c/Users/User/Desktop/devopsP2/auto_scaling.sh: line 42: bc: command not found
Container ID: 640d43702b48 | CPU Usage: 0.15%
/mnt/c/Users/User/Desktop/devopsP2/auto_scaling.sh: line 42: bc: command not found
Checking CPU usage for app replicas...
permission denied while trying to connect to the Docker daemon socket at unix:///var/run/docker.sock: Get "http://%2Fvar%2Frun%2Fdocker.sock/v1.47/containers/json?filters=%7B%22name%22%3A%7B%22app%22%3Atrue%7D%7D": dial unix /var/run/docker.sock: connect: permission denied
Checking CPU usage for app replicas...
Container ID: 23d4c9c66a10 | CPU Usage: 0.13%
/mnt/c/Users/User/Desktop/devopsP2/auto_scaling.sh: line 42: bc: command not found
Container ID: 9bdfc9452f52 | CPU Usage: 0.16%
/mnt/c/Users/User/Desktop/devopsP2/auto_scaling.sh: line 42: bc: command not found
Container ID: 640d43702b48 | CPU Usage: 0.13%
/mnt/c/Users/User/Desktop/devopsP2/auto_scaling.sh: line 42: bc: command not found
Checking CPU usage for app replicas...
permission denied while trying to connect to the Docker daemon socket at unix:///var/run/docker.sock: Get "http://%2Fvar%2Frun%2Fdocker.sock/v1.47/containers/json?filters=%7B%22name%22%3A%7B%22app%22%3Atrue%7D%7D": dial unix /var/run/docker.sock: connect: permission denied
Checking CPU usage for app replicas...
permission denied while trying to connect to the Docker daemon socket at unix:///var/run/docker.sock: Get "http://%2Fvar%2Frun%2Fdocker.sock/v1.47/containers/json?filters=%7B%22name%22%3A%7B%22app%22%3Atrue%7D%7D": dial unix /var/run/docker.sock: connect: permission denied
Checking CPU usage for app replicas...
Checking CPU usage for app replicas...
Checking CPU usage for app replicas...
Checking CPU usage for app replicas...
permission denied while trying to connect to the Docker daemon socket at unix:///var/run/docker.sock: Get "http://%2Fvar%2Frun%2Fdocker.sock/v1.47/containers/json?filters=%7B%22name%22%3A%7B%22app%22%3Atrue%7D%7D": dial unix /var/run/docker.sock: connect: permission denied
permission denied while trying to connect to the Docker daemon socket at unix:///var/run/docker.sock: Get "http://%2Fvar%2Frun%2Fdocker.sock/v1.47/containers/json?filters=%7B%22name%22%3A%7B%22app%22%3Atrue%7D%7D": dial unix /var/run/docker.sock: connect: permission denied
permission denied while trying to connect to the Docker daemon socket at unix:///var/run/docker.sock: Get "http://%2Fvar%2Frun%2Fdocker.sock/v1.47/containers/json?filters=%7B%22name%22%3A%7B%22app%22%3Atrue%7D%7D": dial unix /var/run/docker.sock: connect: permission denied
Checking CPU usage for app replicas...
Checking CPU usage for app replicas...
permission denied while trying to connect to the Docker daemon socket at unix:///var/run/docker.sock: Get "http://%2Fvar%2Frun%2Fdocker.sock/v1.47/containers/json?filters=%7B%22name%22%3A%7B%22app%22%3Atrue%7D%7D": dial unix /var/run/docker.sock: connect: permission denied
permission denied while trying to connect to the Docker daemon socket at unix:///var/run/docker.sock: Get "http://%2Fvar%2Frun%2Fdocker.sock/v1.47/containers/json?filters=%7B%22name%22%3A%7B%22app%22%3Atrue%7D%7D": dial unix /var/run/docker.sock: connect: permission denied
permission denied while trying to connect to the Docker daemon socket at unix:///var/run/docker.sock: Get "http://%2Fvar%2Frun%2Fdocker.sock/v1.47/containers/json?filters=%7B%22name%22%3A%7B%22app%22%3Atrue%7D%7D": dial unix /var/run/docker.sock: connect: permission denied
Checking CPU usage for app replicas...
Checking CPU usage for app replicas...
permission denied while trying to connect to the Docker daemon socket at unix:///var/run/docker.sock: Get "http://%2Fvar%2Frun%2Fdocker.sock/v1.47/containers/json?filters=%7B%22name%22%3A%7B%22app%22%3Atrue%7D%7D": dial unix /var/run/docker.sock: connect: permission denied
Container ID: 23d4c9c66a10 | CPU Usage: 0.17%
/mnt/c/Users/User/Desktop/devopsP2/auto_scaling.sh: line 42: bc: command not found
Container ID: 9bdfc9452f52 | CPU Usage: 0.15%
/mnt/c/Users/User/Desktop/devopsP2/auto_scaling.sh: line 42: bc: command not found
Container ID: 640d43702b48 | CPU Usage: 0.14%
/mnt/c/Users/User/Desktop/devopsP2/auto_scaling.sh: line 42: bc: command not found
Checking CPU usage for app replicas...
Container ID: 23d4c9c66a10 | CPU Usage: 0.17%
/mnt/c/Users/User/Desktop/devopsP2/auto_scaling.sh: line 42: bc: command not found
Container ID: 9bdfc9452f52 | CPU Usage: 0.13%
/mnt/c/Users/User/Desktop/devopsP2/auto_scaling.sh: line 42: bc: command not found
Container ID: 640d43702b48 | CPU Usage: 0.15%
/mnt/c/Users/User/Desktop/devopsP2/auto_scaling.sh: line 42: bc: command not found
Scaling service app to 1 replicas.
no configuration file provided: not found
Checking CPU usage for app replicas...
Checking CPU usage for app replicas...
permission denied while trying to connect to the Docker daemon socket at unix:///var/run/docker.sock: Get "http://%2Fvar%2Frun%2Fdocker.sock/v1.47/containers/json?filters=%7B%22name%22%3A%7B%22app%22%3Atrue%7D%7D": dial unix /var/run/docker.sock: connect: permission denied
Checking CPU usage for app replicas...
permission denied while trying to connect to the Docker daemon socket at unix:///var/run/docker.sock: Get "http://%2Fvar%2Frun%2Fdocker.sock/v1.47/containers/json?filters=%7B%22name%22%3A%7B%22app%22%3Atrue%7D%7D": dial unix /var/run/docker.sock: connect: permission denied
Container ID: 23d4c9c66a10 | CPU Usage: 0.19%
/mnt/c/Users/User/Desktop/devopsP2/auto_scaling.sh: line 42: bc: command not found
Checking CPU usage for app replicas...
permission denied while trying to connect to the Docker daemon socket at unix:///var/run/docker.sock: Get "http://%2Fvar%2Frun%2Fdocker.sock/v1.47/containers/json?filters=%7B%22name%22%3A%7B%22app%22%3Atrue%7D%7D": dial unix /var/run/docker.sock: connect: permission denied
Checking CPU usage for app replicas...
permission denied while trying to connect to the Docker daemon socket at unix:///var/run/docker.sock: Get "http://%2Fvar%2Frun%2Fdocker.sock/v1.47/containers/json?filters=%7B%22name%22%3A%7B%22app%22%3Atrue%7D%7D": dial unix /var/run/docker.sock: connect: permission denied
Checking CPU usage for app replicas...
permission denied while trying to connect to the Docker daemon socket at unix:///var/run/docker.sock: Get "http://%2Fvar%2Frun%2Fdocker.sock/v1.47/containers/json?filters=%7B%22name%22%3A%7B%22app%22%3Atrue%7D%7D": dial unix /var/run/docker.sock: connect: permission denied
Checking CPU usage for app replicas...
Checking CPU usage for app replicas...
permission denied while trying to connect to the Docker daemon socket at unix:///var/run/docker.sock: Get "http://%2Fvar%2Frun%2Fdocker.sock/v1.47/containers/json?filters=%7B%22name%22%3A%7B%22app%22%3Atrue%7D%7D": dial unix /var/run/docker.sock: connect: permission denied
permission denied while trying to connect to the Docker daemon socket at unix:///var/run/docker.sock: Get "http://%2Fvar%2Frun%2Fdocker.sock/v1.47/containers/json?filters=%7B%22name%22%3A%7B%22app%22%3Atrue%7D%7D": dial unix /var/run/docker.sock: connect: permission denied
Checking CPU usage for app replicas...
permission denied while trying to connect to the Docker daemon socket at unix:///var/run/docker.sock: Get "http://%2Fvar%2Frun%2Fdocker.sock/v1.47/containers/json?filters=%7B%22name%22%3A%7B%22app%22%3Atrue%7D%7D": dial unix /var/run/docker.sock: connect: permission denied
Container ID: 9bdfc9452f52 | CPU Usage: 0.15%
/mnt/c/Users/User/Desktop/devopsP2/auto_scaling.sh: line 42: bc: command not found
Container ID: 640d43702b48 | CPU Usage: 0.15%
/mnt/c/Users/User/Desktop/devopsP2/auto_scaling.sh: line 42: bc: command not found
Checking CPU usage for app replicas...
permission denied while trying to connect to the Docker daemon socket at unix:///var/run/docker.sock: Get "http://%2Fvar%2Frun%2Fdocker.sock/v1.47/containers/json?filters=%7B%22name%22%3A%7B%22app%22%3Atrue%7D%7D": dial unix /var/run/docker.sock: connect: permission denied
Checking CPU usage for app replicas...
Container ID: 23d4c9c66a10 | CPU Usage: 0.16%
/mnt/c/Users/User/Desktop/devopsP2/auto_scaling.sh: line 42: bc: command not found
Container ID: 9bdfc9452f52 | CPU Usage: 0.15%
/mnt/c/Users/User/Desktop/devopsP2/auto_scaling.sh: line 42: bc: command not found
Container ID: 640d43702b48 | CPU Usage: 0.17%
/mnt/c/Users/User/Desktop/devopsP2/auto_scaling.sh: line 42: bc: command not found
Checking CPU usage for app replicas...
Container ID: 23d4c9c66a10 | CPU Usage: 0.17%
/mnt/c/Users/User/Desktop/devopsP2/auto_scaling.sh: line 42: bc: command not found
Checking CPU usage for app replicas...
permission denied while trying to connect to the Docker daemon socket at unix:///var/run/docker.sock: Get "http://%2Fvar%2Frun%2Fdocker.sock/v1.47/containers/json?filters=%7B%22name%22%3A%7B%22app%22%3Atrue%7D%7D": dial unix /var/run/docker.sock: connect: permission denied
Container ID: 9bdfc9452f52 | CPU Usage: 0.15%
/mnt/c/Users/User/Desktop/devopsP2/auto_scaling.sh: line 42: bc: command not found
Checking CPU usage for app replicas...
permission denied while trying to connect to the Docker daemon socket at unix:///var/run/docker.sock: Get "http://%2Fvar%2Frun%2Fdocker.sock/v1.47/containers/json?filters=%7B%22name%22%3A%7B%22app%22%3Atrue%7D%7D": dial unix /var/run/docker.sock: connect: permission denied
Container ID: 640d43702b48 | CPU Usage: 0.13%
/mnt/c/Users/User/Desktop/devopsP2/auto_scaling.sh: line 42: bc: command not found
Checking CPU usage for app replicas...
permission denied while trying to connect to the Docker daemon socket at unix:///var/run/docker.sock: Get "http://%2Fvar%2Frun%2Fdocker.sock/v1.47/containers/json?filters=%7B%22name%22%3A%7B%22app%22%3Atrue%7D%7D": dial unix /var/run/docker.sock: connect: permission denied
Checking CPU usage for app replicas...
permission denied while trying to connect to the Docker daemon socket at unix:///var/run/docker.sock: Get "http://%2Fvar%2Frun%2Fdocker.sock/v1.47/containers/json?filters=%7B%22name%22%3A%7B%22app%22%3Atrue%7D%7D": dial unix /var/run/docker.sock: connect: permission denied
Checking CPU usage for app replicas...
permission denied while trying to connect to the Docker daemon socket at unix:///var/run/docker.sock: Get "http://%2Fvar%2Frun%2Fdocker.sock/v1.47/containers/json?filters=%7B%22name%22%3A%7B%22app%22%3Atrue%7D%7D": dial unix /var/run/docker.sock: connect: permission denied
Checking CPU usage for app replicas...
Checking CPU usage for app replicas...
permission denied while trying to connect to the Docker daemon socket at unix:///var/run/docker.sock: Get "http://%2Fvar%2Frun%2Fdocker.sock/v1.47/containers/json?filters=%7B%22name%22%3A%7B%22app%22%3Atrue%7D%7D": dial unix /var/run/docker.sock: connect: permission denied
permission denied while trying to connect to the Docker daemon socket at unix:///var/run/docker.sock: Get "http://%2Fvar%2Frun%2Fdocker.sock/v1.47/containers/json?filters=%7B%22name%22%3A%7B%22app%22%3Atrue%7D%7D": dial unix /var/run/docker.sock: connect: permission denied
Checking CPU usage for app replicas...
permission denied while trying to connect to the Docker daemon socket at unix:///var/run/docker.sock: Get "http://%2Fvar%2Frun%2Fdocker.sock/v1.47/containers/json?filters=%7B%22name%22%3A%7B%22app%22%3Atrue%7D%7D": dial unix /var/run/docker.sock: connect: permission denied
Checking CPU usage for app replicas...
Checking CPU usage for app replicas...
permission denied while trying to connect to the Docker daemon socket at unix:///var/run/docker.sock: Get "http://%2Fvar%2Frun%2Fdocker.sock/v1.47/containers/json?filters=%7B%22name%22%3A%7B%22app%22%3Atrue%7D%7D": dial unix /var/run/docker.sock: connect: permission denied
Container ID: 23d4c9c66a10 | CPU Usage: 0.13%
/mnt/c/Users/User/Desktop/devopsP2/auto_scaling.sh: line 42: bc: command not found
Container ID: 9bdfc9452f52 | CPU Usage: 0.14%
/mnt/c/Users/User/Desktop/devopsP2/auto_scaling.sh: line 42: bc: command not found
Container ID: 640d43702b48 | CPU Usage: 0.18%
/mnt/c/Users/User/Desktop/devopsP2/auto_scaling.sh: line 42: bc: command not found
Checking CPU usage for app replicas...
Container ID: 23d4c9c66a10 | CPU Usage: 0.15%
/mnt/c/Users/User/Desktop/devopsP2/auto_scaling.sh: line 42: bc: command not found
Container ID: 9bdfc9452f52 | CPU Usage: 0.21%
/mnt/c/Users/User/Desktop/devopsP2/auto_scaling.sh: line 42: bc: command not found
Container ID: 640d43702b48 | CPU Usage: 0.13%
/mnt/c/Users/User/Desktop/devopsP2/auto_scaling.sh: line 42: bc: command not found
Scaling service app to 1 replicas.
no configuration file provided: not found
Checking CPU usage for app replicas...
Checking CPU usage for app replicas...
permission denied while trying to connect to the Docker daemon socket at unix:///var/run/docker.sock: Get "http://%2Fvar%2Frun%2Fdocker.sock/v1.47/containers/json?filters=%7B%22name%22%3A%7B%22app%22%3Atrue%7D%7D": dial unix /var/run/docker.sock: connect: permission denied
Container ID: 23d4c9c66a10 | CPU Usage: 0.13%
/mnt/c/Users/User/Desktop/devopsP2/auto_scaling.sh: line 42: bc: command not found
Checking CPU usage for app replicas...
permission denied while trying to connect to the Docker daemon socket at unix:///var/run/docker.sock: Get "http://%2Fvar%2Frun%2Fdocker.sock/v1.47/containers/json?filters=%7B%22name%22%3A%7B%22app%22%3Atrue%7D%7D": dial unix /var/run/docker.sock: connect: permission denied
Checking CPU usage for app replicas...
Container ID: 9bdfc9452f52 | CPU Usage: 0.14%
/mnt/c/Users/User/Desktop/devopsP2/auto_scaling.sh: line 42: bc: command not found
Checking CPU usage for app replicas...
permission denied while trying to connect to the Docker daemon socket at unix:///var/run/docker.sock: Get "http://%2Fvar%2Frun%2Fdocker.sock/v1.47/containers/json?filters=%7B%22name%22%3A%7B%22app%22%3Atrue%7D%7D": dial unix /var/run/docker.sock: connect: permission denied
Checking CPU usage for app replicas...
permission denied while trying to connect to the Docker daemon socket at unix:///var/run/docker.sock: Get "http://%2Fvar%2Frun%2Fdocker.sock/v1.47/containers/json?filters=%7B%22name%22%3A%7B%22app%22%3Atrue%7D%7D": dial unix /var/run/docker.sock: connect: permission denied
Checking CPU usage for app replicas...
permission denied while trying to connect to the Docker daemon socket at unix:///var/run/docker.sock: Get "http://%2Fvar%2Frun%2Fdocker.sock/v1.47/containers/json?filters=%7B%22name%22%3A%7B%22app%22%3Atrue%7D%7D": dial unix /var/run/docker.sock: connect: permission denied
Checking CPU usage for app replicas...
Checking CPU usage for app replicas...
permission denied while trying to connect to the Docker daemon socket at unix:///var/run/docker.sock: Get "http://%2Fvar%2Frun%2Fdocker.sock/v1.47/containers/json?filters=%7B%22name%22%3A%7B%22app%22%3Atrue%7D%7D": dial unix /var/run/docker.sock: connect: permission denied
permission denied while trying to connect to the Docker daemon socket at unix:///var/run/docker.sock: Get "http://%2Fvar%2Frun%2Fdocker.sock/v1.47/containers/json?filters=%7B%22name%22%3A%7B%22app%22%3Atrue%7D%7D": dial unix /var/run/docker.sock: connect: permission denied
Checking CPU usage for app replicas...
permission denied while trying to connect to the Docker daemon socket at unix:///var/run/docker.sock: Get "http://%2Fvar%2Frun%2Fdocker.sock/v1.47/containers/json?filters=%7B%22name%22%3A%7B%22app%22%3Atrue%7D%7D": dial unix /var/run/docker.sock: connect: permission denied
Container ID: 640d43702b48 | CPU Usage: 0.53%
/mnt/c/Users/User/Desktop/devopsP2/auto_scaling.sh: line 42: bc: command not found
Container ID: 23d4c9c66a10 | CPU Usage: 0.13%
/mnt/c/Users/User/Desktop/devopsP2/auto_scaling.sh: line 42: bc: command not found
Checking CPU usage for app replicas...
permission denied while trying to connect to the Docker daemon socket at unix:///var/run/docker.sock: Get "http://%2Fvar%2Frun%2Fdocker.sock/v1.47/containers/json?filters=%7B%22name%22%3A%7B%22app%22%3Atrue%7D%7D": dial unix /var/run/docker.sock: connect: permission denied
Container ID: 9bdfc9452f52 | CPU Usage: 0.14%
/mnt/c/Users/User/Desktop/devopsP2/auto_scaling.sh: line 42: bc: command not found
Container ID: 640d43702b48 | CPU Usage: 0.16%
/mnt/c/Users/User/Desktop/devopsP2/auto_scaling.sh: line 42: bc: command not found
Checking CPU usage for app replicas...
Container ID: 23d4c9c66a10 | CPU Usage: 0.19%
/mnt/c/Users/User/Desktop/devopsP2/auto_scaling.sh: line 42: bc: command not found
Container ID: 9bdfc9452f52 | CPU Usage: 0.18%
/mnt/c/Users/User/Desktop/devopsP2/auto_scaling.sh: line 42: bc: command not found
Container ID: 640d43702b48 | CPU Usage: 0.17%
/mnt/c/Users/User/Desktop/devopsP2/auto_scaling.sh: line 42: bc: command not found
Checking CPU usage for app replicas...
Container ID: 23d4c9c66a10 | CPU Usage: 0.12%
/mnt/c/Users/User/Desktop/devopsP2/auto_scaling.sh: line 42: bc: command not found
Container ID: 9bdfc9452f52 | CPU Usage: 0.12%
/mnt/c/Users/User/Desktop/devopsP2/auto_scaling.sh: line 42: bc: command not found
Checking CPU usage for app replicas...
permission denied while trying to connect to the Docker daemon socket at unix:///var/run/docker.sock: Get "http://%2Fvar%2Frun%2Fdocker.sock/v1.47/containers/json?filters=%7B%22name%22%3A%7B%22app%22%3Atrue%7D%7D": dial unix /var/run/docker.sock: connect: permission denied
Checking CPU usage for app replicas...
permission denied while trying to connect to the Docker daemon socket at unix:///var/run/docker.sock: Get "http://%2Fvar%2Frun%2Fdocker.sock/v1.47/containers/json?filters=%7B%22name%22%3A%7B%22app%22%3Atrue%7D%7D": dial unix /var/run/docker.sock: connect: permission denied
Container ID: 640d43702b48 | CPU Usage: 0.45%
/mnt/c/Users/User/Desktop/devopsP2/auto_scaling.sh: line 42: bc: command not found
Checking CPU usage for app replicas...
permission denied while trying to connect to the Docker daemon socket at unix:///var/run/docker.sock: Get "http://%2Fvar%2Frun%2Fdocker.sock/v1.47/containers/json?filters=%7B%22name%22%3A%7B%22app%22%3Atrue%7D%7D": dial unix /var/run/docker.sock: connect: permission denied
Checking CPU usage for app replicas...
permission denied while trying to connect to the Docker daemon socket at unix:///var/run/docker.sock: Get "http://%2Fvar%2Frun%2Fdocker.sock/v1.47/containers/json?filters=%7B%22name%22%3A%7B%22app%22%3Atrue%7D%7D": dial unix /var/run/docker.sock: connect: permission denied
Checking CPU usage for app replicas...
permission denied while trying to connect to the Docker daemon socket at unix:///var/run/docker.sock: Get "http://%2Fvar%2Frun%2Fdocker.sock/v1.47/containers/json?filters=%7B%22name%22%3A%7B%22app%22%3Atrue%7D%7D": dial unix /var/run/docker.sock: connect: permission denied
Checking CPU usage for app replicas...
Checking CPU usage for app replicas...
Checking CPU usage for app replicas...
permission denied while trying to connect to the Docker daemon socket at unix:///var/run/docker.sock: Get "http://%2Fvar%2Frun%2Fdocker.sock/v1.47/containers/json?filters=%7B%22name%22%3A%7B%22app%22%3Atrue%7D%7D": dial unix /var/run/docker.sock: connect: permission denied
permission denied while trying to connect to the Docker daemon socket at unix:///var/run/docker.sock: Get "http://%2Fvar%2Frun%2Fdocker.sock/v1.47/containers/json?filters=%7B%22name%22%3A%7B%22app%22%3Atrue%7D%7D": dial unix /var/run/docker.sock: connect: permission denied
permission denied while trying to connect to the Docker daemon socket at unix:///var/run/docker.sock: Get "http://%2Fvar%2Frun%2Fdocker.sock/v1.47/containers/json?filters=%7B%22name%22%3A%7B%22app%22%3Atrue%7D%7D": dial unix /var/run/docker.sock: connect: permission denied
Checking CPU usage for app replicas...
Checking CPU usage for app replicas...
permission denied while trying to connect to the Docker daemon socket at unix:///var/run/docker.sock: Get "http://%2Fvar%2Frun%2Fdocker.sock/v1.47/containers/json?filters=%7B%22name%22%3A%7B%22app%22%3Atrue%7D%7D": dial unix /var/run/docker.sock: connect: permission denied
Container ID: 23d4c9c66a10 | CPU Usage: 0.17%
/mnt/c/Users/User/Desktop/devopsP2/auto_scaling.sh: line 42: bc: command not found
Container ID: 9bdfc9452f52 | CPU Usage: 0.16%
/mnt/c/Users/User/Desktop/devopsP2/auto_scaling.sh: line 42: bc: command not found
Checking CPU usage for app replicas...
Container ID: 640d43702b48 | CPU Usage: 0.20%
Container ID: 23d4c9c66a10 | CPU Usage: 0.14%
/mnt/c/Users/User/Desktop/devopsP2/auto_scaling.sh: line 42: bc: command not found
/mnt/c/Users/User/Desktop/devopsP2/auto_scaling.sh: line 42: bc: command not found
Container ID: 9bdfc9452f52 | CPU Usage: 0.25%
/mnt/c/Users/User/Desktop/devopsP2/auto_scaling.sh: line 42: bc: command not found
Container ID: 640d43702b48 | CPU Usage: 0.15%
/mnt/c/Users/User/Desktop/devopsP2/auto_scaling.sh: line 42: bc: command not found
Checking CPU usage for app replicas...
Container ID: 23d4c9c66a10 | CPU Usage: 0.15%
/mnt/c/Users/User/Desktop/devopsP2/auto_scaling.sh: line 42: bc: command not found
Container ID: 9bdfc9452f52 | CPU Usage: 0.44%
/mnt/c/Users/User/Desktop/devopsP2/auto_scaling.sh: line 42: bc: command not found
Container ID: 640d43702b48 | CPU Usage: 0.14%
/mnt/c/Users/User/Desktop/devopsP2/auto_scaling.sh: line 42: bc: command not found
Scaling service app to 1 replicas.
no configuration file provided: not found
Checking CPU usage for app replicas...
Checking CPU usage for app replicas...
permission denied while trying to connect to the Docker daemon socket at unix:///var/run/docker.sock: Get "http://%2Fvar%2Frun%2Fdocker.sock/v1.47/containers/json?filters=%7B%22name%22%3A%7B%22app%22%3Atrue%7D%7D": dial unix /var/run/docker.sock: connect: permission denied
Checking CPU usage for app replicas...
permission denied while trying to connect to the Docker daemon socket at unix:///var/run/docker.sock: Get "http://%2Fvar%2Frun%2Fdocker.sock/v1.47/containers/json?filters=%7B%22name%22%3A%7B%22app%22%3Atrue%7D%7D": dial unix /var/run/docker.sock: connect: permission denied
Container ID: 23d4c9c66a10 | CPU Usage: 0.15%
Checking CPU usage for app replicas...
/mnt/c/Users/User/Desktop/devopsP2/auto_scaling.sh: line 42: bc: command not found
Checking CPU usage for app replicas...
permission denied while trying to connect to the Docker daemon socket at unix:///var/run/docker.sock: Get "http://%2Fvar%2Frun%2Fdocker.sock/v1.47/containers/json?filters=%7B%22name%22%3A%7B%22app%22%3Atrue%7D%7D": dial unix /var/run/docker.sock: connect: permission denied
Checking CPU usage for app replicas...
permission denied while trying to connect to the Docker daemon socket at unix:///var/run/docker.sock: Get "http://%2Fvar%2Frun%2Fdocker.sock/v1.47/containers/json?filters=%7B%22name%22%3A%7B%22app%22%3Atrue%7D%7D": dial unix /var/run/docker.sock: connect: permission denied
Checking CPU usage for app replicas...
permission denied while trying to connect to the Docker daemon socket at unix:///var/run/docker.sock: Get "http://%2Fvar%2Frun%2Fdocker.sock/v1.47/containers/json?filters=%7B%22name%22%3A%7B%22app%22%3Atrue%7D%7D": dial unix /var/run/docker.sock: connect: permission denied
Checking CPU usage for app replicas...
Checking CPU usage for app replicas...
Checking CPU usage for app replicas...
permission denied while trying to connect to the Docker daemon socket at unix:///var/run/docker.sock: Get "http://%2Fvar%2Frun%2Fdocker.sock/v1.47/containers/json?filters=%7B%22name%22%3A%7B%22app%22%3Atrue%7D%7D": dial unix /var/run/docker.sock: connect: permission denied
permission denied while trying to connect to the Docker daemon socket at unix:///var/run/docker.sock: Get "http://%2Fvar%2Frun%2Fdocker.sock/v1.47/containers/json?filters=%7B%22name%22%3A%7B%22app%22%3Atrue%7D%7D": dial unix /var/run/docker.sock: connect: permission denied
permission denied while trying to connect to the Docker daemon socket at unix:///var/run/docker.sock: Get "http://%2Fvar%2Frun%2Fdocker.sock/v1.47/containers/json?filters=%7B%22name%22%3A%7B%22app%22%3Atrue%7D%7D": dial unix /var/run/docker.sock: connect: permission denied
Container ID: 9bdfc9452f52 | CPU Usage: 0.15%
/mnt/c/Users/User/Desktop/devopsP2/auto_scaling.sh: line 42: bc: command not found
Container ID: 23d4c9c66a10 | CPU Usage: 0.26%
/mnt/c/Users/User/Desktop/devopsP2/auto_scaling.sh: line 42: bc: command not found
Container ID: 640d43702b48 | CPU Usage: 0.14%
/mnt/c/Users/User/Desktop/devopsP2/auto_scaling.sh: line 42: bc: command not found
Container ID: 9bdfc9452f52 | CPU Usage: 0.15%
/mnt/c/Users/User/Desktop/devopsP2/auto_scaling.sh: line 42: bc: command not found
Checking CPU usage for app replicas...
permission denied while trying to connect to the Docker daemon socket at unix:///var/run/docker.sock: Get "http://%2Fvar%2Frun%2Fdocker.sock/v1.47/containers/json?filters=%7B%22name%22%3A%7B%22app%22%3Atrue%7D%7D": dial unix /var/run/docker.sock: connect: permission denied
Container ID: 640d43702b48 | CPU Usage: 0.15%
/mnt/c/Users/User/Desktop/devopsP2/auto_scaling.sh: line 42: bc: command not found
Checking CPU usage for app replicas...
Container ID: 23d4c9c66a10 | CPU Usage: 0.14%
/mnt/c/Users/User/Desktop/devopsP2/auto_scaling.sh: line 42: bc: command not found
Container ID: 9bdfc9452f52 | CPU Usage: 0.15%
/mnt/c/Users/User/Desktop/devopsP2/auto_scaling.sh: line 42: bc: command not found
Checking CPU usage for app replicas...
Container ID: 640d43702b48 | CPU Usage: 0.14%
/mnt/c/Users/User/Desktop/devopsP2/auto_scaling.sh: line 42: bc: command not found
Container ID: 23d4c9c66a10 | CPU Usage: 0.14%
/mnt/c/Users/User/Desktop/devopsP2/auto_scaling.sh: line 42: bc: command not found
Container ID: 9bdfc9452f52 | CPU Usage: 0.18%
/mnt/c/Users/User/Desktop/devopsP2/auto_scaling.sh: line 42: bc: command not found
Container ID: 640d43702b48 | CPU Usage: 0.16%
/mnt/c/Users/User/Desktop/devopsP2/auto_scaling.sh: line 42: bc: command not found
Checking CPU usage for app replicas...
Container ID: 23d4c9c66a10 | CPU Usage: 0.14%
/mnt/c/Users/User/Desktop/devopsP2/auto_scaling.sh: line 42: bc: command not found
Container ID: 9bdfc9452f52 | CPU Usage: 0.17%
/mnt/c/Users/User/Desktop/devopsP2/auto_scaling.sh: line 42: bc: command not found
Checking CPU usage for app replicas...
permission denied while trying to connect to the Docker daemon socket at unix:///var/run/docker.sock: Get "http://%2Fvar%2Frun%2Fdocker.sock/v1.47/containers/json?filters=%7B%22name%22%3A%7B%22app%22%3Atrue%7D%7D": dial unix /var/run/docker.sock: connect: permission denied
Container ID: 640d43702b48 | CPU Usage: 0.15%
/mnt/c/Users/User/Desktop/devopsP2/auto_scaling.sh: line 42: bc: command not found
Checking CPU usage for app replicas...
permission denied while trying to connect to the Docker daemon socket at unix:///var/run/docker.sock: Get "http://%2Fvar%2Frun%2Fdocker.sock/v1.47/containers/json?filters=%7B%22name%22%3A%7B%22app%22%3Atrue%7D%7D": dial unix /var/run/docker.sock: connect: permission denied
Checking CPU usage for app replicas...
permission denied while trying to connect to the Docker daemon socket at unix:///var/run/docker.sock: Get "http://%2Fvar%2Frun%2Fdocker.sock/v1.47/containers/json?filters=%7B%22name%22%3A%7B%22app%22%3Atrue%7D%7D": dial unix /var/run/docker.sock: connect: permission denied
Checking CPU usage for app replicas...
permission denied while trying to connect to the Docker daemon socket at unix:///var/run/docker.sock: Get "http://%2Fvar%2Frun%2Fdocker.sock/v1.47/containers/json?filters=%7B%22name%22%3A%7B%22app%22%3Atrue%7D%7D": dial unix /var/run/docker.sock: connect: permission denied
Checking CPU usage for app replicas...
permission denied while trying to connect to the Docker daemon socket at unix:///var/run/docker.sock: Get "http://%2Fvar%2Frun%2Fdocker.sock/v1.47/containers/json?filters=%7B%22name%22%3A%7B%22app%22%3Atrue%7D%7D": dial unix /var/run/docker.sock: connect: permission denied
Checking CPU usage for app replicas...
Checking CPU usage for app replicas...
Checking CPU usage for app replicas...
permission denied while trying to connect to the Docker daemon socket at unix:///var/run/docker.sock: Get "http://%2Fvar%2Frun%2Fdocker.sock/v1.47/containers/json?filters=%7B%22name%22%3A%7B%22app%22%3Atrue%7D%7D": dial unix /var/run/docker.sock: connect: permission denied
permission denied while trying to connect to the Docker daemon socket at unix:///var/run/docker.sock: Get "http://%2Fvar%2Frun%2Fdocker.sock/v1.47/containers/json?filters=%7B%22name%22%3A%7B%22app%22%3Atrue%7D%7D": dial unix /var/run/docker.sock: connect: permission denied
permission denied while trying to connect to the Docker daemon socket at unix:///var/run/docker.sock: Get "http://%2Fvar%2Frun%2Fdocker.sock/v1.47/containers/json?filters=%7B%22name%22%3A%7B%22app%22%3Atrue%7D%7D": dial unix /var/run/docker.sock: connect: permission denied
Checking CPU usage for app replicas...
Checking CPU usage for app replicas...
permission denied while trying to connect to the Docker daemon socket at unix:///var/run/docker.sock: Get "http://%2Fvar%2Frun%2Fdocker.sock/v1.47/containers/json?filters=%7B%22name%22%3A%7B%22app%22%3Atrue%7D%7D": dial unix /var/run/docker.sock: connect: permission denied
Checking CPU usage for app replicas...
Container ID: 23d4c9c66a10 | CPU Usage: 0.25%
/mnt/c/Users/User/Desktop/devopsP2/auto_scaling.sh: line 42: bc: command not found
Container ID: 9bdfc9452f52 | CPU Usage: 0.13%
/mnt/c/Users/User/Desktop/devopsP2/auto_scaling.sh: line 42: bc: command not found
Container ID: 23d4c9c66a10 | CPU Usage: 0.15%
/mnt/c/Users/User/Desktop/devopsP2/auto_scaling.sh: line 42: bc: command not found
Container ID: 640d43702b48 | CPU Usage: 0.17%
/mnt/c/Users/User/Desktop/devopsP2/auto_scaling.sh: line 42: bc: command not found
Container ID: 9bdfc9452f52 | CPU Usage: 0.58%
/mnt/c/Users/User/Desktop/devopsP2/auto_scaling.sh: line 42: bc: command not found
Container ID: 640d43702b48 | CPU Usage: 0.14%
/mnt/c/Users/User/Desktop/devopsP2/auto_scaling.sh: line 42: bc: command not found
Checking CPU usage for app replicas...
Container ID: 23d4c9c66a10 | CPU Usage: 0.16%
/mnt/c/Users/User/Desktop/devopsP2/auto_scaling.sh: line 42: bc: command not found
Checking CPU usage for app replicas...
Container ID: 9bdfc9452f52 | CPU Usage: 0.22%
/mnt/c/Users/User/Desktop/devopsP2/auto_scaling.sh: line 42: bc: command not found
Container ID: 640d43702b48 | CPU Usage: 0.14%
/mnt/c/Users/User/Desktop/devopsP2/auto_scaling.sh: line 42: bc: command not found
Container ID: 23d4c9c66a10 | CPU Usage: 0.16%
/mnt/c/Users/User/Desktop/devopsP2/auto_scaling.sh: line 42: bc: command not found
Container ID: 9bdfc9452f52 | CPU Usage: 0.22%
/mnt/c/Users/User/Desktop/devopsP2/auto_scaling.sh: line 42: bc: command not found
Container ID: 640d43702b48 | CPU Usage: 0.13%
/mnt/c/Users/User/Desktop/devopsP2/auto_scaling.sh: line 42: bc: command not found
Scaling service app to 1 replicas.
Checking CPU usage for app replicas...
permission denied while trying to connect to the Docker daemon socket at unix:///var/run/docker.sock: Get "http://%2Fvar%2Frun%2Fdocker.sock/v1.47/containers/json?filters=%7B%22name%22%3A%7B%22app%22%3Atrue%7D%7D": dial unix /var/run/docker.sock: connect: permission denied
no configuration file provided: not found
Checking CPU usage for app replicas...
Checking CPU usage for app replicas...
Checking CPU usage for app replicas...
permission denied while trying to connect to the Docker daemon socket at unix:///var/run/docker.sock: Get "http://%2Fvar%2Frun%2Fdocker.sock/v1.47/containers/json?filters=%7B%22name%22%3A%7B%22app%22%3Atrue%7D%7D": dial unix /var/run/docker.sock: connect: permission denied
Checking CPU usage for app replicas...
Checking CPU usage for app replicas...
Checking CPU usage for app replicas...
permission denied while trying to connect to the Docker daemon socket at unix:///var/run/docker.sock: Get "http://%2Fvar%2Frun%2Fdocker.sock/v1.47/containers/json?filters=%7B%22name%22%3A%7B%22app%22%3Atrue%7D%7D": dial unix /var/run/docker.sock: connect: permission denied
permission denied while trying to connect to the Docker daemon socket at unix:///var/run/docker.sock: Get "http://%2Fvar%2Frun%2Fdocker.sock/v1.47/containers/json?filters=%7B%22name%22%3A%7B%22app%22%3Atrue%7D%7D": dial unix /var/run/docker.sock: connect: permission denied
Container ID: 23d4c9c66a10 | CPU Usage: 0.21%
Container ID: 23d4c9c66a10 | CPU Usage: 0.21%
/mnt/c/Users/User/Desktop/devopsP2/auto_scaling.sh: line 42: bc: command not found
/mnt/c/Users/User/Desktop/devopsP2/auto_scaling.sh: line 42: bc: command not found
Checking CPU usage for app replicas...
permission denied while trying to connect to the Docker daemon socket at unix:///var/run/docker.sock: Get "http://%2Fvar%2Frun%2Fdocker.sock/v1.47/containers/json?filters=%7B%22name%22%3A%7B%22app%22%3Atrue%7D%7D": dial unix /var/run/docker.sock: connect: permission denied
Checking CPU usage for app replicas...
Checking CPU usage for app replicas...
permission denied while trying to connect to the Docker daemon socket at unix:///var/run/docker.sock: Get "http://%2Fvar%2Frun%2Fdocker.sock/v1.47/containers/json?filters=%7B%22name%22%3A%7B%22app%22%3Atrue%7D%7D": dial unix /var/run/docker.sock: connect: permission denied
permission denied while trying to connect to the Docker daemon socket at unix:///var/run/docker.sock: Get "http://%2Fvar%2Frun%2Fdocker.sock/v1.47/containers/json?filters=%7B%22name%22%3A%7B%22app%22%3Atrue%7D%7D": dial unix /var/run/docker.sock: connect: permission denied
permission denied while trying to connect to the Docker daemon socket at unix:///var/run/docker.sock: Get "http://%2Fvar%2Frun%2Fdocker.sock/v1.47/containers/json?filters=%7B%22name%22%3A%7B%22app%22%3Atrue%7D%7D": dial unix /var/run/docker.sock: connect: permission denied
Container ID: 9bdfc9452f52 | CPU Usage: 0.17%
Container ID: 9bdfc9452f52 | CPU Usage: 0.17%
Checking CPU usage for app replicas...
/mnt/c/Users/User/Desktop/devopsP2/auto_scaling.sh: line 42: bc: command not found
permission denied while trying to connect to the Docker daemon socket at unix:///var/run/docker.sock: Get "http://%2Fvar%2Frun%2Fdocker.sock/v1.47/containers/json?filters=%7B%22name%22%3A%7B%22app%22%3Atrue%7D%7D": dial unix /var/run/docker.sock: connect: permission denied
/mnt/c/Users/User/Desktop/devopsP2/auto_scaling.sh: line 42: bc: command not found
Container ID: 640d43702b48 | CPU Usage: 0.19%
Container ID: 640d43702b48 | CPU Usage: 0.19%
/mnt/c/Users/User/Desktop/devopsP2/auto_scaling.sh: line 42: bc: command not found
/mnt/c/Users/User/Desktop/devopsP2/auto_scaling.sh: line 42: bc: command not found
Checking CPU usage for app replicas...
Checking CPU usage for app replicas...
Container ID: 23d4c9c66a10 | CPU Usage: 0.94%
/mnt/c/Users/User/Desktop/devopsP2/auto_scaling.sh: line 42: bc: command not found
Container ID: 23d4c9c66a10 | CPU Usage: 0.12%
/mnt/c/Users/User/Desktop/devopsP2/auto_scaling.sh: line 42: bc: command not found
Container ID: 9bdfc9452f52 | CPU Usage: 0.14%
/mnt/c/Users/User/Desktop/devopsP2/auto_scaling.sh: line 42: bc: command not found
Container ID: 640d43702b48 | CPU Usage: 0.14%
Container ID: 9bdfc9452f52 | CPU Usage: 0.15%
/mnt/c/Users/User/Desktop/devopsP2/auto_scaling.sh: line 42: bc: command not found
/mnt/c/Users/User/Desktop/devopsP2/auto_scaling.sh: line 42: bc: command not found
Container ID: 640d43702b48 | CPU Usage: 0.15%
/mnt/c/Users/User/Desktop/devopsP2/auto_scaling.sh: line 42: bc: command not found
Checking CPU usage for app replicas...
Scaling service app to 1 replicas.
no configuration file provided: not found
Checking CPU usage for app replicas...
Container ID: 23d4c9c66a10 | CPU Usage: 121.19%
/mnt/c/Users/User/Desktop/devopsP2/auto_scaling.sh: line 42: bc: command not found
Container ID: 9bdfc9452f52 | CPU Usage: 118.72%
/mnt/c/Users/User/Desktop/devopsP2/auto_scaling.sh: line 42: bc: command not found
Container ID: 640d43702b48 | CPU Usage: 122.46%
/mnt/c/Users/User/Desktop/devopsP2/auto_scaling.sh: line 42: bc: command not found
Checking CPU usage for app replicas...
Container ID: 23d4c9c66a10 | CPU Usage: 119.48%
/mnt/c/Users/User/Desktop/devopsP2/auto_scaling.sh: line 42: bc: command not found
Container ID: 9bdfc9452f52 | CPU Usage: 118.39%
/mnt/c/Users/User/Desktop/devopsP2/auto_scaling.sh: line 42: bc: command not found
Container ID: 640d43702b48 | CPU Usage: 117.34%
/mnt/c/Users/User/Desktop/devopsP2/auto_scaling.sh: line 42: bc: command not found
Scaling service app to 1 replicas.
no configuration file provided: not found
Checking CPU usage for app replicas...
Container ID: 23d4c9c66a10 | CPU Usage: 109.75%
/mnt/c/Users/User/Desktop/devopsP2/auto_scaling.sh: line 42: bc: command not found
Container ID: 9bdfc9452f52 | CPU Usage: 0.87%
/mnt/c/Users/User/Desktop/devopsP2/auto_scaling.sh: line 42: bc: command not found
Container ID: 640d43702b48 | CPU Usage: 0.11%
/mnt/c/Users/User/Desktop/devopsP2/auto_scaling.sh: line 42: bc: command not found
Checking CPU usage for app replicas...
Container ID: 23d4c9c66a10 | CPU Usage: 48.27%
/mnt/c/Users/User/Desktop/devopsP2/auto_scaling.sh: line 42: bc: command not found
Container ID: 9bdfc9452f52 | CPU Usage: 108.18%
/mnt/c/Users/User/Desktop/devopsP2/auto_scaling.sh: line 42: bc: command not found
Container ID: 640d43702b48 | CPU Usage: 101.14%
/mnt/c/Users/User/Desktop/devopsP2/auto_scaling.sh: line 42: bc: command not found
Checking CPU usage for app replicas...
Container ID: 23d4c9c66a10 | CPU Usage: 84.32%
/mnt/c/Users/User/Desktop/devopsP2/auto_scaling.sh: line 42: bc: command not found
Container ID: 9bdfc9452f52 | CPU Usage: 110.15%
/mnt/c/Users/User/Desktop/devopsP2/auto_scaling.sh: line 42: bc: command not found
Container ID: 640d43702b48 | CPU Usage: 109.37%
/mnt/c/Users/User/Desktop/devopsP2/auto_scaling.sh: line 42: bc: command not found
Checking CPU usage for app replicas...
Container ID: 23d4c9c66a10 | CPU Usage: 103.86%
/mnt/c/Users/User/Desktop/devopsP2/auto_scaling.sh: line 42: bc: command not found
Scaling service app to 1 replicas.
no configuration file provided: not found
Checking CPU usage for app replicas...
Container ID: 9bdfc9452f52 | CPU Usage: 107.75%
/mnt/c/Users/User/Desktop/devopsP2/auto_scaling.sh: line 42: bc: command not found
Container ID: 640d43702b48 | CPU Usage: 107.88%
Container ID: 23d4c9c66a10 | CPU Usage: 112.21%
/mnt/c/Users/User/Desktop/devopsP2/auto_scaling.sh: line 42: bc: command not found
/mnt/c/Users/User/Desktop/devopsP2/auto_scaling.sh: line 42: bc: command not found
Container ID: 9bdfc9452f52 | CPU Usage: 116.89%
/mnt/c/Users/User/Desktop/devopsP2/auto_scaling.sh: line 42: bc: command not found
Container ID: 640d43702b48 | CPU Usage: 119.85%
/mnt/c/Users/User/Desktop/devopsP2/auto_scaling.sh: line 42: bc: command not found
Checking CPU usage for app replicas...
Container ID: 23d4c9c66a10 | CPU Usage: 113.48%
/mnt/c/Users/User/Desktop/devopsP2/auto_scaling.sh: line 42: bc: command not found
Container ID: 9bdfc9452f52 | CPU Usage: 88.72%
/mnt/c/Users/User/Desktop/devopsP2/auto_scaling.sh: line 42: bc: command not found
Container ID: 640d43702b48 | CPU Usage: 107.37%
/mnt/c/Users/User/Desktop/devopsP2/auto_scaling.sh: line 42: bc: command not found
Checking CPU usage for app replicas...
Container ID: 23d4c9c66a10 | CPU Usage: 113.28%
/mnt/c/Users/User/Desktop/devopsP2/auto_scaling.sh: line 42: bc: command not found
Container ID: 9bdfc9452f52 | CPU Usage: 112.68%
/mnt/c/Users/User/Desktop/devopsP2/auto_scaling.sh: line 42: bc: command not found
Checking CPU usage for app replicas...
Container ID: 640d43702b48 | CPU Usage: 116.83%
/mnt/c/Users/User/Desktop/devopsP2/auto_scaling.sh: line 42: bc: command not found
Container ID: 23d4c9c66a10 | CPU Usage: 109.01%
/mnt/c/Users/User/Desktop/devopsP2/auto_scaling.sh: line 42: bc: command not found
Container ID: 9bdfc9452f52 | CPU Usage: 104.35%
/mnt/c/Users/User/Desktop/devopsP2/auto_scaling.sh: line 42: bc: command not found
Container ID: 640d43702b48 | CPU Usage: 117.03%
/mnt/c/Users/User/Desktop/devopsP2/auto_scaling.sh: line 42: bc: command not found
Checking CPU usage for app replicas...
Container ID: 23d4c9c66a10 | CPU Usage: 120.78%
/mnt/c/Users/User/Desktop/devopsP2/auto_scaling.sh: line 42: bc: command not found
Container ID: 9bdfc9452f52 | CPU Usage: 115.31%
/mnt/c/Users/User/Desktop/devopsP2/auto_scaling.sh: line 42: bc: command not found
Scaling service app to 1 replicas.
no configuration file provided: not found
Checking CPU usage for app replicas...
Container ID: 640d43702b48 | CPU Usage: 103.97%
/mnt/c/Users/User/Desktop/devopsP2/auto_scaling.sh: line 42: bc: command not found
Container ID: 23d4c9c66a10 | CPU Usage: 112.64%
/mnt/c/Users/User/Desktop/devopsP2/auto_scaling.sh: line 42: bc: command not found
Container ID: 9bdfc9452f52 | CPU Usage: 98.88%
/mnt/c/Users/User/Desktop/devopsP2/auto_scaling.sh: line 42: bc: command not found
Container ID: 640d43702b48 | CPU Usage: 60.44%
/mnt/c/Users/User/Desktop/devopsP2/auto_scaling.sh: line 42: bc: command not found
Checking CPU usage for app replicas...
Container ID: 23d4c9c66a10 | CPU Usage: 0.12%
/mnt/c/Users/User/Desktop/devopsP2/auto_scaling.sh: line 42: bc: command not found
Container ID: 9bdfc9452f52 | CPU Usage: 0.11%
/mnt/c/Users/User/Desktop/devopsP2/auto_scaling.sh: line 42: bc: command not found
Checking CPU usage for app replicas...
Container ID: 640d43702b48 | CPU Usage: 0.87%
/mnt/c/Users/User/Desktop/devopsP2/auto_scaling.sh: line 42: bc: command not found
Container ID: 23d4c9c66a10 | CPU Usage: 123.48%
/mnt/c/Users/User/Desktop/devopsP2/auto_scaling.sh: line 42: bc: command not found
Container ID: 9bdfc9452f52 | CPU Usage: 0.00%
/mnt/c/Users/User/Desktop/devopsP2/auto_scaling.sh: line 42: bc: command not found
Container ID: 640d43702b48 | CPU Usage: 92.85%
/mnt/c/Users/User/Desktop/devopsP2/auto_scaling.sh: line 42: bc: command not found
Checking CPU usage for app replicas...
Container ID: 23d4c9c66a10 | CPU Usage: 115.70%
/mnt/c/Users/User/Desktop/devopsP2/auto_scaling.sh: line 42: bc: command not found
Container ID: 9bdfc9452f52 | CPU Usage: 115.21%
/mnt/c/Users/User/Desktop/devopsP2/auto_scaling.sh: line 42: bc: command not found
Checking CPU usage for app replicas...
Container ID: 640d43702b48 | CPU Usage: 208.96%
/mnt/c/Users/User/Desktop/devopsP2/auto_scaling.sh: line 42: bc: command not found
Container ID: 23d4c9c66a10 | CPU Usage: 111.69%
/mnt/c/Users/User/Desktop/devopsP2/auto_scaling.sh: line 42: bc: command not found
Container ID: 9bdfc9452f52 | CPU Usage: 142.50%
/mnt/c/Users/User/Desktop/devopsP2/auto_scaling.sh: line 42: bc: command not found
Container ID: 640d43702b48 | CPU Usage: 118.53%
/mnt/c/Users/User/Desktop/devopsP2/auto_scaling.sh: line 42: bc: command not found
Checking CPU usage for app replicas...
Container ID: 23d4c9c66a10 | CPU Usage: 109.76%
/mnt/c/Users/User/Desktop/devopsP2/auto_scaling.sh: line 42: bc: command not found
Container ID: 9bdfc9452f52 | CPU Usage: 104.05%
/mnt/c/Users/User/Desktop/devopsP2/auto_scaling.sh: line 42: bc: command not found
Container ID: 640d43702b48 | CPU Usage: 119.82%
/mnt/c/Users/User/Desktop/devopsP2/auto_scaling.sh: line 42: bc: command not found
Checking CPU usage for app replicas...
Scaling service app to 1 replicas.
Container ID: 23d4c9c66a10 | CPU Usage: 110.35%
/mnt/c/Users/User/Desktop/devopsP2/auto_scaling.sh: line 42: bc: command not found
no configuration file provided: not found
Checking CPU usage for app replicas...
Container ID: 9bdfc9452f52 | CPU Usage: 105.58%
/mnt/c/Users/User/Desktop/devopsP2/auto_scaling.sh: line 42: bc: command not found
Container ID: 23d4c9c66a10 | CPU Usage: 102.23%
/mnt/c/Users/User/Desktop/devopsP2/auto_scaling.sh: line 42: bc: command not found
Container ID: 640d43702b48 | CPU Usage: 121.39%
/mnt/c/Users/User/Desktop/devopsP2/auto_scaling.sh: line 42: bc: command not found
Container ID: 9bdfc9452f52 | CPU Usage: 100.55%
/mnt/c/Users/User/Desktop/devopsP2/auto_scaling.sh: line 42: bc: command not found
Checking CPU usage for app replicas...
Container ID: 640d43702b48 | CPU Usage: 126.04%
/mnt/c/Users/User/Desktop/devopsP2/auto_scaling.sh: line 42: bc: command not found
Container ID: 23d4c9c66a10 | CPU Usage: 108.32%
/mnt/c/Users/User/Desktop/devopsP2/auto_scaling.sh: line 42: bc: command not found
Container ID: 9bdfc9452f52 | CPU Usage: 115.83%
/mnt/c/Users/User/Desktop/devopsP2/auto_scaling.sh: line 42: bc: command not found
Container ID: 640d43702b48 | CPU Usage: 112.80%
/mnt/c/Users/User/Desktop/devopsP2/auto_scaling.sh: line 42: bc: command not found
Checking CPU usage for app replicas...
Container ID: 23d4c9c66a10 | CPU Usage: 107.33%
/mnt/c/Users/User/Desktop/devopsP2/auto_scaling.sh: line 42: bc: command not found
Container ID: 9bdfc9452f52 | CPU Usage: 111.68%
/mnt/c/Users/User/Desktop/devopsP2/auto_scaling.sh: line 42: bc: command not found
Container ID: 640d43702b48 | CPU Usage: 93.00%
/mnt/c/Users/User/Desktop/devopsP2/auto_scaling.sh: line 42: bc: command not found
Checking CPU usage for app replicas...
Container ID: 23d4c9c66a10 | CPU Usage: 99.48%
/mnt/c/Users/User/Desktop/devopsP2/auto_scaling.sh: line 42: bc: command not found
Container ID: 9bdfc9452f52 | CPU Usage: 96.47%
/mnt/c/Users/User/Desktop/devopsP2/auto_scaling.sh: line 42: bc: command not found
Container ID: 640d43702b48 | CPU Usage: 0.40%
/mnt/c/Users/User/Desktop/devopsP2/auto_scaling.sh: line 42: bc: command not found
Checking CPU usage for app replicas...
Container ID: 23d4c9c66a10 | CPU Usage: 54.95%
/mnt/c/Users/User/Desktop/devopsP2/auto_scaling.sh: line 42: bc: command not found
Checking CPU usage for app replicas...
Container ID: 9bdfc9452f52 | CPU Usage: 117.93%
/mnt/c/Users/User/Desktop/devopsP2/auto_scaling.sh: line 42: bc: command not found
Container ID: 23d4c9c66a10 | CPU Usage: 83.07%
/mnt/c/Users/User/Desktop/devopsP2/auto_scaling.sh: line 42: bc: command not found
Container ID: 640d43702b48 | CPU Usage: 78.60%
/mnt/c/Users/User/Desktop/devopsP2/auto_scaling.sh: line 42: bc: command not found
Container ID: 9bdfc9452f52 | CPU Usage: 105.85%
/mnt/c/Users/User/Desktop/devopsP2/auto_scaling.sh: line 42: bc: command not found
Checking CPU usage for app replicas...
Container ID: 640d43702b48 | CPU Usage: 108.53%
/mnt/c/Users/User/Desktop/devopsP2/auto_scaling.sh: line 42: bc: command not found
Container ID: 23d4c9c66a10 | CPU Usage: 61.64%
/mnt/c/Users/User/Desktop/devopsP2/auto_scaling.sh: line 42: bc: command not found
Container ID: 9bdfc9452f52 | CPU Usage: 0.69%
/mnt/c/Users/User/Desktop/devopsP2/auto_scaling.sh: line 42: bc: command not found
Container ID: 640d43702b48 | CPU Usage: 0.11%
/mnt/c/Users/User/Desktop/devopsP2/auto_scaling.sh: line 42: bc: command not found
Checking CPU usage for app replicas...
Container ID: 23d4c9c66a10 | CPU Usage: 0.11%
/mnt/c/Users/User/Desktop/devopsP2/auto_scaling.sh: line 42: bc: command not found
Container ID: 9bdfc9452f52 | CPU Usage: 0.11%
/mnt/c/Users/User/Desktop/devopsP2/auto_scaling.sh: line 42: bc: command not found
Container ID: 640d43702b48 | CPU Usage: 15.98%
/mnt/c/Users/User/Desktop/devopsP2/auto_scaling.sh: line 42: bc: command not found
Checking CPU usage for app replicas...
Scaling service app to 1 replicas.
no configuration file provided: not found
Checking CPU usage for app replicas...
Container ID: 23d4c9c66a10 | CPU Usage: 97.82%
Container ID: 23d4c9c66a10 | CPU Usage: 97.82%
/mnt/c/Users/User/Desktop/devopsP2/auto_scaling.sh: line 42: bc: command not found
/mnt/c/Users/User/Desktop/devopsP2/auto_scaling.sh: line 42: bc: command not found
Container ID: 9bdfc9452f52 | CPU Usage: 130.78%
/mnt/c/Users/User/Desktop/devopsP2/auto_scaling.sh: line 42: bc: command not found
Container ID: 9bdfc9452f52 | CPU Usage: 130.78%
/mnt/c/Users/User/Desktop/devopsP2/auto_scaling.sh: line 42: bc: command not found
Container ID: 640d43702b48 | CPU Usage: 115.16%
/mnt/c/Users/User/Desktop/devopsP2/auto_scaling.sh: line 42: bc: command not found
Container ID: 640d43702b48 | CPU Usage: 115.16%
/mnt/c/Users/User/Desktop/devopsP2/auto_scaling.sh: line 42: bc: command not found
Checking CPU usage for app replicas...
Container ID: 23d4c9c66a10 | CPU Usage: 114.38%
/mnt/c/Users/User/Desktop/devopsP2/auto_scaling.sh: line 42: bc: command not found
Checking CPU usage for app replicas...
Container ID: 9bdfc9452f52 | CPU Usage: 112.78%
/mnt/c/Users/User/Desktop/devopsP2/auto_scaling.sh: line 42: bc: command not found
Container ID: 23d4c9c66a10 | CPU Usage: 110.62%
Container ID: 640d43702b48 | CPU Usage: 104.90%
/mnt/c/Users/User/Desktop/devopsP2/auto_scaling.sh: line 42: bc: command not found
/mnt/c/Users/User/Desktop/devopsP2/auto_scaling.sh: line 42: bc: command not found
Container ID: 9bdfc9452f52 | CPU Usage: 115.03%
/mnt/c/Users/User/Desktop/devopsP2/auto_scaling.sh: line 42: bc: command not found
Checking CPU usage for app replicas...
Container ID: 640d43702b48 | CPU Usage: 102.46%
/mnt/c/Users/User/Desktop/devopsP2/auto_scaling.sh: line 42: bc: command not found
Container ID: 23d4c9c66a10 | CPU Usage: 103.28%
/mnt/c/Users/User/Desktop/devopsP2/auto_scaling.sh: line 42: bc: command not found
Container ID: 9bdfc9452f52 | CPU Usage: 104.47%
/mnt/c/Users/User/Desktop/devopsP2/auto_scaling.sh: line 42: bc: command not found
Container ID: 640d43702b48 | CPU Usage: 108.82%
/mnt/c/Users/User/Desktop/devopsP2/auto_scaling.sh: line 42: bc: command not found
Checking CPU usage for app replicas...
Container ID: 23d4c9c66a10 | CPU Usage: 100.33%
/mnt/c/Users/User/Desktop/devopsP2/auto_scaling.sh: line 42: bc: command not found
Container ID: 9bdfc9452f52 | CPU Usage: 104.55%
/mnt/c/Users/User/Desktop/devopsP2/auto_scaling.sh: line 42: bc: command not found
Container ID: 640d43702b48 | CPU Usage: 114.85%
/mnt/c/Users/User/Desktop/devopsP2/auto_scaling.sh: line 42: bc: command not found
Checking CPU usage for app replicas...
Checking CPU usage for app replicas...
Container ID: 23d4c9c66a10 | CPU Usage: 103.76%
/mnt/c/Users/User/Desktop/devopsP2/auto_scaling.sh: line 42: bc: command not found
Container ID: 23d4c9c66a10 | CPU Usage: 110.70%
/mnt/c/Users/User/Desktop/devopsP2/auto_scaling.sh: line 42: bc: command not found
Container ID: 9bdfc9452f52 | CPU Usage: 107.14%
/mnt/c/Users/User/Desktop/devopsP2/auto_scaling.sh: line 42: bc: command not found
Container ID: 9bdfc9452f52 | CPU Usage: 112.82%
/mnt/c/Users/User/Desktop/devopsP2/auto_scaling.sh: line 42: bc: command not found
Container ID: 640d43702b48 | CPU Usage: 121.99%
/mnt/c/Users/User/Desktop/devopsP2/auto_scaling.sh: line 42: bc: command not found
Container ID: 640d43702b48 | CPU Usage: 111.85%
Checking CPU usage for app replicas...
/mnt/c/Users/User/Desktop/devopsP2/auto_scaling.sh: line 42: bc: command not found
Container ID: 23d4c9c66a10 | CPU Usage: 108.89%
/mnt/c/Users/User/Desktop/devopsP2/auto_scaling.sh: line 42: bc: command not found
Container ID: 9bdfc9452f52 | CPU Usage: 105.56%
/mnt/c/Users/User/Desktop/devopsP2/auto_scaling.sh: line 42: bc: command not found
Checking CPU usage for app replicas...
Container ID: 640d43702b48 | CPU Usage: 112.29%
/mnt/c/Users/User/Desktop/devopsP2/auto_scaling.sh: line 42: bc: command not found
Container ID: 23d4c9c66a10 | CPU Usage: 110.64%
/mnt/c/Users/User/Desktop/devopsP2/auto_scaling.sh: line 42: bc: command not found
Container ID: 9bdfc9452f52 | CPU Usage: 73.66%
/mnt/c/Users/User/Desktop/devopsP2/auto_scaling.sh: line 42: bc: command not found
Checking CPU usage for app replicas...
Container ID: 640d43702b48 | CPU Usage: 96.06%
/mnt/c/Users/User/Desktop/devopsP2/auto_scaling.sh: line 42: bc: command not found
Container ID: 23d4c9c66a10 | CPU Usage: 0.52%
/mnt/c/Users/User/Desktop/devopsP2/auto_scaling.sh: line 42: bc: command not found
Scaling service app to 1 replicas.
no configuration file provided: not found
Checking CPU usage for app replicas...
Container ID: 9bdfc9452f52 | CPU Usage: 0.13%
/mnt/c/Users/User/Desktop/devopsP2/auto_scaling.sh: line 42: bc: command not found
Container ID: 23d4c9c66a10 | CPU Usage: 0.13%
/mnt/c/Users/User/Desktop/devopsP2/auto_scaling.sh: line 42: bc: command not found
Container ID: 640d43702b48 | CPU Usage: 0.12%
/mnt/c/Users/User/Desktop/devopsP2/auto_scaling.sh: line 42: bc: command not found
Checking CPU usage for app replicas...
Container ID: 9bdfc9452f52 | CPU Usage: 0.12%
/mnt/c/Users/User/Desktop/devopsP2/auto_scaling.sh: line 42: bc: command not found
Container ID: 640d43702b48 | CPU Usage: 5.81%
/mnt/c/Users/User/Desktop/devopsP2/auto_scaling.sh: line 42: bc: command not found
Container ID: 23d4c9c66a10 | CPU Usage: 4.42%
/mnt/c/Users/User/Desktop/devopsP2/auto_scaling.sh: line 42: bc: command not found
Container ID: 9bdfc9452f52 | CPU Usage: 109.68%
/mnt/c/Users/User/Desktop/devopsP2/auto_scaling.sh: line 42: bc: command not found
Container ID: 640d43702b48 | CPU Usage: 118.77%
/mnt/c/Users/User/Desktop/devopsP2/auto_scaling.sh: line 42: bc: command not found
Checking CPU usage for app replicas...
Checking CPU usage for app replicas...
Container ID: 23d4c9c66a10 | CPU Usage: 159.76%
/mnt/c/Users/User/Desktop/devopsP2/auto_scaling.sh: line 42: bc: command not found
Container ID: 9bdfc9452f52 | CPU Usage: 116.56%
/mnt/c/Users/User/Desktop/devopsP2/auto_scaling.sh: line 42: bc: command not found
Container ID: 23d4c9c66a10 | CPU Usage: 107.30%
/mnt/c/Users/User/Desktop/devopsP2/auto_scaling.sh: line 42: bc: command not found
Container ID: 640d43702b48 | CPU Usage: 115.58%
/mnt/c/Users/User/Desktop/devopsP2/auto_scaling.sh: line 42: bc: command not found
Checking CPU usage for app replicas...
Container ID: 9bdfc9452f52 | CPU Usage: 0.10%
/mnt/c/Users/User/Desktop/devopsP2/auto_scaling.sh: line 42: bc: command not found
Container ID: 23d4c9c66a10 | CPU Usage: 0.13%
Container ID: 640d43702b48 | CPU Usage: 0.11%
/mnt/c/Users/User/Desktop/devopsP2/auto_scaling.sh: line 42: bc: command not found
/mnt/c/Users/User/Desktop/devopsP2/auto_scaling.sh: line 42: bc: command not found
Checking CPU usage for app replicas...
Container ID: 9bdfc9452f52 | CPU Usage: 0.25%
/mnt/c/Users/User/Desktop/devopsP2/auto_scaling.sh: line 42: bc: command not found
Container ID: 640d43702b48 | CPU Usage: 0.33%
/mnt/c/Users/User/Desktop/devopsP2/auto_scaling.sh: line 42: bc: command not found
Container ID: 23d4c9c66a10 | CPU Usage: 0.35%
/mnt/c/Users/User/Desktop/devopsP2/auto_scaling.sh: line 42: bc: command not found
Container ID: 9bdfc9452f52 | CPU Usage: 0.00%
/mnt/c/Users/User/Desktop/devopsP2/auto_scaling.sh: line 42: bc: command not found
Checking CPU usage for app replicas...
Container ID: 640d43702b48 | CPU Usage: 0.00%
/mnt/c/Users/User/Desktop/devopsP2/auto_scaling.sh: line 42: bc: command not found
Checking CPU usage for app replicas...
Container ID: 23d4c9c66a10 | CPU Usage: 79.63%
/mnt/c/Users/User/Desktop/devopsP2/auto_scaling.sh: line 42: bc: command not found
Container ID: 23d4c9c66a10 | CPU Usage: 109.29%
Container ID: 9bdfc9452f52 | CPU Usage: 117.91%
/mnt/c/Users/User/Desktop/devopsP2/auto_scaling.sh: line 42: bc: command not found
/mnt/c/Users/User/Desktop/devopsP2/auto_scaling.sh: line 42: bc: command not found
Checking CPU usage for app replicas...
Container ID: 9bdfc9452f52 | CPU Usage: 127.71%
/mnt/c/Users/User/Desktop/devopsP2/auto_scaling.sh: line 42: bc: command not found
Container ID: 640d43702b48 | CPU Usage: 110.03%
/mnt/c/Users/User/Desktop/devopsP2/auto_scaling.sh: line 42: bc: command not found
Container ID: 23d4c9c66a10 | CPU Usage: 114.86%
Container ID: 640d43702b48 | CPU Usage: 113.94%
/mnt/c/Users/User/Desktop/devopsP2/auto_scaling.sh: line 42: bc: command not found
/mnt/c/Users/User/Desktop/devopsP2/auto_scaling.sh: line 42: bc: command not found
Container ID: 9bdfc9452f52 | CPU Usage: 110.81%
/mnt/c/Users/User/Desktop/devopsP2/auto_scaling.sh: line 42: bc: command not found
Container ID: 640d43702b48 | CPU Usage: 102.06%
/mnt/c/Users/User/Desktop/devopsP2/auto_scaling.sh: line 42: bc: command not found
Checking CPU usage for app replicas...
Container ID: 23d4c9c66a10 | CPU Usage: 114.68%
/mnt/c/Users/User/Desktop/devopsP2/auto_scaling.sh: line 42: bc: command not found
Checking CPU usage for app replicas...
Container ID: 9bdfc9452f52 | CPU Usage: 112.85%
/mnt/c/Users/User/Desktop/devopsP2/auto_scaling.sh: line 42: bc: command not found
Container ID: 23d4c9c66a10 | CPU Usage: 111.89%
/mnt/c/Users/User/Desktop/devopsP2/auto_scaling.sh: line 42: bc: command not found
Container ID: 640d43702b48 | CPU Usage: 112.98%
/mnt/c/Users/User/Desktop/devopsP2/auto_scaling.sh: line 42: bc: command not found
Scaling service app to 1 replicas.
Container ID: 9bdfc9452f52 | CPU Usage: 113.73%
Checking CPU usage for app replicas...
/mnt/c/Users/User/Desktop/devopsP2/auto_scaling.sh: line 42: bc: command not found
no configuration file provided: not found
Checking CPU usage for app replicas...
Container ID: 23d4c9c66a10 | CPU Usage: 111.49%
/mnt/c/Users/User/Desktop/devopsP2/auto_scaling.sh: line 42: bc: command not found
Container ID: 640d43702b48 | CPU Usage: 111.04%
/mnt/c/Users/User/Desktop/devopsP2/auto_scaling.sh: line 42: bc: command not found
Container ID: 23d4c9c66a10 | CPU Usage: 105.41%
/mnt/c/Users/User/Desktop/devopsP2/auto_scaling.sh: line 42: bc: command not found
Container ID: 9bdfc9452f52 | CPU Usage: 103.66%
/mnt/c/Users/User/Desktop/devopsP2/auto_scaling.sh: line 42: bc: command not found
Container ID: 9bdfc9452f52 | CPU Usage: 110.43%
/mnt/c/Users/User/Desktop/devopsP2/auto_scaling.sh: line 42: bc: command not found
Checking CPU usage for app replicas...
Container ID: 640d43702b48 | CPU Usage: 98.38%
/mnt/c/Users/User/Desktop/devopsP2/auto_scaling.sh: line 42: bc: command not found
Container ID: 640d43702b48 | CPU Usage: 108.90%
/mnt/c/Users/User/Desktop/devopsP2/auto_scaling.sh: line 42: bc: command not found
Container ID: 23d4c9c66a10 | CPU Usage: 105.99%
/mnt/c/Users/User/Desktop/devopsP2/auto_scaling.sh: line 42: bc: command not found
Container ID: 9bdfc9452f52 | CPU Usage: 109.94%
/mnt/c/Users/User/Desktop/devopsP2/auto_scaling.sh: line 42: bc: command not found
Container ID: 640d43702b48 | CPU Usage: 108.31%
/mnt/c/Users/User/Desktop/devopsP2/auto_scaling.sh: line 42: bc: command not found
Checking CPU usage for app replicas...
Checking CPU usage for app replicas...
Container ID: 23d4c9c66a10 | CPU Usage: 102.30%
/mnt/c/Users/User/Desktop/devopsP2/auto_scaling.sh: line 42: bc: command not found
Container ID: 23d4c9c66a10 | CPU Usage: 103.29%
Container ID: 9bdfc9452f52 | CPU Usage: 106.88%
/mnt/c/Users/User/Desktop/devopsP2/auto_scaling.sh: line 42: bc: command not found
/mnt/c/Users/User/Desktop/devopsP2/auto_scaling.sh: line 42: bc: command not found
Checking CPU usage for app replicas...
Container ID: 640d43702b48 | CPU Usage: 101.38%
Container ID: 9bdfc9452f52 | CPU Usage: 103.13%
/mnt/c/Users/User/Desktop/devopsP2/auto_scaling.sh: line 42: bc: command not found
/mnt/c/Users/User/Desktop/devopsP2/auto_scaling.sh: line 42: bc: command not found
Container ID: 23d4c9c66a10 | CPU Usage: 123.99%
/mnt/c/Users/User/Desktop/devopsP2/auto_scaling.sh: line 42: bc: command not found
Container ID: 640d43702b48 | CPU Usage: 115.20%
/mnt/c/Users/User/Desktop/devopsP2/auto_scaling.sh: line 42: bc: command not found
Container ID: 9bdfc9452f52 | CPU Usage: 101.41%
/mnt/c/Users/User/Desktop/devopsP2/auto_scaling.sh: line 42: bc: command not found
Container ID: 640d43702b48 | CPU Usage: 112.01%
/mnt/c/Users/User/Desktop/devopsP2/auto_scaling.sh: line 42: bc: command not found
Checking CPU usage for app replicas...
Container ID: 23d4c9c66a10 | CPU Usage: 1.29%
/mnt/c/Users/User/Desktop/devopsP2/auto_scaling.sh: line 42: bc: command not found
Checking CPU usage for app replicas...
Container ID: 9bdfc9452f52 | CPU Usage: 0.11%
/mnt/c/Users/User/Desktop/devopsP2/auto_scaling.sh: line 42: bc: command not found
Container ID: 23d4c9c66a10 | CPU Usage: 4.78%
Container ID: 640d43702b48 | CPU Usage: 2.47%
/mnt/c/Users/User/Desktop/devopsP2/auto_scaling.sh: line 42: bc: command not found
/mnt/c/Users/User/Desktop/devopsP2/auto_scaling.sh: line 42: bc: command not found
Checking CPU usage for app replicas...
Container ID: 9bdfc9452f52 | CPU Usage: 101.01%
/mnt/c/Users/User/Desktop/devopsP2/auto_scaling.sh: line 42: bc: command not found
Checking CPU usage for app replicas...
Container ID: 23d4c9c66a10 | CPU Usage: 106.02%
Container ID: 640d43702b48 | CPU Usage: 98.89%
/mnt/c/Users/User/Desktop/devopsP2/auto_scaling.sh: line 42: bc: command not found
/mnt/c/Users/User/Desktop/devopsP2/auto_scaling.sh: line 42: bc: command not found
Container ID: 23d4c9c66a10 | CPU Usage: 89.61%
/mnt/c/Users/User/Desktop/devopsP2/auto_scaling.sh: line 42: bc: command not found
Container ID: 9bdfc9452f52 | CPU Usage: 100.95%
/mnt/c/Users/User/Desktop/devopsP2/auto_scaling.sh: line 42: bc: command not found
Checking CPU usage for app replicas...
Container ID: 9bdfc9452f52 | CPU Usage: 99.22%
/mnt/c/Users/User/Desktop/devopsP2/auto_scaling.sh: line 42: bc: command not found
Container ID: 640d43702b48 | CPU Usage: 0.00%
/mnt/c/Users/User/Desktop/devopsP2/auto_scaling.sh: line 42: bc: command not found
Container ID: 640d43702b48 | CPU Usage: 0.03%
Container ID: 23d4c9c66a10 | CPU Usage: 34.19%
/mnt/c/Users/User/Desktop/devopsP2/auto_scaling.sh: line 42: bc: command not found
/mnt/c/Users/User/Desktop/devopsP2/auto_scaling.sh: line 42: bc: command not found
Container ID: 9bdfc9452f52 | CPU Usage: 105.45%
/mnt/c/Users/User/Desktop/devopsP2/auto_scaling.sh: line 42: bc: command not found
Checking CPU usage for app replicas...
Container ID: 640d43702b48 | CPU Usage: 102.17%
/mnt/c/Users/User/Desktop/devopsP2/auto_scaling.sh: line 42: bc: command not found
Container ID: 23d4c9c66a10 | CPU Usage: 0.27%
/mnt/c/Users/User/Desktop/devopsP2/auto_scaling.sh: line 42: bc: command not found
Checking CPU usage for app replicas...
Container ID: 9bdfc9452f52 | CPU Usage: 104.45%
Checking CPU usage for app replicas...
/mnt/c/Users/User/Desktop/devopsP2/auto_scaling.sh: line 42: bc: command not found
Container ID: 23d4c9c66a10 | CPU Usage: 120.05%
/mnt/c/Users/User/Desktop/devopsP2/auto_scaling.sh: line 42: bc: command not found
Container ID: 23d4c9c66a10 | CPU Usage: 63.92%
/mnt/c/Users/User/Desktop/devopsP2/auto_scaling.sh: line 42: bc: command not found
Container ID: 640d43702b48 | CPU Usage: 111.69%
/mnt/c/Users/User/Desktop/devopsP2/auto_scaling.sh: line 42: bc: command not found
Container ID: 9bdfc9452f52 | CPU Usage: 104.85%
/mnt/c/Users/User/Desktop/devopsP2/auto_scaling.sh: line 42: bc: command not found
Container ID: 640d43702b48 | CPU Usage: 107.16%
Container ID: 9bdfc9452f52 | CPU Usage: 106.61%
/mnt/c/Users/User/Desktop/devopsP2/auto_scaling.sh: line 42: bc: command not found
/mnt/c/Users/User/Desktop/devopsP2/auto_scaling.sh: line 42: bc: command not found
Scaling service app to 1 replicas.
no configuration file provided: not found
Checking CPU usage for app replicas...
Container ID: 640d43702b48 | CPU Usage: 111.53%
/mnt/c/Users/User/Desktop/devopsP2/auto_scaling.sh: line 42: bc: command not found
Container ID: 23d4c9c66a10 | CPU Usage: 103.37%
/mnt/c/Users/User/Desktop/devopsP2/auto_scaling.sh: line 42: bc: command not found
Checking CPU usage for app replicas...
Container ID: 9bdfc9452f52 | CPU Usage: 116.38%
/mnt/c/Users/User/Desktop/devopsP2/auto_scaling.sh: line 42: bc: command not found
Container ID: 23d4c9c66a10 | CPU Usage: 111.69%
/mnt/c/Users/User/Desktop/devopsP2/auto_scaling.sh: line 42: bc: command not found
Container ID: 640d43702b48 | CPU Usage: 114.12%
/mnt/c/Users/User/Desktop/devopsP2/auto_scaling.sh: line 42: bc: command not found
Checking CPU usage for app replicas...
Container ID: 9bdfc9452f52 | CPU Usage: 116.81%
/mnt/c/Users/User/Desktop/devopsP2/auto_scaling.sh: line 42: bc: command not found
Container ID: 23d4c9c66a10 | CPU Usage: 103.94%
/mnt/c/Users/User/Desktop/devopsP2/auto_scaling.sh: line 42: bc: command not found
Container ID: 640d43702b48 | CPU Usage: 102.57%
/mnt/c/Users/User/Desktop/devopsP2/auto_scaling.sh: line 42: bc: command not found
Container ID: 9bdfc9452f52 | CPU Usage: 102.01%
/mnt/c/Users/User/Desktop/devopsP2/auto_scaling.sh: line 42: bc: command not found
Checking CPU usage for app replicas...
Checking CPU usage for app replicas...
Container ID: 640d43702b48 | CPU Usage: 101.98%
/mnt/c/Users/User/Desktop/devopsP2/auto_scaling.sh: line 42: bc: command not found
Container ID: 23d4c9c66a10 | CPU Usage: 104.43%
/mnt/c/Users/User/Desktop/devopsP2/auto_scaling.sh: line 42: bc: command not found
Container ID: 23d4c9c66a10 | CPU Usage: 101.61%
/mnt/c/Users/User/Desktop/devopsP2/auto_scaling.sh: line 42: bc: command not found
Container ID: 9bdfc9452f52 | CPU Usage: 106.37%
/mnt/c/Users/User/Desktop/devopsP2/auto_scaling.sh: line 42: bc: command not found
Container ID: 9bdfc9452f52 | CPU Usage: 87.36%
/mnt/c/Users/User/Desktop/devopsP2/auto_scaling.sh: line 42: bc: command not found
Checking CPU usage for app replicas...
Container ID: 640d43702b48 | CPU Usage: 104.77%
/mnt/c/Users/User/Desktop/devopsP2/auto_scaling.sh: line 42: bc: command not found
Container ID: 640d43702b48 | CPU Usage: 102.66%
/mnt/c/Users/User/Desktop/devopsP2/auto_scaling.sh: line 42: bc: command not found
Container ID: 23d4c9c66a10 | CPU Usage: 111.45%
/mnt/c/Users/User/Desktop/devopsP2/auto_scaling.sh: line 42: bc: command not found
Container ID: 9bdfc9452f52 | CPU Usage: 102.90%
/mnt/c/Users/User/Desktop/devopsP2/auto_scaling.sh: line 42: bc: command not found
Container ID: 640d43702b48 | CPU Usage: 104.07%
/mnt/c/Users/User/Desktop/devopsP2/auto_scaling.sh: line 42: bc: command not found
Checking CPU usage for app replicas...
Container ID: 23d4c9c66a10 | CPU Usage: 95.97%
/mnt/c/Users/User/Desktop/devopsP2/auto_scaling.sh: line 42: bc: command not found
Checking CPU usage for app replicas...
Container ID: 9bdfc9452f52 | CPU Usage: 0.16%
/mnt/c/Users/User/Desktop/devopsP2/auto_scaling.sh: line 42: bc: command not found
Checking CPU usage for app replicas...
Container ID: 23d4c9c66a10 | CPU Usage: 96.14%
/mnt/c/Users/User/Desktop/devopsP2/auto_scaling.sh: line 42: bc: command not found
Container ID: 23d4c9c66a10 | CPU Usage: 99.83%
/mnt/c/Users/User/Desktop/devopsP2/auto_scaling.sh: line 42: bc: command not found
Container ID: 640d43702b48 | CPU Usage: 0.15%
/mnt/c/Users/User/Desktop/devopsP2/auto_scaling.sh: line 42: bc: command not found
Container ID: 9bdfc9452f52 | CPU Usage: 0.16%
/mnt/c/Users/User/Desktop/devopsP2/auto_scaling.sh: line 42: bc: command not found
Container ID: 9bdfc9452f52 | CPU Usage: 5.01%
/mnt/c/Users/User/Desktop/devopsP2/auto_scaling.sh: line 42: bc: command not found
Container ID: 640d43702b48 | CPU Usage: 4.09%
/mnt/c/Users/User/Desktop/devopsP2/auto_scaling.sh: line 42: bc: command not found
Container ID: 640d43702b48 | CPU Usage: 100.52%
/mnt/c/Users/User/Desktop/devopsP2/auto_scaling.sh: line 42: bc: command not found
Checking CPU usage for app replicas...
Container ID: 23d4c9c66a10 | CPU Usage: 0.13%
/mnt/c/Users/User/Desktop/devopsP2/auto_scaling.sh: line 42: bc: command not found
Container ID: 9bdfc9452f52 | CPU Usage: 90.98%
/mnt/c/Users/User/Desktop/devopsP2/auto_scaling.sh: line 42: bc: command not found
Checking CPU usage for app replicas...
Container ID: 640d43702b48 | CPU Usage: 0.00%
/mnt/c/Users/User/Desktop/devopsP2/auto_scaling.sh: line 42: bc: command not found
Container ID: 23d4c9c66a10 | CPU Usage: 6.77%
/mnt/c/Users/User/Desktop/devopsP2/auto_scaling.sh: line 42: bc: command not found
Checking CPU usage for app replicas...
Container ID: 9bdfc9452f52 | CPU Usage: 98.48%
/mnt/c/Users/User/Desktop/devopsP2/auto_scaling.sh: line 42: bc: command not found
Container ID: 23d4c9c66a10 | CPU Usage: 103.37%
/mnt/c/Users/User/Desktop/devopsP2/auto_scaling.sh: line 42: bc: command not found
Container ID: 640d43702b48 | CPU Usage: 99.96%
/mnt/c/Users/User/Desktop/devopsP2/auto_scaling.sh: line 42: bc: command not found
Container ID: 9bdfc9452f52 | CPU Usage: 105.68%
/mnt/c/Users/User/Desktop/devopsP2/auto_scaling.sh: line 42: bc: command not found
Checking CPU usage for app replicas...
Container ID: 640d43702b48 | CPU Usage: 101.44%
/mnt/c/Users/User/Desktop/devopsP2/auto_scaling.sh: line 42: bc: command not found
Checking CPU usage for app replicas...
Container ID: 23d4c9c66a10 | CPU Usage: 97.54%
/mnt/c/Users/User/Desktop/devopsP2/auto_scaling.sh: line 42: bc: command not found
Container ID: 23d4c9c66a10 | CPU Usage: 60.96%
/mnt/c/Users/User/Desktop/devopsP2/auto_scaling.sh: line 42: bc: command not found
Container ID: 9bdfc9452f52 | CPU Usage: 104.51%
/mnt/c/Users/User/Desktop/devopsP2/auto_scaling.sh: line 42: bc: command not found
Container ID: 9bdfc9452f52 | CPU Usage: 102.48%
/mnt/c/Users/User/Desktop/devopsP2/auto_scaling.sh: line 42: bc: command not found
Container ID: 640d43702b48 | CPU Usage: 105.07%
/mnt/c/Users/User/Desktop/devopsP2/auto_scaling.sh: line 42: bc: command not found
Checking CPU usage for app replicas...
Container ID: 640d43702b48 | CPU Usage: 101.12%
/mnt/c/Users/User/Desktop/devopsP2/auto_scaling.sh: line 42: bc: command not found
Container ID: 23d4c9c66a10 | CPU Usage: 105.59%
/mnt/c/Users/User/Desktop/devopsP2/auto_scaling.sh: line 42: bc: command not found
Scaling service app to 1 replicas.
no configuration file provided: not found
Checking CPU usage for app replicas...
Container ID: 9bdfc9452f52 | CPU Usage: 100.22%
/mnt/c/Users/User/Desktop/devopsP2/auto_scaling.sh: line 42: bc: command not found
Container ID: 23d4c9c66a10 | CPU Usage: 110.31%
/mnt/c/Users/User/Desktop/devopsP2/auto_scaling.sh: line 42: bc: command not found
Container ID: 640d43702b48 | CPU Usage: 112.65%
/mnt/c/Users/User/Desktop/devopsP2/auto_scaling.sh: line 42: bc: command not found
Checking CPU usage for app replicas...
Container ID: 9bdfc9452f52 | CPU Usage: 101.68%
/mnt/c/Users/User/Desktop/devopsP2/auto_scaling.sh: line 42: bc: command not found
Container ID: 23d4c9c66a10 | CPU Usage: 115.78%
/mnt/c/Users/User/Desktop/devopsP2/auto_scaling.sh: line 42: bc: command not found
Checking CPU usage for app replicas...
Container ID: 640d43702b48 | CPU Usage: 110.75%
/mnt/c/Users/User/Desktop/devopsP2/auto_scaling.sh: line 42: bc: command not found
Checking CPU usage for app replicas...
Container ID: 9bdfc9452f52 | CPU Usage: 102.99%
/mnt/c/Users/User/Desktop/devopsP2/auto_scaling.sh: line 42: bc: command not found
Container ID: 23d4c9c66a10 | CPU Usage: 100.22%
/mnt/c/Users/User/Desktop/devopsP2/auto_scaling.sh: line 42: bc: command not found
Container ID: 23d4c9c66a10 | CPU Usage: 104.96%
Container ID: 640d43702b48 | CPU Usage: 101.58%
/mnt/c/Users/User/Desktop/devopsP2/auto_scaling.sh: line 42: bc: command not found
/mnt/c/Users/User/Desktop/devopsP2/auto_scaling.sh: line 42: bc: command not found
Container ID: 9bdfc9452f52 | CPU Usage: 106.25%
/mnt/c/Users/User/Desktop/devopsP2/auto_scaling.sh: line 42: bc: command not found
Container ID: 9bdfc9452f52 | CPU Usage: 102.65%
/mnt/c/Users/User/Desktop/devopsP2/auto_scaling.sh: line 42: bc: command not found
Checking CPU usage for app replicas...
Container ID: 640d43702b48 | CPU Usage: 108.47%
/mnt/c/Users/User/Desktop/devopsP2/auto_scaling.sh: line 42: bc: command not found
Container ID: 640d43702b48 | CPU Usage: 108.26%
/mnt/c/Users/User/Desktop/devopsP2/auto_scaling.sh: line 42: bc: command not found
Container ID: 23d4c9c66a10 | CPU Usage: 103.56%
/mnt/c/Users/User/Desktop/devopsP2/auto_scaling.sh: line 42: bc: command not found
Container ID: 9bdfc9452f52 | CPU Usage: 0.13%
/mnt/c/Users/User/Desktop/devopsP2/auto_scaling.sh: line 42: bc: command not found
Checking CPU usage for app replicas...
Container ID: 640d43702b48 | CPU Usage: 0.60%
/mnt/c/Users/User/Desktop/devopsP2/auto_scaling.sh: line 42: bc: command not found
Container ID: 23d4c9c66a10 | CPU Usage: 99.14%
/mnt/c/Users/User/Desktop/devopsP2/auto_scaling.sh: line 42: bc: command not found
Checking CPU usage for app replicas...
Container ID: 9bdfc9452f52 | CPU Usage: 0.12%
/mnt/c/Users/User/Desktop/devopsP2/auto_scaling.sh: line 42: bc: command not found
Container ID: 23d4c9c66a10 | CPU Usage: 98.91%
/mnt/c/Users/User/Desktop/devopsP2/auto_scaling.sh: line 42: bc: command not found
Container ID: 640d43702b48 | CPU Usage: 41.27%
/mnt/c/Users/User/Desktop/devopsP2/auto_scaling.sh: line 42: bc: command not found
Container ID: 9bdfc9452f52 | CPU Usage: 107.00%
/mnt/c/Users/User/Desktop/devopsP2/auto_scaling.sh: line 42: bc: command not found
Checking CPU usage for app replicas...
Checking CPU usage for app replicas...
Container ID: 640d43702b48 | CPU Usage: 109.64%
/mnt/c/Users/User/Desktop/devopsP2/auto_scaling.sh: line 42: bc: command not found
Container ID: 23d4c9c66a10 | CPU Usage: 0.11%
Container ID: 23d4c9c66a10 | CPU Usage: 0.11%
/mnt/c/Users/User/Desktop/devopsP2/auto_scaling.sh: line 42: bc: command not found
/mnt/c/Users/User/Desktop/devopsP2/auto_scaling.sh: line 42: bc: command not found
Container ID: 9bdfc9452f52 | CPU Usage: 103.81%
/mnt/c/Users/User/Desktop/devopsP2/auto_scaling.sh: line 42: bc: command not found
Container ID: 9bdfc9452f52 | CPU Usage: 103.81%
/mnt/c/Users/User/Desktop/devopsP2/auto_scaling.sh: line 42: bc: command not found
Checking CPU usage for app replicas...
Container ID: 640d43702b48 | CPU Usage: 0.00%
Container ID: 640d43702b48 | CPU Usage: 0.00%
/mnt/c/Users/User/Desktop/devopsP2/auto_scaling.sh: line 42: bc: command not found
/mnt/c/Users/User/Desktop/devopsP2/auto_scaling.sh: line 42: bc: command not found
Container ID: 23d4c9c66a10 | CPU Usage: 4.10%
/mnt/c/Users/User/Desktop/devopsP2/auto_scaling.sh: line 42: bc: command not found
Checking CPU usage for app replicas...
Container ID: 9bdfc9452f52 | CPU Usage: 106.98%
/mnt/c/Users/User/Desktop/devopsP2/auto_scaling.sh: line 42: bc: command not found
Container ID: 23d4c9c66a10 | CPU Usage: 97.33%
/mnt/c/Users/User/Desktop/devopsP2/auto_scaling.sh: line 42: bc: command not found
Container ID: 640d43702b48 | CPU Usage: 102.82%
/mnt/c/Users/User/Desktop/devopsP2/auto_scaling.sh: line 42: bc: command not found
Checking CPU usage for app replicas...
Container ID: 9bdfc9452f52 | CPU Usage: 101.63%
/mnt/c/Users/User/Desktop/devopsP2/auto_scaling.sh: line 42: bc: command not found
Container ID: 23d4c9c66a10 | CPU Usage: 99.39%
/mnt/c/Users/User/Desktop/devopsP2/auto_scaling.sh: line 42: bc: command not found
Container ID: 640d43702b48 | CPU Usage: 101.05%
Checking CPU usage for app replicas...
/mnt/c/Users/User/Desktop/devopsP2/auto_scaling.sh: line 42: bc: command not found
Checking CPU usage for app replicas...
Container ID: 9bdfc9452f52 | CPU Usage: 110.90%
/mnt/c/Users/User/Desktop/devopsP2/auto_scaling.sh: line 42: bc: command not found
Container ID: 23d4c9c66a10 | CPU Usage: 112.77%
/mnt/c/Users/User/Desktop/devopsP2/auto_scaling.sh: line 42: bc: command not found
Container ID: 23d4c9c66a10 | CPU Usage: 112.77%
/mnt/c/Users/User/Desktop/devopsP2/auto_scaling.sh: line 42: bc: command not found
Container ID: 640d43702b48 | CPU Usage: 106.97%
/mnt/c/Users/User/Desktop/devopsP2/auto_scaling.sh: line 42: bc: command not found
Checking CPU usage for app replicas...
Container ID: 9bdfc9452f52 | CPU Usage: 104.75%
/mnt/c/Users/User/Desktop/devopsP2/auto_scaling.sh: line 42: bc: command not found
Container ID: 9bdfc9452f52 | CPU Usage: 104.75%
/mnt/c/Users/User/Desktop/devopsP2/auto_scaling.sh: line 42: bc: command not found
Container ID: 640d43702b48 | CPU Usage: 114.92%
Container ID: 640d43702b48 | CPU Usage: 114.92%
/mnt/c/Users/User/Desktop/devopsP2/auto_scaling.sh: line 42: bc: command not found
/mnt/c/Users/User/Desktop/devopsP2/auto_scaling.sh: line 42: bc: command not found
Container ID: 23d4c9c66a10 | CPU Usage: 0.13%
/mnt/c/Users/User/Desktop/devopsP2/auto_scaling.sh: line 42: bc: command not found
Container ID: 9bdfc9452f52 | CPU Usage: 112.00%
/mnt/c/Users/User/Desktop/devopsP2/auto_scaling.sh: line 42: bc: command not found
Checking CPU usage for app replicas...
Container ID: 640d43702b48 | CPU Usage: 104.76%
/mnt/c/Users/User/Desktop/devopsP2/auto_scaling.sh: line 42: bc: command not found
Container ID: 23d4c9c66a10 | CPU Usage: 64.79%
/mnt/c/Users/User/Desktop/devopsP2/auto_scaling.sh: line 42: bc: command not found
Checking CPU usage for app replicas...
Container ID: 9bdfc9452f52 | CPU Usage: 110.76%
Scaling service app to 1 replicas.
/mnt/c/Users/User/Desktop/devopsP2/auto_scaling.sh: line 42: bc: command not found
no configuration file provided: not found
Checking CPU usage for app replicas...
Container ID: 23d4c9c66a10 | CPU Usage: 0.00%
/mnt/c/Users/User/Desktop/devopsP2/auto_scaling.sh: line 42: bc: command not found
Container ID: 640d43702b48 | CPU Usage: 108.93%
/mnt/c/Users/User/Desktop/devopsP2/auto_scaling.sh: line 42: bc: command not found
Container ID: 9bdfc9452f52 | CPU Usage: 124.63%
/mnt/c/Users/User/Desktop/devopsP2/auto_scaling.sh: line 42: bc: command not found
Checking CPU usage for app replicas...
Checking CPU usage for app replicas...
Container ID: 640d43702b48 | CPU Usage: 103.10%
/mnt/c/Users/User/Desktop/devopsP2/auto_scaling.sh: line 42: bc: command not found
Container ID: 23d4c9c66a10 | CPU Usage: 115.41%
Container ID: 23d4c9c66a10 | CPU Usage: 115.41%
Container ID: 23d4c9c66a10 | CPU Usage: 115.41%
/mnt/c/Users/User/Desktop/devopsP2/auto_scaling.sh: line 42: bc: command not found
/mnt/c/Users/User/Desktop/devopsP2/auto_scaling.sh: line 42: bc: command not found
/mnt/c/Users/User/Desktop/devopsP2/auto_scaling.sh: line 42: bc: command not found
Container ID: 9bdfc9452f52 | CPU Usage: 106.03%
/mnt/c/Users/User/Desktop/devopsP2/auto_scaling.sh: line 42: bc: command not found
Container ID: 9bdfc9452f52 | CPU Usage: 113.16%
Container ID: 9bdfc9452f52 | CPU Usage: 113.16%
/mnt/c/Users/User/Desktop/devopsP2/auto_scaling.sh: line 42: bc: command not found
/mnt/c/Users/User/Desktop/devopsP2/auto_scaling.sh: line 42: bc: command not found
Checking CPU usage for app replicas...
Container ID: 640d43702b48 | CPU Usage: 106.02%
/mnt/c/Users/User/Desktop/devopsP2/auto_scaling.sh: line 42: bc: command not found
Container ID: 640d43702b48 | CPU Usage: 106.22%
Container ID: 640d43702b48 | CPU Usage: 106.22%
/mnt/c/Users/User/Desktop/devopsP2/auto_scaling.sh: line 42: bc: command not found
/mnt/c/Users/User/Desktop/devopsP2/auto_scaling.sh: line 42: bc: command not found
Container ID: 23d4c9c66a10 | CPU Usage: 119.04%
/mnt/c/Users/User/Desktop/devopsP2/auto_scaling.sh: line 42: bc: command not found
Checking CPU usage for app replicas...
Container ID: 9bdfc9452f52 | CPU Usage: 110.33%
/mnt/c/Users/User/Desktop/devopsP2/auto_scaling.sh: line 42: bc: command not found
Container ID: 23d4c9c66a10 | CPU Usage: 106.55%
/mnt/c/Users/User/Desktop/devopsP2/auto_scaling.sh: line 42: bc: command not found
Container ID: 640d43702b48 | CPU Usage: 101.42%
/mnt/c/Users/User/Desktop/devopsP2/auto_scaling.sh: line 42: bc: command not found
Checking CPU usage for app replicas...
Container ID: 9bdfc9452f52 | CPU Usage: 106.50%
/mnt/c/Users/User/Desktop/devopsP2/auto_scaling.sh: line 42: bc: command not found
Container ID: 23d4c9c66a10 | CPU Usage: 113.09%
Container ID: 640d43702b48 | CPU Usage: 105.16%
/mnt/c/Users/User/Desktop/devopsP2/auto_scaling.sh: line 42: bc: command not found
/mnt/c/Users/User/Desktop/devopsP2/auto_scaling.sh: line 42: bc: command not found
Checking CPU usage for app replicas...
Checking CPU usage for app replicas...
Container ID: 9bdfc9452f52 | CPU Usage: 104.90%
/mnt/c/Users/User/Desktop/devopsP2/auto_scaling.sh: line 42: bc: command not found
Container ID: 23d4c9c66a10 | CPU Usage: 113.16%
/mnt/c/Users/User/Desktop/devopsP2/auto_scaling.sh: line 42: bc: command not found
Container ID: 640d43702b48 | CPU Usage: 102.27%
/mnt/c/Users/User/Desktop/devopsP2/auto_scaling.sh: line 42: bc: command not found
Container ID: 23d4c9c66a10 | CPU Usage: 113.16%
/mnt/c/Users/User/Desktop/devopsP2/auto_scaling.sh: line 42: bc: command not found
Checking CPU usage for app replicas...
Container ID: 9bdfc9452f52 | CPU Usage: 111.88%
/mnt/c/Users/User/Desktop/devopsP2/auto_scaling.sh: line 42: bc: command not found
Container ID: 9bdfc9452f52 | CPU Usage: 61.48%
/mnt/c/Users/User/Desktop/devopsP2/auto_scaling.sh: line 42: bc: command not found
Container ID: 23d4c9c66a10 | CPU Usage: 111.99%
/mnt/c/Users/User/Desktop/devopsP2/auto_scaling.sh: line 42: bc: command not found
Container ID: 640d43702b48 | CPU Usage: 0.11%
/mnt/c/Users/User/Desktop/devopsP2/auto_scaling.sh: line 42: bc: command not found
Container ID: 640d43702b48 | CPU Usage: 0.11%
/mnt/c/Users/User/Desktop/devopsP2/auto_scaling.sh: line 42: bc: command not found
Container ID: 9bdfc9452f52 | CPU Usage: 0.12%
/mnt/c/Users/User/Desktop/devopsP2/auto_scaling.sh: line 42: bc: command not found
Container ID: 640d43702b48 | CPU Usage: 0.12%
Checking CPU usage for app replicas...
/mnt/c/Users/User/Desktop/devopsP2/auto_scaling.sh: line 42: bc: command not found
Container ID: 23d4c9c66a10 | CPU Usage: 112.98%
/mnt/c/Users/User/Desktop/devopsP2/auto_scaling.sh: line 42: bc: command not found
Checking CPU usage for app replicas...
Container ID: 23d4c9c66a10 | CPU Usage: 139.88%
/mnt/c/Users/User/Desktop/devopsP2/auto_scaling.sh: line 42: bc: command not found
Container ID: 9bdfc9452f52 | CPU Usage: 118.66%
/mnt/c/Users/User/Desktop/devopsP2/auto_scaling.sh: line 42: bc: command not found
Checking CPU usage for app replicas...
Container ID: 9bdfc9452f52 | CPU Usage: 97.65%
/mnt/c/Users/User/Desktop/devopsP2/auto_scaling.sh: line 42: bc: command not found
Checking CPU usage for app replicas...
Checking CPU usage for app replicas...
Container ID: 640d43702b48 | CPU Usage: 140.46%
Container ID: 23d4c9c66a10 | CPU Usage: 116.80%
Container ID: 640d43702b48 | CPU Usage: 140.46%
/mnt/c/Users/User/Desktop/devopsP2/auto_scaling.sh: line 42: bc: command not found
/mnt/c/Users/User/Desktop/devopsP2/auto_scaling.sh: line 42: bc: command not found
/mnt/c/Users/User/Desktop/devopsP2/auto_scaling.sh: line 42: bc: command not found
Container ID: 23d4c9c66a10 | CPU Usage: 140.80%
Container ID: 23d4c9c66a10 | CPU Usage: 140.80%
/mnt/c/Users/User/Desktop/devopsP2/auto_scaling.sh: line 42: bc: command not found
/mnt/c/Users/User/Desktop/devopsP2/auto_scaling.sh: line 42: bc: command not found
Checking CPU usage for app replicas...
Container ID: 9bdfc9452f52 | CPU Usage: 116.20%
Container ID: 9bdfc9452f52 | CPU Usage: 116.20%
Container ID: 9bdfc9452f52 | CPU Usage: 116.20%
/mnt/c/Users/User/Desktop/devopsP2/auto_scaling.sh: line 42: bc: command not found
/mnt/c/Users/User/Desktop/devopsP2/auto_scaling.sh: line 42: bc: command not found
/mnt/c/Users/User/Desktop/devopsP2/auto_scaling.sh: line 42: bc: command not found
Checking CPU usage for app replicas...
Container ID: 23d4c9c66a10 | CPU Usage: 122.09%
Container ID: 640d43702b48 | CPU Usage: 80.95%
Container ID: 640d43702b48 | CPU Usage: 80.95%
Container ID: 640d43702b48 | CPU Usage: 80.95%
/mnt/c/Users/User/Desktop/devopsP2/auto_scaling.sh: line 42: bc: command not found
/mnt/c/Users/User/Desktop/devopsP2/auto_scaling.sh: line 42: bc: command not found
/mnt/c/Users/User/Desktop/devopsP2/auto_scaling.sh: line 42: bc: command not found
/mnt/c/Users/User/Desktop/devopsP2/auto_scaling.sh: line 42: bc: command not found
Container ID: 23d4c9c66a10 | CPU Usage: 133.90%
/mnt/c/Users/User/Desktop/devopsP2/auto_scaling.sh: line 42: bc: command not found
Container ID: 9bdfc9452f52 | CPU Usage: 112.00%
/mnt/c/Users/User/Desktop/devopsP2/auto_scaling.sh: line 42: bc: command not found
Checking CPU usage for app replicas...
Container ID: 9bdfc9452f52 | CPU Usage: 104.36%
Container ID: 640d43702b48 | CPU Usage: 111.15%
/mnt/c/Users/User/Desktop/devopsP2/auto_scaling.sh: line 42: bc: command not found
/mnt/c/Users/User/Desktop/devopsP2/auto_scaling.sh: line 42: bc: command not found
Container ID: 640d43702b48 | CPU Usage: 0.16%
/mnt/c/Users/User/Desktop/devopsP2/auto_scaling.sh: line 42: bc: command not found
Container ID: 23d4c9c66a10 | CPU Usage: 100.48%
/mnt/c/Users/User/Desktop/devopsP2/auto_scaling.sh: line 42: bc: command not found
Checking CPU usage for app replicas...
Container ID: 9bdfc9452f52 | CPU Usage: 0.28%
/mnt/c/Users/User/Desktop/devopsP2/auto_scaling.sh: line 42: bc: command not found
Checking CPU usage for app replicas...
Scaling service app to 1 replicas.
no configuration file provided: not found
Checking CPU usage for app replicas...
Container ID: 23d4c9c66a10 | CPU Usage: 103.78%
Container ID: 23d4c9c66a10 | CPU Usage: 103.78%
/mnt/c/Users/User/Desktop/devopsP2/auto_scaling.sh: line 42: bc: command not found
/mnt/c/Users/User/Desktop/devopsP2/auto_scaling.sh: line 42: bc: command not found
Container ID: 640d43702b48 | CPU Usage: 0.31%
/mnt/c/Users/User/Desktop/devopsP2/auto_scaling.sh: line 42: bc: command not found
Container ID: 23d4c9c66a10 | CPU Usage: 92.95%
/mnt/c/Users/User/Desktop/devopsP2/auto_scaling.sh: line 42: bc: command not found
Checking CPU usage for app replicas...
Container ID: 9bdfc9452f52 | CPU Usage: 1.29%
Container ID: 9bdfc9452f52 | CPU Usage: 1.29%
/mnt/c/Users/User/Desktop/devopsP2/auto_scaling.sh: line 42: bc: command not found
/mnt/c/Users/User/Desktop/devopsP2/auto_scaling.sh: line 42: bc: command not found
Container ID: 9bdfc9452f52 | CPU Usage: 19.03%
/mnt/c/Users/User/Desktop/devopsP2/auto_scaling.sh: line 42: bc: command not found
Container ID: 640d43702b48 | CPU Usage: 0.00%
Container ID: 640d43702b48 | CPU Usage: 0.00%
/mnt/c/Users/User/Desktop/devopsP2/auto_scaling.sh: line 42: bc: command not found
/mnt/c/Users/User/Desktop/devopsP2/auto_scaling.sh: line 42: bc: command not found
Container ID: 23d4c9c66a10 | CPU Usage: 0.95%
/mnt/c/Users/User/Desktop/devopsP2/auto_scaling.sh: line 42: bc: command not found
Container ID: 640d43702b48 | CPU Usage: 0.04%
/mnt/c/Users/User/Desktop/devopsP2/auto_scaling.sh: line 42: bc: command not found
Container ID: 9bdfc9452f52 | CPU Usage: 118.85%
/mnt/c/Users/User/Desktop/devopsP2/auto_scaling.sh: line 42: bc: command not found
Container ID: 640d43702b48 | CPU Usage: 110.13%
/mnt/c/Users/User/Desktop/devopsP2/auto_scaling.sh: line 42: bc: command not found
Checking CPU usage for app replicas...
Checking CPU usage for app replicas...
Container ID: 23d4c9c66a10 | CPU Usage: 109.66%
/mnt/c/Users/User/Desktop/devopsP2/auto_scaling.sh: line 42: bc: command not found
Container ID: 23d4c9c66a10 | CPU Usage: 131.23%
/mnt/c/Users/User/Desktop/devopsP2/auto_scaling.sh: line 42: bc: command not found
Container ID: 9bdfc9452f52 | CPU Usage: 107.13%
Container ID: 9bdfc9452f52 | CPU Usage: 107.13%
/mnt/c/Users/User/Desktop/devopsP2/auto_scaling.sh: line 42: bc: command not found
/mnt/c/Users/User/Desktop/devopsP2/auto_scaling.sh: line 42: bc: command not found
Checking CPU usage for app replicas...
Checking CPU usage for app replicas...
Checking CPU usage for app replicas...
Container ID: 640d43702b48 | CPU Usage: 107.89%
Container ID: 640d43702b48 | CPU Usage: 107.89%
/mnt/c/Users/User/Desktop/devopsP2/auto_scaling.sh: line 42: bc: command not found
/mnt/c/Users/User/Desktop/devopsP2/auto_scaling.sh: line 42: bc: command not found
Container ID: 23d4c9c66a10 | CPU Usage: 74.87%
Container ID: 23d4c9c66a10 | CPU Usage: 74.87%
/mnt/c/Users/User/Desktop/devopsP2/auto_scaling.sh: line 42: bc: command not found
/mnt/c/Users/User/Desktop/devopsP2/auto_scaling.sh: line 42: bc: command not found
Container ID: 23d4c9c66a10 | CPU Usage: 74.87%
/mnt/c/Users/User/Desktop/devopsP2/auto_scaling.sh: line 42: bc: command not found
Container ID: 9bdfc9452f52 | CPU Usage: 106.11%
Container ID: 9bdfc9452f52 | CPU Usage: 106.11%
/mnt/c/Users/User/Desktop/devopsP2/auto_scaling.sh: line 42: bc: command not found
/mnt/c/Users/User/Desktop/devopsP2/auto_scaling.sh: line 42: bc: command not found
Container ID: 9bdfc9452f52 | CPU Usage: 106.11%
/mnt/c/Users/User/Desktop/devopsP2/auto_scaling.sh: line 42: bc: command not found
Checking CPU usage for app replicas...
Container ID: 640d43702b48 | CPU Usage: 107.20%
Container ID: 640d43702b48 | CPU Usage: 107.20%
Container ID: 640d43702b48 | CPU Usage: 107.20%
Container ID: 23d4c9c66a10 | CPU Usage: 1.30%
/mnt/c/Users/User/Desktop/devopsP2/auto_scaling.sh: line 42: bc: command not found
/mnt/c/Users/User/Desktop/devopsP2/auto_scaling.sh: line 42: bc: command not found
/mnt/c/Users/User/Desktop/devopsP2/auto_scaling.sh: line 42: bc: command not found
/mnt/c/Users/User/Desktop/devopsP2/auto_scaling.sh: line 42: bc: command not found
Checking CPU usage for app replicas...
Container ID: 9bdfc9452f52 | CPU Usage: 107.54%
/mnt/c/Users/User/Desktop/devopsP2/auto_scaling.sh: line 42: bc: command not found
Container ID: 23d4c9c66a10 | CPU Usage: 0.10%
/mnt/c/Users/User/Desktop/devopsP2/auto_scaling.sh: line 42: bc: command not found
Checking CPU usage for app replicas...
Container ID: 640d43702b48 | CPU Usage: 119.05%
/mnt/c/Users/User/Desktop/devopsP2/auto_scaling.sh: line 42: bc: command not found
Container ID: 9bdfc9452f52 | CPU Usage: 112.77%
/mnt/c/Users/User/Desktop/devopsP2/auto_scaling.sh: line 42: bc: command not found
Container ID: 23d4c9c66a10 | CPU Usage: 0.00%
/mnt/c/Users/User/Desktop/devopsP2/auto_scaling.sh: line 42: bc: command not found
Container ID: 640d43702b48 | CPU Usage: 108.81%
/mnt/c/Users/User/Desktop/devopsP2/auto_scaling.sh: line 42: bc: command not found
Container ID: 9bdfc9452f52 | CPU Usage: 108.81%
/mnt/c/Users/User/Desktop/devopsP2/auto_scaling.sh: line 42: bc: command not found
Checking CPU usage for app replicas...
Checking CPU usage for app replicas...
Container ID: 640d43702b48 | CPU Usage: 125.13%
/mnt/c/Users/User/Desktop/devopsP2/auto_scaling.sh: line 42: bc: command not found
Container ID: 23d4c9c66a10 | CPU Usage: 101.64%
Container ID: 23d4c9c66a10 | CPU Usage: 101.64%
/mnt/c/Users/User/Desktop/devopsP2/auto_scaling.sh: line 42: bc: command not found
/mnt/c/Users/User/Desktop/devopsP2/auto_scaling.sh: line 42: bc: command not found
Checking CPU usage for app replicas...
Container ID: 9bdfc9452f52 | CPU Usage: 109.04%
/mnt/c/Users/User/Desktop/devopsP2/auto_scaling.sh: line 42: bc: command not found
Container ID: 9bdfc9452f52 | CPU Usage: 109.04%
/mnt/c/Users/User/Desktop/devopsP2/auto_scaling.sh: line 42: bc: command not found
Container ID: 23d4c9c66a10 | CPU Usage: 112.74%
/mnt/c/Users/User/Desktop/devopsP2/auto_scaling.sh: line 42: bc: command not found
Checking CPU usage for app replicas...
Container ID: 640d43702b48 | CPU Usage: 104.56%
/mnt/c/Users/User/Desktop/devopsP2/auto_scaling.sh: line 42: bc: command not found
Container ID: 640d43702b48 | CPU Usage: 104.56%
/mnt/c/Users/User/Desktop/devopsP2/auto_scaling.sh: line 42: bc: command not found
Container ID: 9bdfc9452f52 | CPU Usage: 109.65%
/mnt/c/Users/User/Desktop/devopsP2/auto_scaling.sh: line 42: bc: command not found
Container ID: 23d4c9c66a10 | CPU Usage: 110.07%
/mnt/c/Users/User/Desktop/devopsP2/auto_scaling.sh: line 42: bc: command not found
Container ID: 640d43702b48 | CPU Usage: 108.60%
/mnt/c/Users/User/Desktop/devopsP2/auto_scaling.sh: line 42: bc: command not found
Container ID: 9bdfc9452f52 | CPU Usage: 115.59%
/mnt/c/Users/User/Desktop/devopsP2/auto_scaling.sh: line 42: bc: command not found
Container ID: 640d43702b48 | CPU Usage: 101.47%
/mnt/c/Users/User/Desktop/devopsP2/auto_scaling.sh: line 42: bc: command not found
Checking CPU usage for app replicas...
Checking CPU usage for app replicas...
Container ID: 23d4c9c66a10 | CPU Usage: 105.22%
/mnt/c/Users/User/Desktop/devopsP2/auto_scaling.sh: line 42: bc: command not found
Container ID: 23d4c9c66a10 | CPU Usage: 106.77%
/mnt/c/Users/User/Desktop/devopsP2/auto_scaling.sh: line 42: bc: command not found
Container ID: 9bdfc9452f52 | CPU Usage: 112.31%
/mnt/c/Users/User/Desktop/devopsP2/auto_scaling.sh: line 42: bc: command not found
Checking CPU usage for app replicas...
Checking CPU usage for app replicas...
Checking CPU usage for app replicas...
Container ID: 9bdfc9452f52 | CPU Usage: 112.23%
/mnt/c/Users/User/Desktop/devopsP2/auto_scaling.sh: line 42: bc: command not found
Container ID: 640d43702b48 | CPU Usage: 70.00%
/mnt/c/Users/User/Desktop/devopsP2/auto_scaling.sh: line 42: bc: command not found
Container ID: 640d43702b48 | CPU Usage: 103.96%
Container ID: 23d4c9c66a10 | CPU Usage: 103.81%
Container ID: 23d4c9c66a10 | CPU Usage: 103.81%
/mnt/c/Users/User/Desktop/devopsP2/auto_scaling.sh: line 42: bc: command not found
/mnt/c/Users/User/Desktop/devopsP2/auto_scaling.sh: line 42: bc: command not found
Container ID: 23d4c9c66a10 | CPU Usage: 103.81%
/mnt/c/Users/User/Desktop/devopsP2/auto_scaling.sh: line 42: bc: command not found
/mnt/c/Users/User/Desktop/devopsP2/auto_scaling.sh: line 42: bc: command not found
Scaling service app to 1 replicas.
no configuration file provided: not found
Checking CPU usage for app replicas...
Container ID: 9bdfc9452f52 | CPU Usage: 1.34%
Container ID: 9bdfc9452f52 | CPU Usage: 1.34%
Container ID: 9bdfc9452f52 | CPU Usage: 1.34%
/mnt/c/Users/User/Desktop/devopsP2/auto_scaling.sh: line 42: bc: command not found
/mnt/c/Users/User/Desktop/devopsP2/auto_scaling.sh: line 42: bc: command not found
/mnt/c/Users/User/Desktop/devopsP2/auto_scaling.sh: line 42: bc: command not found
Checking CPU usage for app replicas...
Container ID: 23d4c9c66a10 | CPU Usage: 137.43%
/mnt/c/Users/User/Desktop/devopsP2/auto_scaling.sh: line 42: bc: command not found
Container ID: 640d43702b48 | CPU Usage: 0.12%
/mnt/c/Users/User/Desktop/devopsP2/auto_scaling.sh: line 42: bc: command not found
Container ID: 23d4c9c66a10 | CPU Usage: 113.15%
Container ID: 640d43702b48 | CPU Usage: 0.15%
/mnt/c/Users/User/Desktop/devopsP2/auto_scaling.sh: line 42: bc: command not found
/mnt/c/Users/User/Desktop/devopsP2/auto_scaling.sh: line 42: bc: command not found
Container ID: 640d43702b48 | CPU Usage: 0.15%
/mnt/c/Users/User/Desktop/devopsP2/auto_scaling.sh: line 42: bc: command not found
Checking CPU usage for app replicas...
Container ID: 9bdfc9452f52 | CPU Usage: 0.12%
/mnt/c/Users/User/Desktop/devopsP2/auto_scaling.sh: line 42: bc: command not found
Container ID: 9bdfc9452f52 | CPU Usage: 0.12%
/mnt/c/Users/User/Desktop/devopsP2/auto_scaling.sh: line 42: bc: command not found
Container ID: 23d4c9c66a10 | CPU Usage: 107.32%
Container ID: 640d43702b48 | CPU Usage: 0.10%
/mnt/c/Users/User/Desktop/devopsP2/auto_scaling.sh: line 42: bc: command not found
/mnt/c/Users/User/Desktop/devopsP2/auto_scaling.sh: line 42: bc: command not found
Checking CPU usage for app replicas...
Container ID: 640d43702b48 | CPU Usage: 11.27%
/mnt/c/Users/User/Desktop/devopsP2/auto_scaling.sh: line 42: bc: command not found
Container ID: 9bdfc9452f52 | CPU Usage: 64.97%
/mnt/c/Users/User/Desktop/devopsP2/auto_scaling.sh: line 42: bc: command not found
Container ID: 23d4c9c66a10 | CPU Usage: 109.40%
/mnt/c/Users/User/Desktop/devopsP2/auto_scaling.sh: line 42: bc: command not found
Container ID: 640d43702b48 | CPU Usage: 103.87%
/mnt/c/Users/User/Desktop/devopsP2/auto_scaling.sh: line 42: bc: command not found
Container ID: 9bdfc9452f52 | CPU Usage: 111.75%
/mnt/c/Users/User/Desktop/devopsP2/auto_scaling.sh: line 42: bc: command not found
Checking CPU usage for app replicas...
Checking CPU usage for app replicas...
Container ID: 640d43702b48 | CPU Usage: 110.37%
/mnt/c/Users/User/Desktop/devopsP2/auto_scaling.sh: line 42: bc: command not found
Container ID: 23d4c9c66a10 | CPU Usage: 110.81%
Container ID: 23d4c9c66a10 | CPU Usage: 110.81%
/mnt/c/Users/User/Desktop/devopsP2/auto_scaling.sh: line 42: bc: command not found
/mnt/c/Users/User/Desktop/devopsP2/auto_scaling.sh: line 42: bc: command not found
Checking CPU usage for app replicas...
Container ID: 9bdfc9452f52 | CPU Usage: 117.16%
/mnt/c/Users/User/Desktop/devopsP2/auto_scaling.sh: line 42: bc: command not found
Container ID: 9bdfc9452f52 | CPU Usage: 117.16%
/mnt/c/Users/User/Desktop/devopsP2/auto_scaling.sh: line 42: bc: command not found
Container ID: 23d4c9c66a10 | CPU Usage: 80.97%
/mnt/c/Users/User/Desktop/devopsP2/auto_scaling.sh: line 42: bc: command not found
Checking CPU usage for app replicas...
Container ID: 640d43702b48 | CPU Usage: 76.45%
Container ID: 640d43702b48 | CPU Usage: 76.45%
/mnt/c/Users/User/Desktop/devopsP2/auto_scaling.sh: line 42: bc: command not found
/mnt/c/Users/User/Desktop/devopsP2/auto_scaling.sh: line 42: bc: command not found
Container ID: 9bdfc9452f52 | CPU Usage: 14.97%
/mnt/c/Users/User/Desktop/devopsP2/auto_scaling.sh: line 42: bc: command not found
Container ID: 23d4c9c66a10 | CPU Usage: 104.09%
/mnt/c/Users/User/Desktop/devopsP2/auto_scaling.sh: line 42: bc: command not found
Container ID: 640d43702b48 | CPU Usage: 0.10%
/mnt/c/Users/User/Desktop/devopsP2/auto_scaling.sh: line 42: bc: command not found
Container ID: 9bdfc9452f52 | CPU Usage: 0.12%
/mnt/c/Users/User/Desktop/devopsP2/auto_scaling.sh: line 42: bc: command not found
Container ID: 640d43702b48 | CPU Usage: 0.10%
/mnt/c/Users/User/Desktop/devopsP2/auto_scaling.sh: line 42: bc: command not found
Checking CPU usage for app replicas...
Checking CPU usage for app replicas...
Container ID: 23d4c9c66a10 | CPU Usage: 0.19%
/mnt/c/Users/User/Desktop/devopsP2/auto_scaling.sh: line 42: bc: command not found
Container ID: 9bdfc9452f52 | CPU Usage: 0.00%
/mnt/c/Users/User/Desktop/devopsP2/auto_scaling.sh: line 42: bc: command not found
Container ID: 23d4c9c66a10 | CPU Usage: 0.12%
/mnt/c/Users/User/Desktop/devopsP2/auto_scaling.sh: line 42: bc: command not found
Container ID: 640d43702b48 | CPU Usage: 99.07%
Checking CPU usage for app replicas...
/mnt/c/Users/User/Desktop/devopsP2/auto_scaling.sh: line 42: bc: command not found
Container ID: 9bdfc9452f52 | CPU Usage: 113.25%
/mnt/c/Users/User/Desktop/devopsP2/auto_scaling.sh: line 42: bc: command not found
Checking CPU usage for app replicas...
Checking CPU usage for app replicas...
Container ID: 23d4c9c66a10 | CPU Usage: 100.02%
Container ID: 640d43702b48 | CPU Usage: 100.34%
/mnt/c/Users/User/Desktop/devopsP2/auto_scaling.sh: line 42: bc: command not found
/mnt/c/Users/User/Desktop/devopsP2/auto_scaling.sh: line 42: bc: command not found
Container ID: 23d4c9c66a10 | CPU Usage: 117.98%
Container ID: 23d4c9c66a10 | CPU Usage: 117.98%
/mnt/c/Users/User/Desktop/devopsP2/auto_scaling.sh: line 42: bc: command not found
/mnt/c/Users/User/Desktop/devopsP2/auto_scaling.sh: line 42: bc: command not found
Checking CPU usage for app replicas...
Container ID: 9bdfc9452f52 | CPU Usage: 117.48%
/mnt/c/Users/User/Desktop/devopsP2/auto_scaling.sh: line 42: bc: command not found
Container ID: 9bdfc9452f52 | CPU Usage: 117.48%
/mnt/c/Users/User/Desktop/devopsP2/auto_scaling.sh: line 42: bc: command not found
Checking CPU usage for app replicas...
Container ID: 9bdfc9452f52 | CPU Usage: 106.35%
/mnt/c/Users/User/Desktop/devopsP2/auto_scaling.sh: line 42: bc: command not found
Container ID: 23d4c9c66a10 | CPU Usage: 89.25%
/mnt/c/Users/User/Desktop/devopsP2/auto_scaling.sh: line 42: bc: command not found
Container ID: 23d4c9c66a10 | CPU Usage: 89.25%
Container ID: 640d43702b48 | CPU Usage: 105.23%
Container ID: 640d43702b48 | CPU Usage: 105.23%
/mnt/c/Users/User/Desktop/devopsP2/auto_scaling.sh: line 42: bc: command not found
/mnt/c/Users/User/Desktop/devopsP2/auto_scaling.sh: line 42: bc: command not found
/mnt/c/Users/User/Desktop/devopsP2/auto_scaling.sh: line 42: bc: command not found
Container ID: 640d43702b48 | CPU Usage: 100.07%
/mnt/c/Users/User/Desktop/devopsP2/auto_scaling.sh: line 42: bc: command not found
Checking CPU usage for app replicas...
Container ID: 9bdfc9452f52 | CPU Usage: 112.00%
Container ID: 9bdfc9452f52 | CPU Usage: 112.00%
/mnt/c/Users/User/Desktop/devopsP2/auto_scaling.sh: line 42: bc: command not found
/mnt/c/Users/User/Desktop/devopsP2/auto_scaling.sh: line 42: bc: command not found
Container ID: 23d4c9c66a10 | CPU Usage: 105.65%
Container ID: 640d43702b48 | CPU Usage: 111.24%
Container ID: 640d43702b48 | CPU Usage: 111.24%
/mnt/c/Users/User/Desktop/devopsP2/auto_scaling.sh: line 42: bc: command not found
/mnt/c/Users/User/Desktop/devopsP2/auto_scaling.sh: line 42: bc: command not found
/mnt/c/Users/User/Desktop/devopsP2/auto_scaling.sh: line 42: bc: command not found
Checking CPU usage for app replicas...
Container ID: 9bdfc9452f52 | CPU Usage: 106.95%
/mnt/c/Users/User/Desktop/devopsP2/auto_scaling.sh: line 42: bc: command not found
Container ID: 23d4c9c66a10 | CPU Usage: 0.11%
/mnt/c/Users/User/Desktop/devopsP2/auto_scaling.sh: line 42: bc: command not found
Container ID: 9bdfc9452f52 | CPU Usage: 98.58%
Container ID: 640d43702b48 | CPU Usage: 102.19%
/mnt/c/Users/User/Desktop/devopsP2/auto_scaling.sh: line 42: bc: command not found
/mnt/c/Users/User/Desktop/devopsP2/auto_scaling.sh: line 42: bc: command not found
Checking CPU usage for app replicas...
Checking CPU usage for app replicas...
Container ID: 640d43702b48 | CPU Usage: 103.16%
/mnt/c/Users/User/Desktop/devopsP2/auto_scaling.sh: line 42: bc: command not found
Container ID: 23d4c9c66a10 | CPU Usage: 0.14%
Container ID: 23d4c9c66a10 | CPU Usage: 0.14%
/mnt/c/Users/User/Desktop/devopsP2/auto_scaling.sh: line 42: bc: command not found
/mnt/c/Users/User/Desktop/devopsP2/auto_scaling.sh: line 42: bc: command not found
Checking CPU usage for app replicas...
Container ID: 9bdfc9452f52 | CPU Usage: 103.68%
Container ID: 9bdfc9452f52 | CPU Usage: 103.68%
/mnt/c/Users/User/Desktop/devopsP2/auto_scaling.sh: line 42: bc: command not found
/mnt/c/Users/User/Desktop/devopsP2/auto_scaling.sh: line 42: bc: command not found
Container ID: 23d4c9c66a10 | CPU Usage: 0.00%
/mnt/c/Users/User/Desktop/devopsP2/auto_scaling.sh: line 42: bc: command not found
Checking CPU usage for app replicas...
Container ID: 640d43702b48 | CPU Usage: 100.80%
Container ID: 640d43702b48 | CPU Usage: 100.80%
/mnt/c/Users/User/Desktop/devopsP2/auto_scaling.sh: line 42: bc: command not found
/mnt/c/Users/User/Desktop/devopsP2/auto_scaling.sh: line 42: bc: command not found
Container ID: 9bdfc9452f52 | CPU Usage: 99.07%
/mnt/c/Users/User/Desktop/devopsP2/auto_scaling.sh: line 42: bc: command not found
Container ID: 23d4c9c66a10 | CPU Usage: 103.78%
/mnt/c/Users/User/Desktop/devopsP2/auto_scaling.sh: line 42: bc: command not found
Container ID: 640d43702b48 | CPU Usage: 89.03%
/mnt/c/Users/User/Desktop/devopsP2/auto_scaling.sh: line 42: bc: command not found
Scaling service app to 1 replicas.
no configuration file provided: not found
Checking CPU usage for app replicas...
Container ID: 9bdfc9452f52 | CPU Usage: 105.38%
/mnt/c/Users/User/Desktop/devopsP2/auto_scaling.sh: line 42: bc: command not found
Container ID: 640d43702b48 | CPU Usage: 108.51%
Container ID: 23d4c9c66a10 | CPU Usage: 107.13%
/mnt/c/Users/User/Desktop/devopsP2/auto_scaling.sh: line 42: bc: command not found
/mnt/c/Users/User/Desktop/devopsP2/auto_scaling.sh: line 42: bc: command not found
Checking CPU usage for app replicas...
Container ID: 9bdfc9452f52 | CPU Usage: 101.56%
/mnt/c/Users/User/Desktop/devopsP2/auto_scaling.sh: line 42: bc: command not found
Container ID: 23d4c9c66a10 | CPU Usage: 104.67%
/mnt/c/Users/User/Desktop/devopsP2/auto_scaling.sh: line 42: bc: command not found
Checking CPU usage for app replicas...
Container ID: 640d43702b48 | CPU Usage: 103.21%
/mnt/c/Users/User/Desktop/devopsP2/auto_scaling.sh: line 42: bc: command not found
Container ID: 9bdfc9452f52 | CPU Usage: 111.58%
/mnt/c/Users/User/Desktop/devopsP2/auto_scaling.sh: line 42: bc: command not found
Container ID: 23d4c9c66a10 | CPU Usage: 114.25%
/mnt/c/Users/User/Desktop/devopsP2/auto_scaling.sh: line 42: bc: command not found
Container ID: 640d43702b48 | CPU Usage: 109.87%
/mnt/c/Users/User/Desktop/devopsP2/auto_scaling.sh: line 42: bc: command not found
Container ID: 9bdfc9452f52 | CPU Usage: 110.76%
/mnt/c/Users/User/Desktop/devopsP2/auto_scaling.sh: line 42: bc: command not found
Checking CPU usage for app replicas...
Checking CPU usage for app replicas...
Checking CPU usage for app replicas...
Container ID: 640d43702b48 | CPU Usage: 74.69%
Container ID: 23d4c9c66a10 | CPU Usage: 104.79%
/mnt/c/Users/User/Desktop/devopsP2/auto_scaling.sh: line 42: bc: command not found
Container ID: 23d4c9c66a10 | CPU Usage: 104.79%
/mnt/c/Users/User/Desktop/devopsP2/auto_scaling.sh: line 42: bc: command not found
/mnt/c/Users/User/Desktop/devopsP2/auto_scaling.sh: line 42: bc: command not found
Container ID: 23d4c9c66a10 | CPU Usage: 103.66%
/mnt/c/Users/User/Desktop/devopsP2/auto_scaling.sh: line 42: bc: command not found
Checking CPU usage for app replicas...
Checking CPU usage for app replicas...
Container ID: 9bdfc9452f52 | CPU Usage: 0.42%
/mnt/c/Users/User/Desktop/devopsP2/auto_scaling.sh: line 42: bc: command not found
Container ID: 9bdfc9452f52 | CPU Usage: 0.42%
/mnt/c/Users/User/Desktop/devopsP2/auto_scaling.sh: line 42: bc: command not found
Container ID: 9bdfc9452f52 | CPU Usage: 0.10%
/mnt/c/Users/User/Desktop/devopsP2/auto_scaling.sh: line 42: bc: command not found
Container ID: 23d4c9c66a10 | CPU Usage: 99.31%
Container ID: 23d4c9c66a10 | CPU Usage: 99.31%
/mnt/c/Users/User/Desktop/devopsP2/auto_scaling.sh: line 42: bc: command not found
/mnt/c/Users/User/Desktop/devopsP2/auto_scaling.sh: line 42: bc: command not found
Container ID: 640d43702b48 | CPU Usage: 1.73%
Container ID: 640d43702b48 | CPU Usage: 1.73%
/mnt/c/Users/User/Desktop/devopsP2/auto_scaling.sh: line 42: bc: command not found
/mnt/c/Users/User/Desktop/devopsP2/auto_scaling.sh: line 42: bc: command not found
Container ID: 640d43702b48 | CPU Usage: 0.12%
/mnt/c/Users/User/Desktop/devopsP2/auto_scaling.sh: line 42: bc: command not found
Checking CPU usage for app replicas...
Container ID: 9bdfc9452f52 | CPU Usage: 0.10%
Container ID: 9bdfc9452f52 | CPU Usage: 0.10%
/mnt/c/Users/User/Desktop/devopsP2/auto_scaling.sh: line 42: bc: command not found
/mnt/c/Users/User/Desktop/devopsP2/auto_scaling.sh: line 42: bc: command not found
Checking CPU usage for app replicas...
Container ID: 640d43702b48 | CPU Usage: 4.50%
Container ID: 23d4c9c66a10 | CPU Usage: 103.60%
/mnt/c/Users/User/Desktop/devopsP2/auto_scaling.sh: line 42: bc: command not found
/mnt/c/Users/User/Desktop/devopsP2/auto_scaling.sh: line 42: bc: command not found
Container ID: 640d43702b48 | CPU Usage: 4.50%
/mnt/c/Users/User/Desktop/devopsP2/auto_scaling.sh: line 42: bc: command not found
Container ID: 23d4c9c66a10 | CPU Usage: 99.66%
Container ID: 9bdfc9452f52 | CPU Usage: 103.64%
/mnt/c/Users/User/Desktop/devopsP2/auto_scaling.sh: line 42: bc: command not found
/mnt/c/Users/User/Desktop/devopsP2/auto_scaling.sh: line 42: bc: command not found
Container ID: 9bdfc9452f52 | CPU Usage: 109.45%
Container ID: 640d43702b48 | CPU Usage: 94.61%
/mnt/c/Users/User/Desktop/devopsP2/auto_scaling.sh: line 42: bc: command not found
/mnt/c/Users/User/Desktop/devopsP2/auto_scaling.sh: line 42: bc: command not found
Checking CPU usage for app replicas...
Checking CPU usage for app replicas...
Container ID: 640d43702b48 | CPU Usage: 106.70%
/mnt/c/Users/User/Desktop/devopsP2/auto_scaling.sh: line 42: bc: command not found
Container ID: 23d4c9c66a10 | CPU Usage: 102.04%
Container ID: 23d4c9c66a10 | CPU Usage: 102.04%
/mnt/c/Users/User/Desktop/devopsP2/auto_scaling.sh: line 42: bc: command not found
/mnt/c/Users/User/Desktop/devopsP2/auto_scaling.sh: line 42: bc: command not found
Checking CPU usage for app replicas...
Container ID: 9bdfc9452f52 | CPU Usage: 101.54%
Container ID: 9bdfc9452f52 | CPU Usage: 101.54%
/mnt/c/Users/User/Desktop/devopsP2/auto_scaling.sh: line 42: bc: command not found
/mnt/c/Users/User/Desktop/devopsP2/auto_scaling.sh: line 42: bc: command not found
Container ID: 640d43702b48 | CPU Usage: 0.00%
/mnt/c/Users/User/Desktop/devopsP2/auto_scaling.sh: line 42: bc: command not found
Container ID: 23d4c9c66a10 | CPU Usage: 105.78%
/mnt/c/Users/User/Desktop/devopsP2/auto_scaling.sh: line 42: bc: command not found
Checking CPU usage for app replicas...
Container ID: 23d4c9c66a10 | CPU Usage: 0.11%
Container ID: 9bdfc9452f52 | CPU Usage: 0.10%
Container ID: 640d43702b48 | CPU Usage: 97.00%
/mnt/c/Users/User/Desktop/devopsP2/auto_scaling.sh: line 42: bc: command not found
/mnt/c/Users/User/Desktop/devopsP2/auto_scaling.sh: line 42: bc: command not found
/mnt/c/Users/User/Desktop/devopsP2/auto_scaling.sh: line 42: bc: command not found
Container ID: 9bdfc9452f52 | CPU Usage: 0.20%
Container ID: 640d43702b48 | CPU Usage: 96.36%
/mnt/c/Users/User/Desktop/devopsP2/auto_scaling.sh: line 42: bc: command not found
/mnt/c/Users/User/Desktop/devopsP2/auto_scaling.sh: line 42: bc: command not found
Checking CPU usage for app replicas...
Container ID: 640d43702b48 | CPU Usage: 100.14%
/mnt/c/Users/User/Desktop/devopsP2/auto_scaling.sh: line 42: bc: command not found
Container ID: 23d4c9c66a10 | CPU Usage: 0.57%
/mnt/c/Users/User/Desktop/devopsP2/auto_scaling.sh: line 42: bc: command not found
Checking CPU usage for app replicas...
Checking CPU usage for app replicas...
Container ID: 9bdfc9452f52 | CPU Usage: 0.00%
/mnt/c/Users/User/Desktop/devopsP2/auto_scaling.sh: line 42: bc: command not found
Container ID: 23d4c9c66a10 | CPU Usage: 82.98%
/mnt/c/Users/User/Desktop/devopsP2/auto_scaling.sh: line 42: bc: command not found
Container ID: 640d43702b48 | CPU Usage: 111.20%
Container ID: 23d4c9c66a10 | CPU Usage: 103.42%
/mnt/c/Users/User/Desktop/devopsP2/auto_scaling.sh: line 42: bc: command not found
/mnt/c/Users/User/Desktop/devopsP2/auto_scaling.sh: line 42: bc: command not found
Checking CPU usage for app replicas...
Checking CPU usage for app replicas...
Checking CPU usage for app replicas...
Container ID: 9bdfc9452f52 | CPU Usage: 98.19%
Container ID: 9bdfc9452f52 | CPU Usage: 98.19%
/mnt/c/Users/User/Desktop/devopsP2/auto_scaling.sh: line 42: bc: command not found
/mnt/c/Users/User/Desktop/devopsP2/auto_scaling.sh: line 42: bc: command not found
Container ID: 23d4c9c66a10 | CPU Usage: 105.41%
/mnt/c/Users/User/Desktop/devopsP2/auto_scaling.sh: line 42: bc: command not found
Container ID: 23d4c9c66a10 | CPU Usage: 105.41%
/mnt/c/Users/User/Desktop/devopsP2/auto_scaling.sh: line 42: bc: command not found
Container ID: 640d43702b48 | CPU Usage: 103.08%
Container ID: 23d4c9c66a10 | CPU Usage: 93.71%
Container ID: 640d43702b48 | CPU Usage: 103.08%
/mnt/c/Users/User/Desktop/devopsP2/auto_scaling.sh: line 42: bc: command not found
/mnt/c/Users/User/Desktop/devopsP2/auto_scaling.sh: line 42: bc: command not found
/mnt/c/Users/User/Desktop/devopsP2/auto_scaling.sh: line 42: bc: command not found
Checking CPU usage for app replicas...
Checking CPU usage for app replicas...
Container ID: 9bdfc9452f52 | CPU Usage: 104.47%
/mnt/c/Users/User/Desktop/devopsP2/auto_scaling.sh: line 42: bc: command not found
Container ID: 9bdfc9452f52 | CPU Usage: 104.47%
/mnt/c/Users/User/Desktop/devopsP2/auto_scaling.sh: line 42: bc: command not found
Container ID: 9bdfc9452f52 | CPU Usage: 100.11%
/mnt/c/Users/User/Desktop/devopsP2/auto_scaling.sh: line 42: bc: command not found
Container ID: 23d4c9c66a10 | CPU Usage: 0.00%
/mnt/c/Users/User/Desktop/devopsP2/auto_scaling.sh: line 42: bc: command not found
Container ID: 23d4c9c66a10 | CPU Usage: 0.00%
/mnt/c/Users/User/Desktop/devopsP2/auto_scaling.sh: line 42: bc: command not found
Container ID: 640d43702b48 | CPU Usage: 100.58%
Container ID: 640d43702b48 | CPU Usage: 100.58%
/mnt/c/Users/User/Desktop/devopsP2/auto_scaling.sh: line 42: bc: command not found
/mnt/c/Users/User/Desktop/devopsP2/auto_scaling.sh: line 42: bc: command not found
Container ID: 640d43702b48 | CPU Usage: 110.06%
/mnt/c/Users/User/Desktop/devopsP2/auto_scaling.sh: line 42: bc: command not found
Checking CPU usage for app replicas...
Container ID: 9bdfc9452f52 | CPU Usage: 106.26%
Container ID: 9bdfc9452f52 | CPU Usage: 106.26%
/mnt/c/Users/User/Desktop/devopsP2/auto_scaling.sh: line 42: bc: command not found
/mnt/c/Users/User/Desktop/devopsP2/auto_scaling.sh: line 42: bc: command not found
Checking CPU usage for app replicas...
Container ID: 23d4c9c66a10 | CPU Usage: 113.07%
Container ID: 640d43702b48 | CPU Usage: 109.43%
Container ID: 640d43702b48 | CPU Usage: 109.43%
/mnt/c/Users/User/Desktop/devopsP2/auto_scaling.sh: line 42: bc: command not found
/mnt/c/Users/User/Desktop/devopsP2/auto_scaling.sh: line 42: bc: command not found
/mnt/c/Users/User/Desktop/devopsP2/auto_scaling.sh: line 42: bc: command not found
Scaling service app to 1 replicas.
Container ID: 9bdfc9452f52 | CPU Usage: 102.56%
/mnt/c/Users/User/Desktop/devopsP2/auto_scaling.sh: line 42: bc: command not found
Container ID: 23d4c9c66a10 | CPU Usage: 105.25%
no configuration file provided: not found
/mnt/c/Users/User/Desktop/devopsP2/auto_scaling.sh: line 42: bc: command not found
Checking CPU usage for app replicas...
Container ID: 23d4c9c66a10 | CPU Usage: 109.24%
/mnt/c/Users/User/Desktop/devopsP2/auto_scaling.sh: line 42: bc: command not found
Container ID: 640d43702b48 | CPU Usage: 105.24%
Container ID: 9bdfc9452f52 | CPU Usage: 109.91%
/mnt/c/Users/User/Desktop/devopsP2/auto_scaling.sh: line 42: bc: command not found
/mnt/c/Users/User/Desktop/devopsP2/auto_scaling.sh: line 42: bc: command not found
Checking CPU usage for app replicas...
Container ID: 640d43702b48 | CPU Usage: 117.07%
Container ID: 9bdfc9452f52 | CPU Usage: 113.64%
/mnt/c/Users/User/Desktop/devopsP2/auto_scaling.sh: line 42: bc: command not found
/mnt/c/Users/User/Desktop/devopsP2/auto_scaling.sh: line 42: bc: command not found
Checking CPU usage for app replicas...
Container ID: 23d4c9c66a10 | CPU Usage: 112.76%
/mnt/c/Users/User/Desktop/devopsP2/auto_scaling.sh: line 42: bc: command not found
Container ID: 640d43702b48 | CPU Usage: 101.92%
/mnt/c/Users/User/Desktop/devopsP2/auto_scaling.sh: line 42: bc: command not found
Checking CPU usage for app replicas...
Container ID: 23d4c9c66a10 | CPU Usage: 104.39%
Container ID: 9bdfc9452f52 | CPU Usage: 105.89%
/mnt/c/Users/User/Desktop/devopsP2/auto_scaling.sh: line 42: bc: command not found
/mnt/c/Users/User/Desktop/devopsP2/auto_scaling.sh: line 42: bc: command not found
Checking CPU usage for app replicas...
Container ID: 23d4c9c66a10 | CPU Usage: 110.41%
/mnt/c/Users/User/Desktop/devopsP2/auto_scaling.sh: line 42: bc: command not found
Container ID: 9bdfc9452f52 | CPU Usage: 110.01%
Container ID: 640d43702b48 | CPU Usage: 109.57%
/mnt/c/Users/User/Desktop/devopsP2/auto_scaling.sh: line 42: bc: command not found
/mnt/c/Users/User/Desktop/devopsP2/auto_scaling.sh: line 42: bc: command not found
Container ID: 23d4c9c66a10 | CPU Usage: 104.87%
Container ID: 9bdfc9452f52 | CPU Usage: 104.67%
/mnt/c/Users/User/Desktop/devopsP2/auto_scaling.sh: line 42: bc: command not found
/mnt/c/Users/User/Desktop/devopsP2/auto_scaling.sh: line 42: bc: command not found
Container ID: 640d43702b48 | CPU Usage: 76.49%
/mnt/c/Users/User/Desktop/devopsP2/auto_scaling.sh: line 42: bc: command not found
Container ID: 9bdfc9452f52 | CPU Usage: 102.94%
/mnt/c/Users/User/Desktop/devopsP2/auto_scaling.sh: line 42: bc: command not found
Container ID: 640d43702b48 | CPU Usage: 67.60%
/mnt/c/Users/User/Desktop/devopsP2/auto_scaling.sh: line 42: bc: command not found
Container ID: 640d43702b48 | CPU Usage: 0.19%
/mnt/c/Users/User/Desktop/devopsP2/auto_scaling.sh: line 42: bc: command not found
Checking CPU usage for app replicas...
Container ID: 23d4c9c66a10 | CPU Usage: 101.72%
/mnt/c/Users/User/Desktop/devopsP2/auto_scaling.sh: line 42: bc: command not found
Container ID: 9bdfc9452f52 | CPU Usage: 100.45%
/mnt/c/Users/User/Desktop/devopsP2/auto_scaling.sh: line 42: bc: command not found
Checking CPU usage for app replicas...
Checking CPU usage for app replicas...
Container ID: 640d43702b48 | CPU Usage: 8.04%
/mnt/c/Users/User/Desktop/devopsP2/auto_scaling.sh: line 42: bc: command not found
Container ID: 23d4c9c66a10 | CPU Usage: 102.12%
Container ID: 23d4c9c66a10 | CPU Usage: 102.12%
/mnt/c/Users/User/Desktop/devopsP2/auto_scaling.sh: line 42: bc: command not found
/mnt/c/Users/User/Desktop/devopsP2/auto_scaling.sh: line 42: bc: command not found
Checking CPU usage for app replicas...
Checking CPU usage for app replicas...
Checking CPU usage for app replicas...
Container ID: 9bdfc9452f52 | CPU Usage: 0.10%
/mnt/c/Users/User/Desktop/devopsP2/auto_scaling.sh: line 42: bc: command not found
Container ID: 9bdfc9452f52 | CPU Usage: 0.10%
/mnt/c/Users/User/Desktop/devopsP2/auto_scaling.sh: line 42: bc: command not found
Container ID: 23d4c9c66a10 | CPU Usage: 109.04%
/mnt/c/Users/User/Desktop/devopsP2/auto_scaling.sh: line 42: bc: command not found
Container ID: 23d4c9c66a10 | CPU Usage: 109.04%
/mnt/c/Users/User/Desktop/devopsP2/auto_scaling.sh: line 42: bc: command not found
Container ID: 640d43702b48 | CPU Usage: 105.09%
Container ID: 640d43702b48 | CPU Usage: 105.09%
/mnt/c/Users/User/Desktop/devopsP2/auto_scaling.sh: line 42: bc: command not found
Container ID: 23d4c9c66a10 | CPU Usage: 100.57%
/mnt/c/Users/User/Desktop/devopsP2/auto_scaling.sh: line 42: bc: command not found
/mnt/c/Users/User/Desktop/devopsP2/auto_scaling.sh: line 42: bc: command not found
Checking CPU usage for app replicas...
Checking CPU usage for app replicas...
Container ID: 9bdfc9452f52 | CPU Usage: 0.91%
Container ID: 9bdfc9452f52 | CPU Usage: 0.91%
/mnt/c/Users/User/Desktop/devopsP2/auto_scaling.sh: line 42: bc: command not found
/mnt/c/Users/User/Desktop/devopsP2/auto_scaling.sh: line 42: bc: command not found
Container ID: 9bdfc9452f52 | CPU Usage: 0.95%
/mnt/c/Users/User/Desktop/devopsP2/auto_scaling.sh: line 42: bc: command not found
Container ID: 23d4c9c66a10 | CPU Usage: 0.13%
/mnt/c/Users/User/Desktop/devopsP2/auto_scaling.sh: line 42: bc: command not found
Container ID: 640d43702b48 | CPU Usage: 11.21%
Container ID: 640d43702b48 | CPU Usage: 11.21%
/mnt/c/Users/User/Desktop/devopsP2/auto_scaling.sh: line 42: bc: command not found
Container ID: 23d4c9c66a10 | CPU Usage: 0.13%
/mnt/c/Users/User/Desktop/devopsP2/auto_scaling.sh: line 42: bc: command not found
/mnt/c/Users/User/Desktop/devopsP2/auto_scaling.sh: line 42: bc: command not found
Container ID: 640d43702b48 | CPU Usage: 0.00%
/mnt/c/Users/User/Desktop/devopsP2/auto_scaling.sh: line 42: bc: command not found
Checking CPU usage for app replicas...
Container ID: 9bdfc9452f52 | CPU Usage: 72.85%
Container ID: 9bdfc9452f52 | CPU Usage: 72.85%
/mnt/c/Users/User/Desktop/devopsP2/auto_scaling.sh: line 42: bc: command not found
/mnt/c/Users/User/Desktop/devopsP2/auto_scaling.sh: line 42: bc: command not found
Checking CPU usage for app replicas...
Container ID: 23d4c9c66a10 | CPU Usage: 2.08%
Container ID: 640d43702b48 | CPU Usage: 107.36%
Container ID: 640d43702b48 | CPU Usage: 107.36%
/mnt/c/Users/User/Desktop/devopsP2/auto_scaling.sh: line 42: bc: command not found
/mnt/c/Users/User/Desktop/devopsP2/auto_scaling.sh: line 42: bc: command not found
/mnt/c/Users/User/Desktop/devopsP2/auto_scaling.sh: line 42: bc: command not found
Container ID: 23d4c9c66a10 | CPU Usage: 0.62%
/mnt/c/Users/User/Desktop/devopsP2/auto_scaling.sh: line 42: bc: command not found
Checking CPU usage for app replicas...
Container ID: 9bdfc9452f52 | CPU Usage: 102.16%
/mnt/c/Users/User/Desktop/devopsP2/auto_scaling.sh: line 42: bc: command not found
Container ID: 23d4c9c66a10 | CPU Usage: 2.55%
Container ID: 9bdfc9452f52 | CPU Usage: 103.50%
/mnt/c/Users/User/Desktop/devopsP2/auto_scaling.sh: line 42: bc: command not found
/mnt/c/Users/User/Desktop/devopsP2/auto_scaling.sh: line 42: bc: command not found
Container ID: 640d43702b48 | CPU Usage: 112.58%
/mnt/c/Users/User/Desktop/devopsP2/auto_scaling.sh: line 42: bc: command not found
Checking CPU usage for app replicas...
Container ID: 9bdfc9452f52 | CPU Usage: 0.00%
/mnt/c/Users/User/Desktop/devopsP2/auto_scaling.sh: line 42: bc: command not found
Container ID: 640d43702b48 | CPU Usage: 102.12%
/mnt/c/Users/User/Desktop/devopsP2/auto_scaling.sh: line 42: bc: command not found
Checking CPU usage for app replicas...
Container ID: 640d43702b48 | CPU Usage: 101.62%
Container ID: 23d4c9c66a10 | CPU Usage: 81.93%
/mnt/c/Users/User/Desktop/devopsP2/auto_scaling.sh: line 42: bc: command not found
/mnt/c/Users/User/Desktop/devopsP2/auto_scaling.sh: line 42: bc: command not found
Checking CPU usage for app replicas...
Container ID: 23d4c9c66a10 | CPU Usage: 51.51%
/mnt/c/Users/User/Desktop/devopsP2/auto_scaling.sh: line 42: bc: command not found
Container ID: 9bdfc9452f52 | CPU Usage: 116.09%
/mnt/c/Users/User/Desktop/devopsP2/auto_scaling.sh: line 42: bc: command not found
Checking CPU usage for app replicas...
Container ID: 23d4c9c66a10 | CPU Usage: 94.37%
Container ID: 9bdfc9452f52 | CPU Usage: 110.04%
/mnt/c/Users/User/Desktop/devopsP2/auto_scaling.sh: line 42: bc: command not found
/mnt/c/Users/User/Desktop/devopsP2/auto_scaling.sh: line 42: bc: command not found
Container ID: 640d43702b48 | CPU Usage: 112.15%
/mnt/c/Users/User/Desktop/devopsP2/auto_scaling.sh: line 42: bc: command not found
Container ID: 23d4c9c66a10 | CPU Usage: 96.52%
/mnt/c/Users/User/Desktop/devopsP2/auto_scaling.sh: line 42: bc: command not found
Container ID: 640d43702b48 | CPU Usage: 99.52%
/mnt/c/Users/User/Desktop/devopsP2/auto_scaling.sh: line 42: bc: command not found
Container ID: 9bdfc9452f52 | CPU Usage: 101.77%
/mnt/c/Users/User/Desktop/devopsP2/auto_scaling.sh: line 42: bc: command not found
Container ID: 9bdfc9452f52 | CPU Usage: 112.03%
/mnt/c/Users/User/Desktop/devopsP2/auto_scaling.sh: line 42: bc: command not found
Container ID: 640d43702b48 | CPU Usage: 104.05%
/mnt/c/Users/User/Desktop/devopsP2/auto_scaling.sh: line 42: bc: command not found
Checking CPU usage for app replicas...
Container ID: 640d43702b48 | CPU Usage: 103.05%
/mnt/c/Users/User/Desktop/devopsP2/auto_scaling.sh: line 42: bc: command not found
Container ID: 23d4c9c66a10 | CPU Usage: 0.15%
/mnt/c/Users/User/Desktop/devopsP2/auto_scaling.sh: line 42: bc: command not found
Container ID: 9bdfc9452f52 | CPU Usage: 105.18%
/mnt/c/Users/User/Desktop/devopsP2/auto_scaling.sh: line 42: bc: command not found
Checking CPU usage for app replicas...
Checking CPU usage for app replicas...
Container ID: 640d43702b48 | CPU Usage: 99.90%
/mnt/c/Users/User/Desktop/devopsP2/auto_scaling.sh: line 42: bc: command not found
Container ID: 23d4c9c66a10 | CPU Usage: 27.04%
Container ID: 23d4c9c66a10 | CPU Usage: 27.04%
/mnt/c/Users/User/Desktop/devopsP2/auto_scaling.sh: line 42: bc: command not found
/mnt/c/Users/User/Desktop/devopsP2/auto_scaling.sh: line 42: bc: command not found
Scaling service app to 1 replicas.
no configuration file provided: not found
Checking CPU usage for app replicas...
Checking CPU usage for app replicas...
Checking CPU usage for app replicas...
Container ID: 9bdfc9452f52 | CPU Usage: 110.16%
/mnt/c/Users/User/Desktop/devopsP2/auto_scaling.sh: line 42: bc: command not found
Container ID: 9bdfc9452f52 | CPU Usage: 110.16%
/mnt/c/Users/User/Desktop/devopsP2/auto_scaling.sh: line 42: bc: command not found
Checking CPU usage for app replicas...
Container ID: 23d4c9c66a10 | CPU Usage: 0.00%
Container ID: 23d4c9c66a10 | CPU Usage: 0.00%
Container ID: 23d4c9c66a10 | CPU Usage: 0.00%
/mnt/c/Users/User/Desktop/devopsP2/auto_scaling.sh: line 42: bc: command not found
/mnt/c/Users/User/Desktop/devopsP2/auto_scaling.sh: line 42: bc: command not found
/mnt/c/Users/User/Desktop/devopsP2/auto_scaling.sh: line 42: bc: command not found
Checking CPU usage for app replicas...
Checking CPU usage for app replicas...
Container ID: 23d4c9c66a10 | CPU Usage: 0.04%
/mnt/c/Users/User/Desktop/devopsP2/auto_scaling.sh: line 42: bc: command not found
Checking CPU usage for app replicas...
Container ID: 640d43702b48 | CPU Usage: 105.55%
Container ID: 9bdfc9452f52 | CPU Usage: 110.22%
Container ID: 9bdfc9452f52 | CPU Usage: 110.22%
/mnt/c/Users/User/Desktop/devopsP2/auto_scaling.sh: line 42: bc: command not found
Container ID: 640d43702b48 | CPU Usage: 105.55%
Container ID: 9bdfc9452f52 | CPU Usage: 110.22%
Container ID: 23d4c9c66a10 | CPU Usage: 101.61%
/mnt/c/Users/User/Desktop/devopsP2/auto_scaling.sh: line 42: bc: command not found
/mnt/c/Users/User/Desktop/devopsP2/auto_scaling.sh: line 42: bc: command not found
/mnt/c/Users/User/Desktop/devopsP2/auto_scaling.sh: line 42: bc: command not found
/mnt/c/Users/User/Desktop/devopsP2/auto_scaling.sh: line 42: bc: command not found
Container ID: 23d4c9c66a10 | CPU Usage: 101.61%
/mnt/c/Users/User/Desktop/devopsP2/auto_scaling.sh: line 42: bc: command not found
/mnt/c/Users/User/Desktop/devopsP2/auto_scaling.sh: line 42: bc: command not found
Container ID: 9bdfc9452f52 | CPU Usage: 115.23%
/mnt/c/Users/User/Desktop/devopsP2/auto_scaling.sh: line 42: bc: command not found
Checking CPU usage for app replicas...
Container ID: 23d4c9c66a10 | CPU Usage: 95.23%
/mnt/c/Users/User/Desktop/devopsP2/auto_scaling.sh: line 42: bc: command not found
Container ID: 640d43702b48 | CPU Usage: 94.64%
Container ID: 640d43702b48 | CPU Usage: 94.64%
Container ID: 9bdfc9452f52 | CPU Usage: 104.09%
/mnt/c/Users/User/Desktop/devopsP2/auto_scaling.sh: line 42: bc: command not found
Container ID: 640d43702b48 | CPU Usage: 94.64%
Container ID: 9bdfc9452f52 | CPU Usage: 104.09%
/mnt/c/Users/User/Desktop/devopsP2/auto_scaling.sh: line 42: bc: command not found
/mnt/c/Users/User/Desktop/devopsP2/auto_scaling.sh: line 42: bc: command not found
/mnt/c/Users/User/Desktop/devopsP2/auto_scaling.sh: line 42: bc: command not found
/mnt/c/Users/User/Desktop/devopsP2/auto_scaling.sh: line 42: bc: command not found
Container ID: 640d43702b48 | CPU Usage: 94.64%
/mnt/c/Users/User/Desktop/devopsP2/auto_scaling.sh: line 42: bc: command not found
Checking CPU usage for app replicas...
Container ID: 23d4c9c66a10 | CPU Usage: 103.36%
/mnt/c/Users/User/Desktop/devopsP2/auto_scaling.sh: line 42: bc: command not found
Container ID: 9bdfc9452f52 | CPU Usage: 107.87%
/mnt/c/Users/User/Desktop/devopsP2/auto_scaling.sh: line 42: bc: command not found
Container ID: 640d43702b48 | CPU Usage: 101.45%
Container ID: 640d43702b48 | CPU Usage: 101.45%
Container ID: 23d4c9c66a10 | CPU Usage: 107.96%
/mnt/c/Users/User/Desktop/devopsP2/auto_scaling.sh: line 42: bc: command not found
/mnt/c/Users/User/Desktop/devopsP2/auto_scaling.sh: line 42: bc: command not found
/mnt/c/Users/User/Desktop/devopsP2/auto_scaling.sh: line 42: bc: command not found
Container ID: 9bdfc9452f52 | CPU Usage: 104.85%
Container ID: 640d43702b48 | CPU Usage: 104.76%
/mnt/c/Users/User/Desktop/devopsP2/auto_scaling.sh: line 42: bc: command not found
/mnt/c/Users/User/Desktop/devopsP2/auto_scaling.sh: line 42: bc: command not found
Container ID: 9bdfc9452f52 | CPU Usage: 107.73%
/mnt/c/Users/User/Desktop/devopsP2/auto_scaling.sh: line 42: bc: command not found
Checking CPU usage for app replicas...
Container ID: 640d43702b48 | CPU Usage: 107.76%
/mnt/c/Users/User/Desktop/devopsP2/auto_scaling.sh: line 42: bc: command not found
Container ID: 640d43702b48 | CPU Usage: 101.22%
/mnt/c/Users/User/Desktop/devopsP2/auto_scaling.sh: line 42: bc: command not found
Checking CPU usage for app replicas...
Container ID: 23d4c9c66a10 | CPU Usage: 103.14%
/mnt/c/Users/User/Desktop/devopsP2/auto_scaling.sh: line 42: bc: command not found
Checking CPU usage for app replicas...
Container ID: 23d4c9c66a10 | CPU Usage: 105.32%
Container ID: 9bdfc9452f52 | CPU Usage: 102.23%
/mnt/c/Users/User/Desktop/devopsP2/auto_scaling.sh: line 42: bc: command not found
/mnt/c/Users/User/Desktop/devopsP2/auto_scaling.sh: line 42: bc: command not found
Checking CPU usage for app replicas...
Container ID: 23d4c9c66a10 | CPU Usage: 104.03%
/mnt/c/Users/User/Desktop/devopsP2/auto_scaling.sh: line 42: bc: command not found
Container ID: 9bdfc9452f52 | CPU Usage: 108.59%
/mnt/c/Users/User/Desktop/devopsP2/auto_scaling.sh: line 42: bc: command not found
Container ID: 640d43702b48 | CPU Usage: 1.27%
/mnt/c/Users/User/Desktop/devopsP2/auto_scaling.sh: line 42: bc: command not found
Container ID: 23d4c9c66a10 | CPU Usage: 102.16%
/mnt/c/Users/User/Desktop/devopsP2/auto_scaling.sh: line 42: bc: command not found
Container ID: 640d43702b48 | CPU Usage: 0.11%
Container ID: 9bdfc9452f52 | CPU Usage: 102.78%
/mnt/c/Users/User/Desktop/devopsP2/auto_scaling.sh: line 42: bc: command not found
/mnt/c/Users/User/Desktop/devopsP2/auto_scaling.sh: line 42: bc: command not found
Container ID: 9bdfc9452f52 | CPU Usage: 99.37%
/mnt/c/Users/User/Desktop/devopsP2/auto_scaling.sh: line 42: bc: command not found
Container ID: 640d43702b48 | CPU Usage: 4.02%
/mnt/c/Users/User/Desktop/devopsP2/auto_scaling.sh: line 42: bc: command not found
Checking CPU usage for app replicas...
Container ID: 640d43702b48 | CPU Usage: 14.48%
/mnt/c/Users/User/Desktop/devopsP2/auto_scaling.sh: line 42: bc: command not found
Container ID: 23d4c9c66a10 | CPU Usage: 105.87%
/mnt/c/Users/User/Desktop/devopsP2/auto_scaling.sh: line 42: bc: command not found
Container ID: 9bdfc9452f52 | CPU Usage: 0.15%
/mnt/c/Users/User/Desktop/devopsP2/auto_scaling.sh: line 42: bc: command not found
Container ID: 640d43702b48 | CPU Usage: 105.61%
/mnt/c/Users/User/Desktop/devopsP2/auto_scaling.sh: line 42: bc: command not found
Checking CPU usage for app replicas...
Checking CPU usage for app replicas...
Container ID: 23d4c9c66a10 | CPU Usage: 103.99%
Container ID: 23d4c9c66a10 | CPU Usage: 103.99%
/mnt/c/Users/User/Desktop/devopsP2/auto_scaling.sh: line 42: bc: command not found
/mnt/c/Users/User/Desktop/devopsP2/auto_scaling.sh: line 42: bc: command not found
Checking CPU usage for app replicas...
Checking CPU usage for app replicas...
Checking CPU usage for app replicas...
Checking CPU usage for app replicas...
Container ID: 9bdfc9452f52 | CPU Usage: 97.17%
/mnt/c/Users/User/Desktop/devopsP2/auto_scaling.sh: line 42: bc: command not found
Container ID: 9bdfc9452f52 | CPU Usage: 97.17%
/mnt/c/Users/User/Desktop/devopsP2/auto_scaling.sh: line 42: bc: command not found
Checking CPU usage for app replicas...
Checking CPU usage for app replicas...
Container ID: 640d43702b48 | CPU Usage: 100.84%
Container ID: 23d4c9c66a10 | CPU Usage: 99.90%
/mnt/c/Users/User/Desktop/devopsP2/auto_scaling.sh: line 42: bc: command not found
/mnt/c/Users/User/Desktop/devopsP2/auto_scaling.sh: line 42: bc: command not found
Container ID: 23d4c9c66a10 | CPU Usage: 99.90%
Container ID: 23d4c9c66a10 | CPU Usage: 99.90%
/mnt/c/Users/User/Desktop/devopsP2/auto_scaling.sh: line 42: bc: command not found
/mnt/c/Users/User/Desktop/devopsP2/auto_scaling.sh: line 42: bc: command not found
Container ID: 640d43702b48 | CPU Usage: 100.84%
Container ID: 23d4c9c66a10 | CPU Usage: 99.90%
Checking CPU usage for app replicas...
/mnt/c/Users/User/Desktop/devopsP2/auto_scaling.sh: line 42: bc: command not found
/mnt/c/Users/User/Desktop/devopsP2/auto_scaling.sh: line 42: bc: command not found
Container ID: 9bdfc9452f52 | CPU Usage: 0.00%
Container ID: 9bdfc9452f52 | CPU Usage: 0.00%
/mnt/c/Users/User/Desktop/devopsP2/auto_scaling.sh: line 42: bc: command not found
/mnt/c/Users/User/Desktop/devopsP2/auto_scaling.sh: line 42: bc: command not found
Checking CPU usage for app replicas...
Container ID: 23d4c9c66a10 | CPU Usage: 108.07%
Container ID: 23d4c9c66a10 | CPU Usage: 108.07%
/mnt/c/Users/User/Desktop/devopsP2/auto_scaling.sh: line 42: bc: command not found
/mnt/c/Users/User/Desktop/devopsP2/auto_scaling.sh: line 42: bc: command not found
Checking CPU usage for app replicas...
Container ID: 23d4c9c66a10 | CPU Usage: 102.43%
/mnt/c/Users/User/Desktop/devopsP2/auto_scaling.sh: line 42: bc: command not found
Container ID: 640d43702b48 | CPU Usage: 92.17%
Container ID: 640d43702b48 | CPU Usage: 92.17%
/mnt/c/Users/User/Desktop/devopsP2/auto_scaling.sh: line 42: bc: command not found
/mnt/c/Users/User/Desktop/devopsP2/auto_scaling.sh: line 42: bc: command not found
Container ID: 9bdfc9452f52 | CPU Usage: 94.44%
/mnt/c/Users/User/Desktop/devopsP2/auto_scaling.sh: line 42: bc: command not found
Container ID: 9bdfc9452f52 | CPU Usage: 94.44%
Container ID: 9bdfc9452f52 | CPU Usage: 94.44%
/mnt/c/Users/User/Desktop/devopsP2/auto_scaling.sh: line 42: bc: command not found
/mnt/c/Users/User/Desktop/devopsP2/auto_scaling.sh: line 42: bc: command not found
Container ID: 9bdfc9452f52 | CPU Usage: 94.44%
/mnt/c/Users/User/Desktop/devopsP2/auto_scaling.sh: line 42: bc: command not found
Container ID: 23d4c9c66a10 | CPU Usage: 102.47%
/mnt/c/Users/User/Desktop/devopsP2/auto_scaling.sh: line 42: bc: command not found
Container ID: 23d4c9c66a10 | CPU Usage: 31.42%
Container ID: 9bdfc9452f52 | CPU Usage: 107.64%
/mnt/c/Users/User/Desktop/devopsP2/auto_scaling.sh: line 42: bc: command not found
/mnt/c/Users/User/Desktop/devopsP2/auto_scaling.sh: line 42: bc: command not found
Container ID: 640d43702b48 | CPU Usage: 109.57%
Container ID: 640d43702b48 | CPU Usage: 109.57%
/mnt/c/Users/User/Desktop/devopsP2/auto_scaling.sh: line 42: bc: command not found
/mnt/c/Users/User/Desktop/devopsP2/auto_scaling.sh: line 42: bc: command not found
Container ID: 640d43702b48 | CPU Usage: 109.57%
Container ID: 9bdfc9452f52 | CPU Usage: 105.53%
/mnt/c/Users/User/Desktop/devopsP2/auto_scaling.sh: line 42: bc: command not found
/mnt/c/Users/User/Desktop/devopsP2/auto_scaling.sh: line 42: bc: command not found
Container ID: 640d43702b48 | CPU Usage: 109.57%
/mnt/c/Users/User/Desktop/devopsP2/auto_scaling.sh: line 42: bc: command not found
Container ID: 9bdfc9452f52 | CPU Usage: 105.74%
/mnt/c/Users/User/Desktop/devopsP2/auto_scaling.sh: line 42: bc: command not found
Container ID: 640d43702b48 | CPU Usage: 104.40%
/mnt/c/Users/User/Desktop/devopsP2/auto_scaling.sh: line 42: bc: command not found
Checking CPU usage for app replicas...
Container ID: 640d43702b48 | CPU Usage: 103.42%
/mnt/c/Users/User/Desktop/devopsP2/auto_scaling.sh: line 42: bc: command not found
Container ID: 640d43702b48 | CPU Usage: 107.46%
/mnt/c/Users/User/Desktop/devopsP2/auto_scaling.sh: line 42: bc: command not found
Checking CPU usage for app replicas...
Container ID: 23d4c9c66a10 | CPU Usage: 0.11%
/mnt/c/Users/User/Desktop/devopsP2/auto_scaling.sh: line 42: bc: command not found
Checking CPU usage for app replicas...
Container ID: 23d4c9c66a10 | CPU Usage: 0.11%
/mnt/c/Users/User/Desktop/devopsP2/auto_scaling.sh: line 42: bc: command not found
Container ID: 9bdfc9452f52 | CPU Usage: 107.16%
/mnt/c/Users/User/Desktop/devopsP2/auto_scaling.sh: line 42: bc: command not found
Checking CPU usage for app replicas...
Container ID: 23d4c9c66a10 | CPU Usage: 78.69%
/mnt/c/Users/User/Desktop/devopsP2/auto_scaling.sh: line 42: bc: command not found
Container ID: 640d43702b48 | CPU Usage: 101.65%
/mnt/c/Users/User/Desktop/devopsP2/auto_scaling.sh: line 42: bc: command not found
Container ID: 9bdfc9452f52 | CPU Usage: 100.51%
/mnt/c/Users/User/Desktop/devopsP2/auto_scaling.sh: line 42: bc: command not found
Container ID: 23d4c9c66a10 | CPU Usage: 108.03%
/mnt/c/Users/User/Desktop/devopsP2/auto_scaling.sh: line 42: bc: command not found
Container ID: 640d43702b48 | CPU Usage: 110.84%
/mnt/c/Users/User/Desktop/devopsP2/auto_scaling.sh: line 42: bc: command not found
Container ID: 9bdfc9452f52 | CPU Usage: 147.35%
/mnt/c/Users/User/Desktop/devopsP2/auto_scaling.sh: line 42: bc: command not found
Container ID: 9bdfc9452f52 | CPU Usage: 105.12%
/mnt/c/Users/User/Desktop/devopsP2/auto_scaling.sh: line 42: bc: command not found
Checking CPU usage for app replicas...
Container ID: 640d43702b48 | CPU Usage: 143.80%
/mnt/c/Users/User/Desktop/devopsP2/auto_scaling.sh: line 42: bc: command not found
Container ID: 640d43702b48 | CPU Usage: 143.80%
/mnt/c/Users/User/Desktop/devopsP2/auto_scaling.sh: line 42: bc: command not found
Container ID: 23d4c9c66a10 | CPU Usage: 95.76%
/mnt/c/Users/User/Desktop/devopsP2/auto_scaling.sh: line 42: bc: command not found
Container ID: 9bdfc9452f52 | CPU Usage: 112.56%
/mnt/c/Users/User/Desktop/devopsP2/auto_scaling.sh: line 42: bc: command not found
Container ID: 640d43702b48 | CPU Usage: 105.39%
/mnt/c/Users/User/Desktop/devopsP2/auto_scaling.sh: line 42: bc: command not found
Checking CPU usage for app replicas...
Checking CPU usage for app replicas...
Container ID: 23d4c9c66a10 | CPU Usage: 0.15%
Container ID: 23d4c9c66a10 | CPU Usage: 0.15%
/mnt/c/Users/User/Desktop/devopsP2/auto_scaling.sh: line 42: bc: command not found
/mnt/c/Users/User/Desktop/devopsP2/auto_scaling.sh: line 42: bc: command not found
Checking CPU usage for app replicas...
Checking CPU usage for app replicas...
Container ID: 9bdfc9452f52 | CPU Usage: 103.36%
Container ID: 9bdfc9452f52 | CPU Usage: 103.36%
/mnt/c/Users/User/Desktop/devopsP2/auto_scaling.sh: line 42: bc: command not found
/mnt/c/Users/User/Desktop/devopsP2/auto_scaling.sh: line 42: bc: command not found
Container ID: 23d4c9c66a10 | CPU Usage: 0.11%
Container ID: 23d4c9c66a10 | CPU Usage: 0.11%
/mnt/c/Users/User/Desktop/devopsP2/auto_scaling.sh: line 42: bc: command not found
/mnt/c/Users/User/Desktop/devopsP2/auto_scaling.sh: line 42: bc: command not found
Container ID: 640d43702b48 | CPU Usage: 102.29%
Container ID: 640d43702b48 | CPU Usage: 102.29%
/mnt/c/Users/User/Desktop/devopsP2/auto_scaling.sh: line 42: bc: command not found
/mnt/c/Users/User/Desktop/devopsP2/auto_scaling.sh: line 42: bc: command not found
Checking CPU usage for app replicas...
Checking CPU usage for app replicas...
Checking CPU usage for app replicas...
Checking CPU usage for app replicas...
Container ID: 9bdfc9452f52 | CPU Usage: 99.21%
Container ID: 9bdfc9452f52 | CPU Usage: 99.21%
/mnt/c/Users/User/Desktop/devopsP2/auto_scaling.sh: line 42: bc: command not found
/mnt/c/Users/User/Desktop/devopsP2/auto_scaling.sh: line 42: bc: command not found
Checking CPU usage for app replicas...
Checking CPU usage for app replicas...
Checking CPU usage for app replicas...
Container ID: 23d4c9c66a10 | CPU Usage: 0.00%
Container ID: 23d4c9c66a10 | CPU Usage: 0.00%
Container ID: 23d4c9c66a10 | CPU Usage: 0.00%
Container ID: 23d4c9c66a10 | CPU Usage: 0.00%
/mnt/c/Users/User/Desktop/devopsP2/auto_scaling.sh: line 42: bc: command not found
/mnt/c/Users/User/Desktop/devopsP2/auto_scaling.sh: line 42: bc: command not found
/mnt/c/Users/User/Desktop/devopsP2/auto_scaling.sh: line 42: bc: command not found
/mnt/c/Users/User/Desktop/devopsP2/auto_scaling.sh: line 42: bc: command not found
Container ID: 640d43702b48 | CPU Usage: 100.29%
Container ID: 640d43702b48 | CPU Usage: 100.29%
/mnt/c/Users/User/Desktop/devopsP2/auto_scaling.sh: line 42: bc: command not found
/mnt/c/Users/User/Desktop/devopsP2/auto_scaling.sh: line 42: bc: command not found
Container ID: 23d4c9c66a10 | CPU Usage: 0.02%
/mnt/c/Users/User/Desktop/devopsP2/auto_scaling.sh: line 42: bc: command not found
Container ID: 23d4c9c66a10 | CPU Usage: 95.63%
Container ID: 23d4c9c66a10 | CPU Usage: 95.63%
Container ID: 9bdfc9452f52 | CPU Usage: 107.28%
/mnt/c/Users/User/Desktop/devopsP2/auto_scaling.sh: line 42: bc: command not found
/mnt/c/Users/User/Desktop/devopsP2/auto_scaling.sh: line 42: bc: command not found
Container ID: 9bdfc9452f52 | CPU Usage: 107.28%
Container ID: 9bdfc9452f52 | CPU Usage: 107.28%
/mnt/c/Users/User/Desktop/devopsP2/auto_scaling.sh: line 42: bc: command not found
/mnt/c/Users/User/Desktop/devopsP2/auto_scaling.sh: line 42: bc: command not found
/mnt/c/Users/User/Desktop/devopsP2/auto_scaling.sh: line 42: bc: command not found
Container ID: 9bdfc9452f52 | CPU Usage: 99.65%
Container ID: 9bdfc9452f52 | CPU Usage: 99.65%
/mnt/c/Users/User/Desktop/devopsP2/auto_scaling.sh: line 42: bc: command not found
/mnt/c/Users/User/Desktop/devopsP2/auto_scaling.sh: line 42: bc: command not found
Container ID: 640d43702b48 | CPU Usage: 0.10%
/mnt/c/Users/User/Desktop/devopsP2/auto_scaling.sh: line 42: bc: command not found
Container ID: 640d43702b48 | CPU Usage: 0.10%
/mnt/c/Users/User/Desktop/devopsP2/auto_scaling.sh: line 42: bc: command not found
Container ID: 640d43702b48 | CPU Usage: 0.10%
Container ID: 9bdfc9452f52 | CPU Usage: 69.84%
/mnt/c/Users/User/Desktop/devopsP2/auto_scaling.sh: line 42: bc: command not found
/mnt/c/Users/User/Desktop/devopsP2/auto_scaling.sh: line 42: bc: command not found
Container ID: 9bdfc9452f52 | CPU Usage: 69.84%
/mnt/c/Users/User/Desktop/devopsP2/auto_scaling.sh: line 42: bc: command not found
Checking CPU usage for app replicas...
Container ID: 640d43702b48 | CPU Usage: 0.63%
/mnt/c/Users/User/Desktop/devopsP2/auto_scaling.sh: line 42: bc: command not found
Container ID: 640d43702b48 | CPU Usage: 0.63%
/mnt/c/Users/User/Desktop/devopsP2/auto_scaling.sh: line 42: bc: command not found
Container ID: 23d4c9c66a10 | CPU Usage: 104.17%
Container ID: 640d43702b48 | CPU Usage: 0.19%
/mnt/c/Users/User/Desktop/devopsP2/auto_scaling.sh: line 42: bc: command not found
/mnt/c/Users/User/Desktop/devopsP2/auto_scaling.sh: line 42: bc: command not found
Container ID: 640d43702b48 | CPU Usage: 0.19%
/mnt/c/Users/User/Desktop/devopsP2/auto_scaling.sh: line 42: bc: command not found
Checking CPU usage for app replicas...
Container ID: 9bdfc9452f52 | CPU Usage: 0.15%
/mnt/c/Users/User/Desktop/devopsP2/auto_scaling.sh: line 42: bc: command not found
Container ID: 23d4c9c66a10 | CPU Usage: 94.75%
/mnt/c/Users/User/Desktop/devopsP2/auto_scaling.sh: line 42: bc: command not found
Container ID: 640d43702b48 | CPU Usage: 95.28%
/mnt/c/Users/User/Desktop/devopsP2/auto_scaling.sh: line 42: bc: command not found
Checking CPU usage for app replicas...
Container ID: 9bdfc9452f52 | CPU Usage: 0.11%
/mnt/c/Users/User/Desktop/devopsP2/auto_scaling.sh: line 42: bc: command not found
Checking CPU usage for app replicas...
Container ID: 23d4c9c66a10 | CPU Usage: 102.93%
Container ID: 23d4c9c66a10 | CPU Usage: 102.93%
/mnt/c/Users/User/Desktop/devopsP2/auto_scaling.sh: line 42: bc: command not found
Container ID: 640d43702b48 | CPU Usage: 104.36%
/mnt/c/Users/User/Desktop/devopsP2/auto_scaling.sh: line 42: bc: command not found
/mnt/c/Users/User/Desktop/devopsP2/auto_scaling.sh: line 42: bc: command not found
Container ID: 9bdfc9452f52 | CPU Usage: 102.86%
/mnt/c/Users/User/Desktop/devopsP2/auto_scaling.sh: line 42: bc: command not found
Container ID: 9bdfc9452f52 | CPU Usage: 102.86%
/mnt/c/Users/User/Desktop/devopsP2/auto_scaling.sh: line 42: bc: command not found
Checking CPU usage for app replicas...
Container ID: 640d43702b48 | CPU Usage: 0.00%
/mnt/c/Users/User/Desktop/devopsP2/auto_scaling.sh: line 42: bc: command not found
Container ID: 640d43702b48 | CPU Usage: 0.00%
/mnt/c/Users/User/Desktop/devopsP2/auto_scaling.sh: line 42: bc: command not found
Container ID: 23d4c9c66a10 | CPU Usage: 104.12%
/mnt/c/Users/User/Desktop/devopsP2/auto_scaling.sh: line 42: bc: command not found
Container ID: 9bdfc9452f52 | CPU Usage: 1.26%
/mnt/c/Users/User/Desktop/devopsP2/auto_scaling.sh: line 42: bc: command not found
Container ID: 640d43702b48 | CPU Usage: 99.34%
/mnt/c/Users/User/Desktop/devopsP2/auto_scaling.sh: line 42: bc: command not found
Checking CPU usage for app replicas...
Checking CPU usage for app replicas...
Container ID: 23d4c9c66a10 | CPU Usage: 101.04%
/mnt/c/Users/User/Desktop/devopsP2/auto_scaling.sh: line 42: bc: command not found
Container ID: 23d4c9c66a10 | CPU Usage: 104.07%
/mnt/c/Users/User/Desktop/devopsP2/auto_scaling.sh: line 42: bc: command not found
Checking CPU usage for app replicas...
Container ID: 9bdfc9452f52 | CPU Usage: 107.94%
/mnt/c/Users/User/Desktop/devopsP2/auto_scaling.sh: line 42: bc: command not found
Checking CPU usage for app replicas...
Container ID: 9bdfc9452f52 | CPU Usage: 101.91%
/mnt/c/Users/User/Desktop/devopsP2/auto_scaling.sh: line 42: bc: command not found
Container ID: 640d43702b48 | CPU Usage: 104.29%
Container ID: 23d4c9c66a10 | CPU Usage: 0.11%
Container ID: 23d4c9c66a10 | CPU Usage: 0.11%
/mnt/c/Users/User/Desktop/devopsP2/auto_scaling.sh: line 42: bc: command not found
/mnt/c/Users/User/Desktop/devopsP2/auto_scaling.sh: line 42: bc: command not found
/mnt/c/Users/User/Desktop/devopsP2/auto_scaling.sh: line 42: bc: command not found
Container ID: 640d43702b48 | CPU Usage: 100.66%
/mnt/c/Users/User/Desktop/devopsP2/auto_scaling.sh: line 42: bc: command not found
Container ID: 9bdfc9452f52 | CPU Usage: 103.38%
Container ID: 9bdfc9452f52 | CPU Usage: 103.38%
/mnt/c/Users/User/Desktop/devopsP2/auto_scaling.sh: line 42: bc: command not found
/mnt/c/Users/User/Desktop/devopsP2/auto_scaling.sh: line 42: bc: command not found
Checking CPU usage for app replicas...
Checking CPU usage for app replicas...
Checking CPU usage for app replicas...
Checking CPU usage for app replicas...
Checking CPU usage for app replicas...
Container ID: 640d43702b48 | CPU Usage: 104.52%
Container ID: 640d43702b48 | CPU Usage: 104.52%
/mnt/c/Users/User/Desktop/devopsP2/auto_scaling.sh: line 42: bc: command not found
/mnt/c/Users/User/Desktop/devopsP2/auto_scaling.sh: line 42: bc: command not found
Checking CPU usage for app replicas...
Checking CPU usage for app replicas...
Container ID: 23d4c9c66a10 | CPU Usage: 0.13%
Container ID: 23d4c9c66a10 | CPU Usage: 0.13%
Container ID: 23d4c9c66a10 | CPU Usage: 0.13%
/mnt/c/Users/User/Desktop/devopsP2/auto_scaling.sh: line 42: bc: command not found
/mnt/c/Users/User/Desktop/devopsP2/auto_scaling.sh: line 42: bc: command not found
/mnt/c/Users/User/Desktop/devopsP2/auto_scaling.sh: line 42: bc: command not found
Container ID: 23d4c9c66a10 | CPU Usage: 3.12%
/mnt/c/Users/User/Desktop/devopsP2/auto_scaling.sh: line 42: bc: command not found
Container ID: 23d4c9c66a10 | CPU Usage: 3.12%
/mnt/c/Users/User/Desktop/devopsP2/auto_scaling.sh: line 42: bc: command not found
Container ID: 9bdfc9452f52 | CPU Usage: 101.01%
Container ID: 9bdfc9452f52 | CPU Usage: 101.01%
Container ID: 9bdfc9452f52 | CPU Usage: 101.01%
/mnt/c/Users/User/Desktop/devopsP2/auto_scaling.sh: line 42: bc: command not found
Container ID: 23d4c9c66a10 | CPU Usage: 38.22%
/mnt/c/Users/User/Desktop/devopsP2/auto_scaling.sh: line 42: bc: command not found
Container ID: 23d4c9c66a10 | CPU Usage: 38.22%
/mnt/c/Users/User/Desktop/devopsP2/auto_scaling.sh: line 42: bc: command not found
/mnt/c/Users/User/Desktop/devopsP2/auto_scaling.sh: line 42: bc: command not found
/mnt/c/Users/User/Desktop/devopsP2/auto_scaling.sh: line 42: bc: command not found
Container ID: 9bdfc9452f52 | CPU Usage: 99.67%
Container ID: 9bdfc9452f52 | CPU Usage: 99.67%
/mnt/c/Users/User/Desktop/devopsP2/auto_scaling.sh: line 42: bc: command not found
/mnt/c/Users/User/Desktop/devopsP2/auto_scaling.sh: line 42: bc: command not found
Checking CPU usage for app replicas...
Container ID: 640d43702b48 | CPU Usage: 102.24%
Container ID: 640d43702b48 | CPU Usage: 102.24%
/mnt/c/Users/User/Desktop/devopsP2/auto_scaling.sh: line 42: bc: command not found
/mnt/c/Users/User/Desktop/devopsP2/auto_scaling.sh: line 42: bc: command not found
Container ID: 9bdfc9452f52 | CPU Usage: 101.50%
Container ID: 640d43702b48 | CPU Usage: 102.24%
/mnt/c/Users/User/Desktop/devopsP2/auto_scaling.sh: line 42: bc: command not found
/mnt/c/Users/User/Desktop/devopsP2/auto_scaling.sh: line 42: bc: command not found
Container ID: 9bdfc9452f52 | CPU Usage: 101.50%
/mnt/c/Users/User/Desktop/devopsP2/auto_scaling.sh: line 42: bc: command not found
Container ID: 640d43702b48 | CPU Usage: 100.83%
Container ID: 640d43702b48 | CPU Usage: 100.83%
/mnt/c/Users/User/Desktop/devopsP2/auto_scaling.sh: line 42: bc: command not found
/mnt/c/Users/User/Desktop/devopsP2/auto_scaling.sh: line 42: bc: command not found
Container ID: 23d4c9c66a10 | CPU Usage: 102.37%
Container ID: 640d43702b48 | CPU Usage: 101.14%
/mnt/c/Users/User/Desktop/devopsP2/auto_scaling.sh: line 42: bc: command not found
Container ID: 640d43702b48 | CPU Usage: 101.14%
/mnt/c/Users/User/Desktop/devopsP2/auto_scaling.sh: line 42: bc: command not found
/mnt/c/Users/User/Desktop/devopsP2/auto_scaling.sh: line 42: bc: command not found
Checking CPU usage for app replicas...
Container ID: 9bdfc9452f52 | CPU Usage: 99.52%
/mnt/c/Users/User/Desktop/devopsP2/auto_scaling.sh: line 42: bc: command not found
Container ID: 23d4c9c66a10 | CPU Usage: 0.01%
/mnt/c/Users/User/Desktop/devopsP2/auto_scaling.sh: line 42: bc: command not found
Container ID: 640d43702b48 | CPU Usage: 33.47%
/mnt/c/Users/User/Desktop/devopsP2/auto_scaling.sh: line 42: bc: command not found
Checking CPU usage for app replicas...
Checking CPU usage for app replicas...
Container ID: 9bdfc9452f52 | CPU Usage: 102.95%
/mnt/c/Users/User/Desktop/devopsP2/auto_scaling.sh: line 42: bc: command not found
Container ID: 23d4c9c66a10 | CPU Usage: 97.98%
/mnt/c/Users/User/Desktop/devopsP2/auto_scaling.sh: line 42: bc: command not found
Container ID: 23d4c9c66a10 | CPU Usage: 97.98%
/mnt/c/Users/User/Desktop/devopsP2/auto_scaling.sh: line 42: bc: command not found
Container ID: 640d43702b48 | CPU Usage: 0.49%
/mnt/c/Users/User/Desktop/devopsP2/auto_scaling.sh: line 42: bc: command not found
Container ID: 9bdfc9452f52 | CPU Usage: 0.14%
/mnt/c/Users/User/Desktop/devopsP2/auto_scaling.sh: line 42: bc: command not found
Container ID: 9bdfc9452f52 | CPU Usage: 0.14%
/mnt/c/Users/User/Desktop/devopsP2/auto_scaling.sh: line 42: bc: command not found
Checking CPU usage for app replicas...
Container ID: 640d43702b48 | CPU Usage: 1.38%
Container ID: 640d43702b48 | CPU Usage: 1.38%
/mnt/c/Users/User/Desktop/devopsP2/auto_scaling.sh: line 42: bc: command not found
/mnt/c/Users/User/Desktop/devopsP2/auto_scaling.sh: line 42: bc: command not found
Container ID: 23d4c9c66a10 | CPU Usage: 101.78%
/mnt/c/Users/User/Desktop/devopsP2/auto_scaling.sh: line 42: bc: command not found
Container ID: 9bdfc9452f52 | CPU Usage: 5.32%
/mnt/c/Users/User/Desktop/devopsP2/auto_scaling.sh: line 42: bc: command not found
Container ID: 640d43702b48 | CPU Usage: 101.39%
/mnt/c/Users/User/Desktop/devopsP2/auto_scaling.sh: line 42: bc: command not found
Checking CPU usage for app replicas...
Checking CPU usage for app replicas...
Container ID: 23d4c9c66a10 | CPU Usage: 109.85%
/mnt/c/Users/User/Desktop/devopsP2/auto_scaling.sh: line 42: bc: command not found
Container ID: 23d4c9c66a10 | CPU Usage: 96.17%
/mnt/c/Users/User/Desktop/devopsP2/auto_scaling.sh: line 42: bc: command not found
Checking CPU usage for app replicas...
Checking CPU usage for app replicas...
Container ID: 9bdfc9452f52 | CPU Usage: 115.65%
/mnt/c/Users/User/Desktop/devopsP2/auto_scaling.sh: line 42: bc: command not found
Container ID: 9bdfc9452f52 | CPU Usage: 98.02%
/mnt/c/Users/User/Desktop/devopsP2/auto_scaling.sh: line 42: bc: command not found
Container ID: 23d4c9c66a10 | CPU Usage: 109.34%
Container ID: 23d4c9c66a10 | CPU Usage: 109.34%
/mnt/c/Users/User/Desktop/devopsP2/auto_scaling.sh: line 42: bc: command not found
/mnt/c/Users/User/Desktop/devopsP2/auto_scaling.sh: line 42: bc: command not found
Container ID: 640d43702b48 | CPU Usage: 0.00%
/mnt/c/Users/User/Desktop/devopsP2/auto_scaling.sh: line 42: bc: command not found
Container ID: 640d43702b48 | CPU Usage: 0.00%
/mnt/c/Users/User/Desktop/devopsP2/auto_scaling.sh: line 42: bc: command not found
Checking CPU usage for app replicas...
Checking CPU usage for app replicas...
Checking CPU usage for app replicas...
Container ID: 9bdfc9452f52 | CPU Usage: 0.15%
Container ID: 9bdfc9452f52 | CPU Usage: 0.15%
/mnt/c/Users/User/Desktop/devopsP2/auto_scaling.sh: line 42: bc: command not found
/mnt/c/Users/User/Desktop/devopsP2/auto_scaling.sh: line 42: bc: command not found
Checking CPU usage for app replicas...
Checking CPU usage for app replicas...
Container ID: 23d4c9c66a10 | CPU Usage: 104.30%
Container ID: 23d4c9c66a10 | CPU Usage: 104.30%
/mnt/c/Users/User/Desktop/devopsP2/auto_scaling.sh: line 42: bc: command not found
/mnt/c/Users/User/Desktop/devopsP2/auto_scaling.sh: line 42: bc: command not found
Checking CPU usage for app replicas...
Checking CPU usage for app replicas...
Container ID: 640d43702b48 | CPU Usage: 103.56%
Container ID: 640d43702b48 | CPU Usage: 103.56%
Container ID: 23d4c9c66a10 | CPU Usage: 103.07%
/mnt/c/Users/User/Desktop/devopsP2/auto_scaling.sh: line 42: bc: command not found
/mnt/c/Users/User/Desktop/devopsP2/auto_scaling.sh: line 42: bc: command not found
/mnt/c/Users/User/Desktop/devopsP2/auto_scaling.sh: line 42: bc: command not found
Container ID: 23d4c9c66a10 | CPU Usage: 111.12%
Container ID: 23d4c9c66a10 | CPU Usage: 111.12%
Container ID: 9bdfc9452f52 | CPU Usage: 0.27%
/mnt/c/Users/User/Desktop/devopsP2/auto_scaling.sh: line 42: bc: command not found
/mnt/c/Users/User/Desktop/devopsP2/auto_scaling.sh: line 42: bc: command not found
/mnt/c/Users/User/Desktop/devopsP2/auto_scaling.sh: line 42: bc: command not found
Container ID: 9bdfc9452f52 | CPU Usage: 0.27%
/mnt/c/Users/User/Desktop/devopsP2/auto_scaling.sh: line 42: bc: command not found
Container ID: 23d4c9c66a10 | CPU Usage: 95.44%
/mnt/c/Users/User/Desktop/devopsP2/auto_scaling.sh: line 42: bc: command not found
Container ID: 23d4c9c66a10 | CPU Usage: 95.44%
Container ID: 9bdfc9452f52 | CPU Usage: 0.18%
/mnt/c/Users/User/Desktop/devopsP2/auto_scaling.sh: line 42: bc: command not found
/mnt/c/Users/User/Desktop/devopsP2/auto_scaling.sh: line 42: bc: command not found
Container ID: 9bdfc9452f52 | CPU Usage: 0.15%
Container ID: 9bdfc9452f52 | CPU Usage: 0.15%
Container ID: 640d43702b48 | CPU Usage: 105.40%
Container ID: 640d43702b48 | CPU Usage: 105.40%
/mnt/c/Users/User/Desktop/devopsP2/auto_scaling.sh: line 42: bc: command not found
/mnt/c/Users/User/Desktop/devopsP2/auto_scaling.sh: line 42: bc: command not found
/mnt/c/Users/User/Desktop/devopsP2/auto_scaling.sh: line 42: bc: command not found
/mnt/c/Users/User/Desktop/devopsP2/auto_scaling.sh: line 42: bc: command not found
Checking CPU usage for app replicas...
Container ID: 9bdfc9452f52 | CPU Usage: 0.47%
Container ID: 9bdfc9452f52 | CPU Usage: 0.47%
/mnt/c/Users/User/Desktop/devopsP2/auto_scaling.sh: line 42: bc: command not found
/mnt/c/Users/User/Desktop/devopsP2/auto_scaling.sh: line 42: bc: command not found
Container ID: 640d43702b48 | CPU Usage: 109.04%
Container ID: 640d43702b48 | CPU Usage: 109.04%
Container ID: 640d43702b48 | CPU Usage: 109.04%
/mnt/c/Users/User/Desktop/devopsP2/auto_scaling.sh: line 42: bc: command not found
/mnt/c/Users/User/Desktop/devopsP2/auto_scaling.sh: line 42: bc: command not found
/mnt/c/Users/User/Desktop/devopsP2/auto_scaling.sh: line 42: bc: command not found
Container ID: 640d43702b48 | CPU Usage: 107.94%
Container ID: 640d43702b48 | CPU Usage: 107.94%
Container ID: 23d4c9c66a10 | CPU Usage: 104.04%
/mnt/c/Users/User/Desktop/devopsP2/auto_scaling.sh: line 42: bc: command not found
/mnt/c/Users/User/Desktop/devopsP2/auto_scaling.sh: line 42: bc: command not found
/mnt/c/Users/User/Desktop/devopsP2/auto_scaling.sh: line 42: bc: command not found
Checking CPU usage for app replicas...
Container ID: 23d4c9c66a10 | CPU Usage: 96.19%
Container ID: 9bdfc9452f52 | CPU Usage: 0.00%
/mnt/c/Users/User/Desktop/devopsP2/auto_scaling.sh: line 42: bc: command not found
/mnt/c/Users/User/Desktop/devopsP2/auto_scaling.sh: line 42: bc: command not found
Checking CPU usage for app replicas...
Checking CPU usage for app replicas...
Container ID: 640d43702b48 | CPU Usage: 136.57%
/mnt/c/Users/User/Desktop/devopsP2/auto_scaling.sh: line 42: bc: command not found
Container ID: 23d4c9c66a10 | CPU Usage: 0.11%
Container ID: 23d4c9c66a10 | CPU Usage: 0.11%
/mnt/c/Users/User/Desktop/devopsP2/auto_scaling.sh: line 42: bc: command not found
/mnt/c/Users/User/Desktop/devopsP2/auto_scaling.sh: line 42: bc: command not found
Container ID: 9bdfc9452f52 | CPU Usage: 115.97%
Container ID: 9bdfc9452f52 | CPU Usage: 115.97%
Container ID: 9bdfc9452f52 | CPU Usage: 115.97%
/mnt/c/Users/User/Desktop/devopsP2/auto_scaling.sh: line 42: bc: command not found
/mnt/c/Users/User/Desktop/devopsP2/auto_scaling.sh: line 42: bc: command not found
/mnt/c/Users/User/Desktop/devopsP2/auto_scaling.sh: line 42: bc: command not found
Checking CPU usage for app replicas...
Container ID: 640d43702b48 | CPU Usage: 106.78%
Container ID: 640d43702b48 | CPU Usage: 106.78%
Container ID: 640d43702b48 | CPU Usage: 106.78%
/mnt/c/Users/User/Desktop/devopsP2/auto_scaling.sh: line 42: bc: command not found
/mnt/c/Users/User/Desktop/devopsP2/auto_scaling.sh: line 42: bc: command not found
/mnt/c/Users/User/Desktop/devopsP2/auto_scaling.sh: line 42: bc: command not found
Container ID: 23d4c9c66a10 | CPU Usage: 7.58%
/mnt/c/Users/User/Desktop/devopsP2/auto_scaling.sh: line 42: bc: command not found
Container ID: 9bdfc9452f52 | CPU Usage: 109.51%
/mnt/c/Users/User/Desktop/devopsP2/auto_scaling.sh: line 42: bc: command not found
Container ID: 640d43702b48 | CPU Usage: 93.35%
/mnt/c/Users/User/Desktop/devopsP2/auto_scaling.sh: line 42: bc: command not found
Checking CPU usage for app replicas...
Checking CPU usage for app replicas...
Container ID: 23d4c9c66a10 | CPU Usage: 30.00%
/mnt/c/Users/User/Desktop/devopsP2/auto_scaling.sh: line 42: bc: command not found
Container ID: 23d4c9c66a10 | CPU Usage: 45.56%
/mnt/c/Users/User/Desktop/devopsP2/auto_scaling.sh: line 42: bc: command not found
Container ID: 9bdfc9452f52 | CPU Usage: 115.93%
/mnt/c/Users/User/Desktop/devopsP2/auto_scaling.sh: line 42: bc: command not found
Checking CPU usage for app replicas...
Checking CPU usage for app replicas...
Container ID: 9bdfc9452f52 | CPU Usage: 109.57%
/mnt/c/Users/User/Desktop/devopsP2/auto_scaling.sh: line 42: bc: command not found
Container ID: 640d43702b48 | CPU Usage: 104.01%
/mnt/c/Users/User/Desktop/devopsP2/auto_scaling.sh: line 42: bc: command not found
Container ID: 640d43702b48 | CPU Usage: 117.01%
/mnt/c/Users/User/Desktop/devopsP2/auto_scaling.sh: line 42: bc: command not found
Checking CPU usage for app replicas...
Checking CPU usage for app replicas...
Container ID: 23d4c9c66a10 | CPU Usage: 94.06%
Container ID: 23d4c9c66a10 | CPU Usage: 94.06%
/mnt/c/Users/User/Desktop/devopsP2/auto_scaling.sh: line 42: bc: command not found
/mnt/c/Users/User/Desktop/devopsP2/auto_scaling.sh: line 42: bc: command not found
Container ID: 23d4c9c66a10 | CPU Usage: 104.73%
Container ID: 23d4c9c66a10 | CPU Usage: 104.73%
Checking CPU usage for app replicas...
Checking CPU usage for app replicas...
Checking CPU usage for app replicas...
/mnt/c/Users/User/Desktop/devopsP2/auto_scaling.sh: line 42: bc: command not found
/mnt/c/Users/User/Desktop/devopsP2/auto_scaling.sh: line 42: bc: command not found
Checking CPU usage for app replicas...
Container ID: 9bdfc9452f52 | CPU Usage: 120.92%
Checking CPU usage for app replicas...
/mnt/c/Users/User/Desktop/devopsP2/auto_scaling.sh: line 42: bc: command not found
Container ID: 9bdfc9452f52 | CPU Usage: 120.92%
/mnt/c/Users/User/Desktop/devopsP2/auto_scaling.sh: line 42: bc: command not found
Container ID: 23d4c9c66a10 | CPU Usage: 108.07%
/mnt/c/Users/User/Desktop/devopsP2/auto_scaling.sh: line 42: bc: command not found
Container ID: 23d4c9c66a10 | CPU Usage: 116.07%
Container ID: 23d4c9c66a10 | CPU Usage: 116.07%
Container ID: 640d43702b48 | CPU Usage: 117.57%
Container ID: 23d4c9c66a10 | CPU Usage: 116.07%
Container ID: 9bdfc9452f52 | CPU Usage: 114.63%
Container ID: 640d43702b48 | CPU Usage: 117.57%
Container ID: 9bdfc9452f52 | CPU Usage: 114.63%
Container ID: 23d4c9c66a10 | CPU Usage: 116.07%
/mnt/c/Users/User/Desktop/devopsP2/auto_scaling.sh: line 42: bc: command not found
/mnt/c/Users/User/Desktop/devopsP2/auto_scaling.sh: line 42: bc: command not found
/mnt/c/Users/User/Desktop/devopsP2/auto_scaling.sh: line 42: bc: command not found
/mnt/c/Users/User/Desktop/devopsP2/auto_scaling.sh: line 42: bc: command not found
/mnt/c/Users/User/Desktop/devopsP2/auto_scaling.sh: line 42: bc: command not found
/mnt/c/Users/User/Desktop/devopsP2/auto_scaling.sh: line 42: bc: command not found
/mnt/c/Users/User/Desktop/devopsP2/auto_scaling.sh: line 42: bc: command not found
/mnt/c/Users/User/Desktop/devopsP2/auto_scaling.sh: line 42: bc: command not found
Container ID: 9bdfc9452f52 | CPU Usage: 109.09%
/mnt/c/Users/User/Desktop/devopsP2/auto_scaling.sh: line 42: bc: command not found
Checking CPU usage for app replicas...
Container ID: 640d43702b48 | CPU Usage: 108.77%
/mnt/c/Users/User/Desktop/devopsP2/auto_scaling.sh: line 42: bc: command not found
Container ID: 640d43702b48 | CPU Usage: 108.77%
Container ID: 9bdfc9452f52 | CPU Usage: 104.81%
Container ID: 640d43702b48 | CPU Usage: 108.77%
Container ID: 9bdfc9452f52 | CPU Usage: 104.81%
/mnt/c/Users/User/Desktop/devopsP2/auto_scaling.sh: line 42: bc: command not found
Container ID: 9bdfc9452f52 | CPU Usage: 104.81%
/mnt/c/Users/User/Desktop/devopsP2/auto_scaling.sh: line 42: bc: command not found
/mnt/c/Users/User/Desktop/devopsP2/auto_scaling.sh: line 42: bc: command not found
/mnt/c/Users/User/Desktop/devopsP2/auto_scaling.sh: line 42: bc: command not found
Container ID: 9bdfc9452f52 | CPU Usage: 104.81%
/mnt/c/Users/User/Desktop/devopsP2/auto_scaling.sh: line 42: bc: command not found
/mnt/c/Users/User/Desktop/devopsP2/auto_scaling.sh: line 42: bc: command not found
Container ID: 23d4c9c66a10 | CPU Usage: 110.91%
/mnt/c/Users/User/Desktop/devopsP2/auto_scaling.sh: line 42: bc: command not found
Container ID: 640d43702b48 | CPU Usage: 107.07%
Container ID: 640d43702b48 | CPU Usage: 107.07%
Container ID: 640d43702b48 | CPU Usage: 107.07%
/mnt/c/Users/User/Desktop/devopsP2/auto_scaling.sh: line 42: bc: command not found
/mnt/c/Users/User/Desktop/devopsP2/auto_scaling.sh: line 42: bc: command not found
Container ID: 640d43702b48 | CPU Usage: 107.07%
/mnt/c/Users/User/Desktop/devopsP2/auto_scaling.sh: line 42: bc: command not found
/mnt/c/Users/User/Desktop/devopsP2/auto_scaling.sh: line 42: bc: command not found
Container ID: 9bdfc9452f52 | CPU Usage: 116.61%
/mnt/c/Users/User/Desktop/devopsP2/auto_scaling.sh: line 42: bc: command not found
Checking CPU usage for app replicas...
Checking CPU usage for app replicas...
Checking CPU usage for app replicas...
Container ID: 640d43702b48 | CPU Usage: 93.29%
/mnt/c/Users/User/Desktop/devopsP2/auto_scaling.sh: line 42: bc: command not found
Container ID: 23d4c9c66a10 | CPU Usage: 110.25%
Container ID: 23d4c9c66a10 | CPU Usage: 110.25%
Container ID: 23d4c9c66a10 | CPU Usage: 110.25%
/mnt/c/Users/User/Desktop/devopsP2/auto_scaling.sh: line 42: bc: command not found
/mnt/c/Users/User/Desktop/devopsP2/auto_scaling.sh: line 42: bc: command not found
/mnt/c/Users/User/Desktop/devopsP2/auto_scaling.sh: line 42: bc: command not found
Container ID: 9bdfc9452f52 | CPU Usage: 101.87%
Container ID: 9bdfc9452f52 | CPU Usage: 101.87%
Container ID: 9bdfc9452f52 | CPU Usage: 101.87%
/mnt/c/Users/User/Desktop/devopsP2/auto_scaling.sh: line 42: bc: command not found
/mnt/c/Users/User/Desktop/devopsP2/auto_scaling.sh: line 42: bc: command not found
/mnt/c/Users/User/Desktop/devopsP2/auto_scaling.sh: line 42: bc: command not found
Checking CPU usage for app replicas...
Container ID: 640d43702b48 | CPU Usage: 0.11%
Container ID: 640d43702b48 | CPU Usage: 0.11%
Container ID: 640d43702b48 | CPU Usage: 0.11%
/mnt/c/Users/User/Desktop/devopsP2/auto_scaling.sh: line 42: bc: command not found
/mnt/c/Users/User/Desktop/devopsP2/auto_scaling.sh: line 42: bc: command not found
/mnt/c/Users/User/Desktop/devopsP2/auto_scaling.sh: line 42: bc: command not found
Container ID: 23d4c9c66a10 | CPU Usage: 105.98%
/mnt/c/Users/User/Desktop/devopsP2/auto_scaling.sh: line 42: bc: command not found
Container ID: 9bdfc9452f52 | CPU Usage: 108.47%
/mnt/c/Users/User/Desktop/devopsP2/auto_scaling.sh: line 42: bc: command not found
Container ID: 640d43702b48 | CPU Usage: 52.28%
/mnt/c/Users/User/Desktop/devopsP2/auto_scaling.sh: line 42: bc: command not found
Checking CPU usage for app replicas...
Checking CPU usage for app replicas...
Container ID: 23d4c9c66a10 | CPU Usage: 125.05%
/mnt/c/Users/User/Desktop/devopsP2/auto_scaling.sh: line 42: bc: command not found
Container ID: 23d4c9c66a10 | CPU Usage: 103.42%
/mnt/c/Users/User/Desktop/devopsP2/auto_scaling.sh: line 42: bc: command not found
Container ID: 9bdfc9452f52 | CPU Usage: 0.11%
/mnt/c/Users/User/Desktop/devopsP2/auto_scaling.sh: line 42: bc: command not found
Container ID: 9bdfc9452f52 | CPU Usage: 0.93%
/mnt/c/Users/User/Desktop/devopsP2/auto_scaling.sh: line 42: bc: command not found
Container ID: 640d43702b48 | CPU Usage: 109.91%
/mnt/c/Users/User/Desktop/devopsP2/auto_scaling.sh: line 42: bc: command not found
Container ID: 640d43702b48 | CPU Usage: 103.78%
/mnt/c/Users/User/Desktop/devopsP2/auto_scaling.sh: line 42: bc: command not found
Checking CPU usage for app replicas...
Checking CPU usage for app replicas...
Container ID: 23d4c9c66a10 | CPU Usage: 101.08%
/mnt/c/Users/User/Desktop/devopsP2/auto_scaling.sh: line 42: bc: command not found
Checking CPU usage for app replicas...
Container ID: 23d4c9c66a10 | CPU Usage: 108.60%
Checking CPU usage for app replicas...
Checking CPU usage for app replicas...
/mnt/c/Users/User/Desktop/devopsP2/auto_scaling.sh: line 42: bc: command not found
Container ID: 9bdfc9452f52 | CPU Usage: 105.32%
/mnt/c/Users/User/Desktop/devopsP2/auto_scaling.sh: line 42: bc: command not found
Container ID: 9bdfc9452f52 | CPU Usage: 97.87%
Container ID: 23d4c9c66a10 | CPU Usage: 105.87%
/mnt/c/Users/User/Desktop/devopsP2/auto_scaling.sh: line 42: bc: command not found
Checking CPU usage for app replicas...
Container ID: 23d4c9c66a10 | CPU Usage: 105.87%
Container ID: 23d4c9c66a10 | CPU Usage: 105.87%
/mnt/c/Users/User/Desktop/devopsP2/auto_scaling.sh: line 42: bc: command not found
Checking CPU usage for app replicas...
Checking CPU usage for app replicas...
/mnt/c/Users/User/Desktop/devopsP2/auto_scaling.sh: line 42: bc: command not found
/mnt/c/Users/User/Desktop/devopsP2/auto_scaling.sh: line 42: bc: command not found
Checking CPU usage for app replicas...
Container ID: 640d43702b48 | CPU Usage: 0.09%
/mnt/c/Users/User/Desktop/devopsP2/auto_scaling.sh: line 42: bc: command not found
Container ID: 9bdfc9452f52 | CPU Usage: 106.49%
Container ID: 9bdfc9452f52 | CPU Usage: 106.49%
Container ID: 23d4c9c66a10 | CPU Usage: 106.02%
/mnt/c/Users/User/Desktop/devopsP2/auto_scaling.sh: line 42: bc: command not found
Container ID: 9bdfc9452f52 | CPU Usage: 106.49%
/mnt/c/Users/User/Desktop/devopsP2/auto_scaling.sh: line 42: bc: command not found
Container ID: 640d43702b48 | CPU Usage: 0.13%
/mnt/c/Users/User/Desktop/devopsP2/auto_scaling.sh: line 42: bc: command not found
/mnt/c/Users/User/Desktop/devopsP2/auto_scaling.sh: line 42: bc: command not found
/mnt/c/Users/User/Desktop/devopsP2/auto_scaling.sh: line 42: bc: command not found
Checking CPU usage for app replicas...
Container ID: 23d4c9c66a10 | CPU Usage: 94.20%
/mnt/c/Users/User/Desktop/devopsP2/auto_scaling.sh: line 42: bc: command not found
Container ID: 23d4c9c66a10 | CPU Usage: 94.20%
Container ID: 23d4c9c66a10 | CPU Usage: 94.20%
/mnt/c/Users/User/Desktop/devopsP2/auto_scaling.sh: line 42: bc: command not found
/mnt/c/Users/User/Desktop/devopsP2/auto_scaling.sh: line 42: bc: command not found
Container ID: 640d43702b48 | CPU Usage: 9.27%
/mnt/c/Users/User/Desktop/devopsP2/auto_scaling.sh: line 42: bc: command not found
Container ID: 640d43702b48 | CPU Usage: 9.27%
Container ID: 9bdfc9452f52 | CPU Usage: 12.06%
/mnt/c/Users/User/Desktop/devopsP2/auto_scaling.sh: line 42: bc: command not found
/mnt/c/Users/User/Desktop/devopsP2/auto_scaling.sh: line 42: bc: command not found
Container ID: 640d43702b48 | CPU Usage: 9.27%
/mnt/c/Users/User/Desktop/devopsP2/auto_scaling.sh: line 42: bc: command not found
Container ID: 640d43702b48 | CPU Usage: 0.00%
/mnt/c/Users/User/Desktop/devopsP2/auto_scaling.sh: line 42: bc: command not found
Container ID: 9bdfc9452f52 | CPU Usage: 0.00%
Container ID: 9bdfc9452f52 | CPU Usage: 0.00%
/mnt/c/Users/User/Desktop/devopsP2/auto_scaling.sh: line 42: bc: command not found
Container ID: 9bdfc9452f52 | CPU Usage: 0.00%
Container ID: 23d4c9c66a10 | CPU Usage: 0.16%
/mnt/c/Users/User/Desktop/devopsP2/auto_scaling.sh: line 42: bc: command not found
/mnt/c/Users/User/Desktop/devopsP2/auto_scaling.sh: line 42: bc: command not found
/mnt/c/Users/User/Desktop/devopsP2/auto_scaling.sh: line 42: bc: command not found
Checking CPU usage for app replicas...
Checking CPU usage for app replicas...
Checking CPU usage for app replicas...
Container ID: 640d43702b48 | CPU Usage: 109.10%
Container ID: 640d43702b48 | CPU Usage: 109.10%
/mnt/c/Users/User/Desktop/devopsP2/auto_scaling.sh: line 42: bc: command not found
Container ID: 9bdfc9452f52 | CPU Usage: 107.95%
/mnt/c/Users/User/Desktop/devopsP2/auto_scaling.sh: line 42: bc: command not found
Container ID: 640d43702b48 | CPU Usage: 109.10%
/mnt/c/Users/User/Desktop/devopsP2/auto_scaling.sh: line 42: bc: command not found
/mnt/c/Users/User/Desktop/devopsP2/auto_scaling.sh: line 42: bc: command not found
Container ID: 23d4c9c66a10 | CPU Usage: 0.13%
/mnt/c/Users/User/Desktop/devopsP2/auto_scaling.sh: line 42: bc: command not found
Container ID: 23d4c9c66a10 | CPU Usage: 0.13%
Container ID: 23d4c9c66a10 | CPU Usage: 0.13%
Container ID: 640d43702b48 | CPU Usage: 107.05%
/mnt/c/Users/User/Desktop/devopsP2/auto_scaling.sh: line 42: bc: command not found
/mnt/c/Users/User/Desktop/devopsP2/auto_scaling.sh: line 42: bc: command not found
/mnt/c/Users/User/Desktop/devopsP2/auto_scaling.sh: line 42: bc: command not found
Checking CPU usage for app replicas...
Container ID: 9bdfc9452f52 | CPU Usage: 132.83%
Container ID: 9bdfc9452f52 | CPU Usage: 132.83%
Container ID: 9bdfc9452f52 | CPU Usage: 132.83%
/mnt/c/Users/User/Desktop/devopsP2/auto_scaling.sh: line 42: bc: command not found
/mnt/c/Users/User/Desktop/devopsP2/auto_scaling.sh: line 42: bc: command not found
/mnt/c/Users/User/Desktop/devopsP2/auto_scaling.sh: line 42: bc: command not found
Container ID: 640d43702b48 | CPU Usage: 110.90%
/mnt/c/Users/User/Desktop/devopsP2/auto_scaling.sh: line 42: bc: command not found
Container ID: 640d43702b48 | CPU Usage: 110.90%
/mnt/c/Users/User/Desktop/devopsP2/auto_scaling.sh: line 42: bc: command not found
Container ID: 23d4c9c66a10 | CPU Usage: 104.16%
/mnt/c/Users/User/Desktop/devopsP2/auto_scaling.sh: line 42: bc: command not found
Container ID: 640d43702b48 | CPU Usage: 109.12%
/mnt/c/Users/User/Desktop/devopsP2/auto_scaling.sh: line 42: bc: command not found
Container ID: 9bdfc9452f52 | CPU Usage: 107.77%
/mnt/c/Users/User/Desktop/devopsP2/auto_scaling.sh: line 42: bc: command not found
Container ID: 640d43702b48 | CPU Usage: 112.82%
/mnt/c/Users/User/Desktop/devopsP2/auto_scaling.sh: line 42: bc: command not found
Checking CPU usage for app replicas...
Checking CPU usage for app replicas...
Container ID: 23d4c9c66a10 | CPU Usage: 104.23%
/mnt/c/Users/User/Desktop/devopsP2/auto_scaling.sh: line 42: bc: command not found
Container ID: 9bdfc9452f52 | CPU Usage: 108.25%
Container ID: 23d4c9c66a10 | CPU Usage: 0.09%
/mnt/c/Users/User/Desktop/devopsP2/auto_scaling.sh: line 42: bc: command not found
/mnt/c/Users/User/Desktop/devopsP2/auto_scaling.sh: line 42: bc: command not found
Container ID: 640d43702b48 | CPU Usage: 104.58%
/mnt/c/Users/User/Desktop/devopsP2/auto_scaling.sh: line 42: bc: command not found
Container ID: 9bdfc9452f52 | CPU Usage: 103.96%
/mnt/c/Users/User/Desktop/devopsP2/auto_scaling.sh: line 42: bc: command not found
Container ID: 640d43702b48 | CPU Usage: 108.43%
/mnt/c/Users/User/Desktop/devopsP2/auto_scaling.sh: line 42: bc: command not found
Checking CPU usage for app replicas...
Checking CPU usage for app replicas...
Container ID: 23d4c9c66a10 | CPU Usage: 0.10%
/mnt/c/Users/User/Desktop/devopsP2/auto_scaling.sh: line 42: bc: command not found
Container ID: 23d4c9c66a10 | CPU Usage: 1.48%
/mnt/c/Users/User/Desktop/devopsP2/auto_scaling.sh: line 42: bc: command not found
Checking CPU usage for app replicas...
Checking CPU usage for app replicas...
Checking CPU usage for app replicas...
Container ID: 9bdfc9452f52 | CPU Usage: 94.85%
/mnt/c/Users/User/Desktop/devopsP2/auto_scaling.sh: line 42: bc: command not found
Checking CPU usage for app replicas...
Container ID: 9bdfc9452f52 | CPU Usage: 103.65%
/mnt/c/Users/User/Desktop/devopsP2/auto_scaling.sh: line 42: bc: command not found
Container ID: 23d4c9c66a10 | CPU Usage: 0.01%
Container ID: 23d4c9c66a10 | CPU Usage: 0.01%
Container ID: 640d43702b48 | CPU Usage: 99.57%
/mnt/c/Users/User/Desktop/devopsP2/auto_scaling.sh: line 42: bc: command not found
/mnt/c/Users/User/Desktop/devopsP2/auto_scaling.sh: line 42: bc: command not found
/mnt/c/Users/User/Desktop/devopsP2/auto_scaling.sh: line 42: bc: command not found
Container ID: 23d4c9c66a10 | CPU Usage: 0.01%
/mnt/c/Users/User/Desktop/devopsP2/auto_scaling.sh: line 42: bc: command not found
Container ID: 23d4c9c66a10 | CPU Usage: 86.25%
Checking CPU usage for app replicas...
Checking CPU usage for app replicas...
Checking CPU usage for app replicas...
/mnt/c/Users/User/Desktop/devopsP2/auto_scaling.sh: line 42: bc: command not found
Container ID: 640d43702b48 | CPU Usage: 97.13%
/mnt/c/Users/User/Desktop/devopsP2/auto_scaling.sh: line 42: bc: command not found
Container ID: 9bdfc9452f52 | CPU Usage: 101.66%
/mnt/c/Users/User/Desktop/devopsP2/auto_scaling.sh: line 42: bc: command not found
Container ID: 9bdfc9452f52 | CPU Usage: 101.66%
Container ID: 9bdfc9452f52 | CPU Usage: 101.66%
/mnt/c/Users/User/Desktop/devopsP2/auto_scaling.sh: line 42: bc: command not found
/mnt/c/Users/User/Desktop/devopsP2/auto_scaling.sh: line 42: bc: command not found
Container ID: 9bdfc9452f52 | CPU Usage: 101.07%
/mnt/c/Users/User/Desktop/devopsP2/auto_scaling.sh: line 42: bc: command not found
Checking CPU usage for app replicas...
Container ID: 23d4c9c66a10 | CPU Usage: 104.77%
Container ID: 640d43702b48 | CPU Usage: 100.69%
Container ID: 23d4c9c66a10 | CPU Usage: 104.77%
/mnt/c/Users/User/Desktop/devopsP2/auto_scaling.sh: line 42: bc: command not found
Container ID: 640d43702b48 | CPU Usage: 100.69%
Container ID: 640d43702b48 | CPU Usage: 100.69%
/mnt/c/Users/User/Desktop/devopsP2/auto_scaling.sh: line 42: bc: command not found
/mnt/c/Users/User/Desktop/devopsP2/auto_scaling.sh: line 42: bc: command not found
Container ID: 23d4c9c66a10 | CPU Usage: 104.77%
/mnt/c/Users/User/Desktop/devopsP2/auto_scaling.sh: line 42: bc: command not found
/mnt/c/Users/User/Desktop/devopsP2/auto_scaling.sh: line 42: bc: command not found
/mnt/c/Users/User/Desktop/devopsP2/auto_scaling.sh: line 42: bc: command not found
Container ID: 23d4c9c66a10 | CPU Usage: 102.93%
/mnt/c/Users/User/Desktop/devopsP2/auto_scaling.sh: line 42: bc: command not found
Container ID: 640d43702b48 | CPU Usage: 102.16%
/mnt/c/Users/User/Desktop/devopsP2/auto_scaling.sh: line 42: bc: command not found
Container ID: 9bdfc9452f52 | CPU Usage: 102.26%
Container ID: 9bdfc9452f52 | CPU Usage: 102.26%
Container ID: 9bdfc9452f52 | CPU Usage: 102.26%
/mnt/c/Users/User/Desktop/devopsP2/auto_scaling.sh: line 42: bc: command not found
/mnt/c/Users/User/Desktop/devopsP2/auto_scaling.sh: line 42: bc: command not found
/mnt/c/Users/User/Desktop/devopsP2/auto_scaling.sh: line 42: bc: command not found
Container ID: 9bdfc9452f52 | CPU Usage: 105.12%
/mnt/c/Users/User/Desktop/devopsP2/auto_scaling.sh: line 42: bc: command not found
Checking CPU usage for app replicas...
Checking CPU usage for app replicas...
Container ID: 640d43702b48 | CPU Usage: 113.40%
/mnt/c/Users/User/Desktop/devopsP2/auto_scaling.sh: line 42: bc: command not found
Container ID: 640d43702b48 | CPU Usage: 113.40%
Container ID: 640d43702b48 | CPU Usage: 113.40%
/mnt/c/Users/User/Desktop/devopsP2/auto_scaling.sh: line 42: bc: command not found
/mnt/c/Users/User/Desktop/devopsP2/auto_scaling.sh: line 42: bc: command not found
Checking CPU usage for app replicas...
Container ID: 640d43702b48 | CPU Usage: 102.48%
/mnt/c/Users/User/Desktop/devopsP2/auto_scaling.sh: line 42: bc: command not found
Container ID: 23d4c9c66a10 | CPU Usage: 103.39%
Container ID: 23d4c9c66a10 | CPU Usage: 103.39%
/mnt/c/Users/User/Desktop/devopsP2/auto_scaling.sh: line 42: bc: command not found
/mnt/c/Users/User/Desktop/devopsP2/auto_scaling.sh: line 42: bc: command not found
Container ID: 23d4c9c66a10 | CPU Usage: 118.40%
/mnt/c/Users/User/Desktop/devopsP2/auto_scaling.sh: line 42: bc: command not found
Checking CPU usage for app replicas...
Container ID: 9bdfc9452f52 | CPU Usage: 0.13%
Container ID: 9bdfc9452f52 | CPU Usage: 0.13%
/mnt/c/Users/User/Desktop/devopsP2/auto_scaling.sh: line 42: bc: command not found
/mnt/c/Users/User/Desktop/devopsP2/auto_scaling.sh: line 42: bc: command not found
Container ID: 9bdfc9452f52 | CPU Usage: 0.12%
/mnt/c/Users/User/Desktop/devopsP2/auto_scaling.sh: line 42: bc: command not found
Container ID: 23d4c9c66a10 | CPU Usage: 102.37%
/mnt/c/Users/User/Desktop/devopsP2/auto_scaling.sh: line 42: bc: command not found
Container ID: 640d43702b48 | CPU Usage: 1.87%
/mnt/c/Users/User/Desktop/devopsP2/auto_scaling.sh: line 42: bc: command not found
Container ID: 640d43702b48 | CPU Usage: 1.87%
/mnt/c/Users/User/Desktop/devopsP2/auto_scaling.sh: line 42: bc: command not found
Container ID: 640d43702b48 | CPU Usage: 0.12%
/mnt/c/Users/User/Desktop/devopsP2/auto_scaling.sh: line 42: bc: command not found
Container ID: 9bdfc9452f52 | CPU Usage: 0.11%
/mnt/c/Users/User/Desktop/devopsP2/auto_scaling.sh: line 42: bc: command not found
Container ID: 640d43702b48 | CPU Usage: 1.18%
/mnt/c/Users/User/Desktop/devopsP2/auto_scaling.sh: line 42: bc: command not found
Checking CPU usage for app replicas...
Checking CPU usage for app replicas...
Container ID: 23d4c9c66a10 | CPU Usage: 104.72%
/mnt/c/Users/User/Desktop/devopsP2/auto_scaling.sh: line 42: bc: command not found
Container ID: 23d4c9c66a10 | CPU Usage: 103.32%
/mnt/c/Users/User/Desktop/devopsP2/auto_scaling.sh: line 42: bc: command not found
Container ID: 9bdfc9452f52 | CPU Usage: 105.32%
/mnt/c/Users/User/Desktop/devopsP2/auto_scaling.sh: line 42: bc: command not found
Container ID: 640d43702b48 | CPU Usage: 98.80%
/mnt/c/Users/User/Desktop/devopsP2/auto_scaling.sh: line 42: bc: command not found
Container ID: 9bdfc9452f52 | CPU Usage: 103.31%
/mnt/c/Users/User/Desktop/devopsP2/auto_scaling.sh: line 42: bc: command not found
Container ID: 640d43702b48 | CPU Usage: 10.59%
/mnt/c/Users/User/Desktop/devopsP2/auto_scaling.sh: line 42: bc: command not found
Checking CPU usage for app replicas...
Checking CPU usage for app replicas...
Container ID: 23d4c9c66a10 | CPU Usage: 109.31%
/mnt/c/Users/User/Desktop/devopsP2/auto_scaling.sh: line 42: bc: command not found
Container ID: 23d4c9c66a10 | CPU Usage: 109.43%
/mnt/c/Users/User/Desktop/devopsP2/auto_scaling.sh: line 42: bc: command not found
Checking CPU usage for app replicas...
Checking CPU usage for app replicas...
Checking CPU usage for app replicas...
Container ID: 9bdfc9452f52 | CPU Usage: 98.42%
/mnt/c/Users/User/Desktop/devopsP2/auto_scaling.sh: line 42: bc: command not found
Checking CPU usage for app replicas...
Container ID: 9bdfc9452f52 | CPU Usage: 94.91%
/mnt/c/Users/User/Desktop/devopsP2/auto_scaling.sh: line 42: bc: command not found
Container ID: 23d4c9c66a10 | CPU Usage: 102.26%
/mnt/c/Users/User/Desktop/devopsP2/auto_scaling.sh: line 42: bc: command not found
Container ID: 23d4c9c66a10 | CPU Usage: 102.26%
Container ID: 23d4c9c66a10 | CPU Usage: 102.26%
Container ID: 23d4c9c66a10 | CPU Usage: 102.26%
/mnt/c/Users/User/Desktop/devopsP2/auto_scaling.sh: line 42: bc: command not found
/mnt/c/Users/User/Desktop/devopsP2/auto_scaling.sh: line 42: bc: command not found
Container ID: 640d43702b48 | CPU Usage: 107.33%
/mnt/c/Users/User/Desktop/devopsP2/auto_scaling.sh: line 42: bc: command not found
/mnt/c/Users/User/Desktop/devopsP2/auto_scaling.sh: line 42: bc: command not found
Container ID: 640d43702b48 | CPU Usage: 111.58%
Checking CPU usage for app replicas...
/mnt/c/Users/User/Desktop/devopsP2/auto_scaling.sh: line 42: bc: command not found
Checking CPU usage for app replicas...
Checking CPU usage for app replicas...
Container ID: 9bdfc9452f52 | CPU Usage: 103.38%
Checking CPU usage for app replicas...
Container ID: 9bdfc9452f52 | CPU Usage: 103.38%
Container ID: 9bdfc9452f52 | CPU Usage: 103.38%
Container ID: 9bdfc9452f52 | CPU Usage: 103.38%
/mnt/c/Users/User/Desktop/devopsP2/auto_scaling.sh: line 42: bc: command not found
/mnt/c/Users/User/Desktop/devopsP2/auto_scaling.sh: line 42: bc: command not found
/mnt/c/Users/User/Desktop/devopsP2/auto_scaling.sh: line 42: bc: command not found
/mnt/c/Users/User/Desktop/devopsP2/auto_scaling.sh: line 42: bc: command not found
Container ID: 23d4c9c66a10 | CPU Usage: 0.42%
/mnt/c/Users/User/Desktop/devopsP2/auto_scaling.sh: line 42: bc: command not found
Container ID: 23d4c9c66a10 | CPU Usage: 0.42%
Container ID: 23d4c9c66a10 | CPU Usage: 0.42%
/mnt/c/Users/User/Desktop/devopsP2/auto_scaling.sh: line 42: bc: command not found
/mnt/c/Users/User/Desktop/devopsP2/auto_scaling.sh: line 42: bc: command not found
Container ID: 640d43702b48 | CPU Usage: 115.28%
/mnt/c/Users/User/Desktop/devopsP2/auto_scaling.sh: line 42: bc: command not found
Container ID: 640d43702b48 | CPU Usage: 115.28%
/mnt/c/Users/User/Desktop/devopsP2/auto_scaling.sh: line 42: bc: command not found
Container ID: 640d43702b48 | CPU Usage: 115.28%
Container ID: 640d43702b48 | CPU Usage: 115.28%
/mnt/c/Users/User/Desktop/devopsP2/auto_scaling.sh: line 42: bc: command not found
/mnt/c/Users/User/Desktop/devopsP2/auto_scaling.sh: line 42: bc: command not found
Container ID: 23d4c9c66a10 | CPU Usage: 0.15%
/mnt/c/Users/User/Desktop/devopsP2/auto_scaling.sh: line 42: bc: command not found
Container ID: 9bdfc9452f52 | CPU Usage: 101.26%
Container ID: 9bdfc9452f52 | CPU Usage: 101.26%
/mnt/c/Users/User/Desktop/devopsP2/auto_scaling.sh: line 42: bc: command not found
Container ID: 9bdfc9452f52 | CPU Usage: 101.26%
/mnt/c/Users/User/Desktop/devopsP2/auto_scaling.sh: line 42: bc: command not found
/mnt/c/Users/User/Desktop/devopsP2/auto_scaling.sh: line 42: bc: command not found
Container ID: 9bdfc9452f52 | CPU Usage: 111.32%
/mnt/c/Users/User/Desktop/devopsP2/auto_scaling.sh: line 42: bc: command not found
Checking CPU usage for app replicas...
Checking CPU usage for app replicas...
Container ID: 640d43702b48 | CPU Usage: 102.79%
Container ID: 640d43702b48 | CPU Usage: 102.79%
/mnt/c/Users/User/Desktop/devopsP2/auto_scaling.sh: line 42: bc: command not found
/mnt/c/Users/User/Desktop/devopsP2/auto_scaling.sh: line 42: bc: command not found
Container ID: 640d43702b48 | CPU Usage: 102.79%
/mnt/c/Users/User/Desktop/devopsP2/auto_scaling.sh: line 42: bc: command not found
Checking CPU usage for app replicas...
Container ID: 640d43702b48 | CPU Usage: 105.11%
/mnt/c/Users/User/Desktop/devopsP2/auto_scaling.sh: line 42: bc: command not found
Container ID: 23d4c9c66a10 | CPU Usage: 83.29%
Container ID: 23d4c9c66a10 | CPU Usage: 83.29%
/mnt/c/Users/User/Desktop/devopsP2/auto_scaling.sh: line 42: bc: command not found
/mnt/c/Users/User/Desktop/devopsP2/auto_scaling.sh: line 42: bc: command not found
Container ID: 23d4c9c66a10 | CPU Usage: 94.67%
/mnt/c/Users/User/Desktop/devopsP2/auto_scaling.sh: line 42: bc: command not found
Checking CPU usage for app replicas...
Container ID: 9bdfc9452f52 | CPU Usage: 113.33%
/mnt/c/Users/User/Desktop/devopsP2/auto_scaling.sh: line 42: bc: command not found
Container ID: 9bdfc9452f52 | CPU Usage: 113.33%
/mnt/c/Users/User/Desktop/devopsP2/auto_scaling.sh: line 42: bc: command not found
Container ID: 9bdfc9452f52 | CPU Usage: 98.91%
/mnt/c/Users/User/Desktop/devopsP2/auto_scaling.sh: line 42: bc: command not found
Container ID: 640d43702b48 | CPU Usage: 74.28%
/mnt/c/Users/User/Desktop/devopsP2/auto_scaling.sh: line 42: bc: command not found
Container ID: 23d4c9c66a10 | CPU Usage: 100.43%
/mnt/c/Users/User/Desktop/devopsP2/auto_scaling.sh: line 42: bc: command not found
Container ID: 640d43702b48 | CPU Usage: 74.28%
/mnt/c/Users/User/Desktop/devopsP2/auto_scaling.sh: line 42: bc: command not found
Container ID: 9bdfc9452f52 | CPU Usage: 101.05%
Container ID: 640d43702b48 | CPU Usage: 98.79%
/mnt/c/Users/User/Desktop/devopsP2/auto_scaling.sh: line 42: bc: command not found
/mnt/c/Users/User/Desktop/devopsP2/auto_scaling.sh: line 42: bc: command not found
Container ID: 640d43702b48 | CPU Usage: 116.91%
/mnt/c/Users/User/Desktop/devopsP2/auto_scaling.sh: line 42: bc: command not found
Checking CPU usage for app replicas...
Checking CPU usage for app replicas...
Container ID: 23d4c9c66a10 | CPU Usage: 0.13%
/mnt/c/Users/User/Desktop/devopsP2/auto_scaling.sh: line 42: bc: command not found
Container ID: 9bdfc9452f52 | CPU Usage: 100.83%
/mnt/c/Users/User/Desktop/devopsP2/auto_scaling.sh: line 42: bc: command not found
Container ID: 23d4c9c66a10 | CPU Usage: 0.11%
/mnt/c/Users/User/Desktop/devopsP2/auto_scaling.sh: line 42: bc: command not found
Container ID: 640d43702b48 | CPU Usage: 100.87%
/mnt/c/Users/User/Desktop/devopsP2/auto_scaling.sh: line 42: bc: command not found
Container ID: 9bdfc9452f52 | CPU Usage: 101.15%
/mnt/c/Users/User/Desktop/devopsP2/auto_scaling.sh: line 42: bc: command not found
Container ID: 640d43702b48 | CPU Usage: 104.15%
/mnt/c/Users/User/Desktop/devopsP2/auto_scaling.sh: line 42: bc: command not found
Checking CPU usage for app replicas...
Checking CPU usage for app replicas...
Checking CPU usage for app replicas...
Checking CPU usage for app replicas...
Checking CPU usage for app replicas...
Container ID: 23d4c9c66a10 | CPU Usage: 104.12%
Container ID: 23d4c9c66a10 | CPU Usage: 104.12%
Checking CPU usage for app replicas...
/mnt/c/Users/User/Desktop/devopsP2/auto_scaling.sh: line 42: bc: command not found
/mnt/c/Users/User/Desktop/devopsP2/auto_scaling.sh: line 42: bc: command not found
Container ID: 23d4c9c66a10 | CPU Usage: 109.66%
/mnt/c/Users/User/Desktop/devopsP2/auto_scaling.sh: line 42: bc: command not found
Container ID: 23d4c9c66a10 | CPU Usage: 109.66%
/mnt/c/Users/User/Desktop/devopsP2/auto_scaling.sh: line 42: bc: command not found
Container ID: 23d4c9c66a10 | CPU Usage: 106.94%
Checking CPU usage for app replicas...
Checking CPU usage for app replicas...
Container ID: 23d4c9c66a10 | CPU Usage: 106.94%
Container ID: 9bdfc9452f52 | CPU Usage: 103.03%
/mnt/c/Users/User/Desktop/devopsP2/auto_scaling.sh: line 42: bc: command not found
/mnt/c/Users/User/Desktop/devopsP2/auto_scaling.sh: line 42: bc: command not found
Checking CPU usage for app replicas...
/mnt/c/Users/User/Desktop/devopsP2/auto_scaling.sh: line 42: bc: command not found
Container ID: 9bdfc9452f52 | CPU Usage: 103.03%
/mnt/c/Users/User/Desktop/devopsP2/auto_scaling.sh: line 42: bc: command not found
Checking CPU usage for app replicas...
Container ID: 9bdfc9452f52 | CPU Usage: 102.25%
Container ID: 9bdfc9452f52 | CPU Usage: 102.25%
/mnt/c/Users/User/Desktop/devopsP2/auto_scaling.sh: line 42: bc: command not found
/mnt/c/Users/User/Desktop/devopsP2/auto_scaling.sh: line 42: bc: command not found
Container ID: 9bdfc9452f52 | CPU Usage: 100.69%
Container ID: 640d43702b48 | CPU Usage: 98.61%
/mnt/c/Users/User/Desktop/devopsP2/auto_scaling.sh: line 42: bc: command not found
/mnt/c/Users/User/Desktop/devopsP2/auto_scaling.sh: line 42: bc: command not found
Container ID: 640d43702b48 | CPU Usage: 104.65%
Container ID: 640d43702b48 | CPU Usage: 104.65%
Container ID: 640d43702b48 | CPU Usage: 104.65%
/mnt/c/Users/User/Desktop/devopsP2/auto_scaling.sh: line 42: bc: command not found
Container ID: 9bdfc9452f52 | CPU Usage: 100.33%
/mnt/c/Users/User/Desktop/devopsP2/auto_scaling.sh: line 42: bc: command not found
Container ID: 23d4c9c66a10 | CPU Usage: 99.12%
Container ID: 23d4c9c66a10 | CPU Usage: 99.12%
Container ID: 23d4c9c66a10 | CPU Usage: 99.12%
/mnt/c/Users/User/Desktop/devopsP2/auto_scaling.sh: line 42: bc: command not found
/mnt/c/Users/User/Desktop/devopsP2/auto_scaling.sh: line 42: bc: command not found
/mnt/c/Users/User/Desktop/devopsP2/auto_scaling.sh: line 42: bc: command not found
/mnt/c/Users/User/Desktop/devopsP2/auto_scaling.sh: line 42: bc: command not found
/mnt/c/Users/User/Desktop/devopsP2/auto_scaling.sh: line 42: bc: command not found
Container ID: 23d4c9c66a10 | CPU Usage: 99.12%
/mnt/c/Users/User/Desktop/devopsP2/auto_scaling.sh: line 42: bc: command not found
Container ID: 640d43702b48 | CPU Usage: 99.45%
/mnt/c/Users/User/Desktop/devopsP2/auto_scaling.sh: line 42: bc: command not found
Container ID: 640d43702b48 | CPU Usage: 106.30%
Container ID: 9bdfc9452f52 | CPU Usage: 113.09%
/mnt/c/Users/User/Desktop/devopsP2/auto_scaling.sh: line 42: bc: command not found
Container ID: 9bdfc9452f52 | CPU Usage: 113.09%
Container ID: 9bdfc9452f52 | CPU Usage: 113.09%
Container ID: 9bdfc9452f52 | CPU Usage: 113.09%
/mnt/c/Users/User/Desktop/devopsP2/auto_scaling.sh: line 42: bc: command not found
/mnt/c/Users/User/Desktop/devopsP2/auto_scaling.sh: line 42: bc: command not found
/mnt/c/Users/User/Desktop/devopsP2/auto_scaling.sh: line 42: bc: command not found
/mnt/c/Users/User/Desktop/devopsP2/auto_scaling.sh: line 42: bc: command not found
Checking CPU usage for app replicas...
Checking CPU usage for app replicas...
Container ID: 640d43702b48 | CPU Usage: 102.00%
Container ID: 640d43702b48 | CPU Usage: 102.00%
Container ID: 640d43702b48 | CPU Usage: 102.00%
/mnt/c/Users/User/Desktop/devopsP2/auto_scaling.sh: line 42: bc: command not found
Container ID: 640d43702b48 | CPU Usage: 102.00%
/mnt/c/Users/User/Desktop/devopsP2/auto_scaling.sh: line 42: bc: command not found
/mnt/c/Users/User/Desktop/devopsP2/auto_scaling.sh: line 42: bc: command not found
/mnt/c/Users/User/Desktop/devopsP2/auto_scaling.sh: line 42: bc: command not found
Container ID: 23d4c9c66a10 | CPU Usage: 102.33%
Container ID: 23d4c9c66a10 | CPU Usage: 102.33%
/mnt/c/Users/User/Desktop/devopsP2/auto_scaling.sh: line 42: bc: command not found
/mnt/c/Users/User/Desktop/devopsP2/auto_scaling.sh: line 42: bc: command not found
Checking CPU usage for app replicas...
Container ID: 9bdfc9452f52 | CPU Usage: 1.60%
/mnt/c/Users/User/Desktop/devopsP2/auto_scaling.sh: line 42: bc: command not found
Container ID: 23d4c9c66a10 | CPU Usage: 101.00%
/mnt/c/Users/User/Desktop/devopsP2/auto_scaling.sh: line 42: bc: command not found
Container ID: 9bdfc9452f52 | CPU Usage: 1.60%
/mnt/c/Users/User/Desktop/devopsP2/auto_scaling.sh: line 42: bc: command not found
Checking CPU usage for app replicas...
Container ID: 9bdfc9452f52 | CPU Usage: 0.13%
Container ID: 640d43702b48 | CPU Usage: 0.22%
/mnt/c/Users/User/Desktop/devopsP2/auto_scaling.sh: line 42: bc: command not found
Container ID: 640d43702b48 | CPU Usage: 0.22%
/mnt/c/Users/User/Desktop/devopsP2/auto_scaling.sh: line 42: bc: command not found
/mnt/c/Users/User/Desktop/devopsP2/auto_scaling.sh: line 42: bc: command not found
Container ID: 23d4c9c66a10 | CPU Usage: 114.90%
/mnt/c/Users/User/Desktop/devopsP2/auto_scaling.sh: line 42: bc: command not found
Container ID: 640d43702b48 | CPU Usage: 0.39%
/mnt/c/Users/User/Desktop/devopsP2/auto_scaling.sh: line 42: bc: command not found
Container ID: 9bdfc9452f52 | CPU Usage: 3.71%
/mnt/c/Users/User/Desktop/devopsP2/auto_scaling.sh: line 42: bc: command not found
Container ID: 640d43702b48 | CPU Usage: 95.50%
/mnt/c/Users/User/Desktop/devopsP2/auto_scaling.sh: line 42: bc: command not found
Checking CPU usage for app replicas...
Checking CPU usage for app replicas...
Container ID: 23d4c9c66a10 | CPU Usage: 103.82%
/mnt/c/Users/User/Desktop/devopsP2/auto_scaling.sh: line 42: bc: command not found
Container ID: 23d4c9c66a10 | CPU Usage: 99.09%
Container ID: 9bdfc9452f52 | CPU Usage: 87.03%
/mnt/c/Users/User/Desktop/devopsP2/auto_scaling.sh: line 42: bc: command not found
/mnt/c/Users/User/Desktop/devopsP2/auto_scaling.sh: line 42: bc: command not found
Container ID: 9bdfc9452f52 | CPU Usage: 75.75%
/mnt/c/Users/User/Desktop/devopsP2/auto_scaling.sh: line 42: bc: command not found
Container ID: 640d43702b48 | CPU Usage: 99.75%
/mnt/c/Users/User/Desktop/devopsP2/auto_scaling.sh: line 42: bc: command not found
Container ID: 640d43702b48 | CPU Usage: 115.49%
/mnt/c/Users/User/Desktop/devopsP2/auto_scaling.sh: line 42: bc: command not found
Checking CPU usage for app replicas...
Checking CPU usage for app replicas...
Checking CPU usage for app replicas...
Checking CPU usage for app replicas...
Container ID: 23d4c9c66a10 | CPU Usage: 105.90%
Checking CPU usage for app replicas...
Checking CPU usage for app replicas...
Container ID: 9bdfc9452f52 | CPU Usage: 0.61%
Container ID: 23d4c9c66a10 | CPU Usage: 99.68%
Container ID: 23d4c9c66a10 | CPU Usage: 99.68%
Container ID: 23d4c9c66a10 | CPU Usage: 99.68%
Container ID: 23d4c9c66a10 | CPU Usage: 97.41%
Checking CPU usage for app replicas...
Checking CPU usage for app replicas...
Checking CPU usage for app replicas...
Checking CPU usage for app replicas...
Container ID: 23d4c9c66a10 | CPU Usage: 107.99%
Container ID: 9bdfc9452f52 | CPU Usage: 0.00%
Container ID: 640d43702b48 | CPU Usage: 6.36%
Container ID: 9bdfc9452f52 | CPU Usage: 0.00%
Container ID: 9bdfc9452f52 | CPU Usage: 0.00%
Container ID: 9bdfc9452f52 | CPU Usage: 87.08%
Container ID: 9bdfc9452f52 | CPU Usage: 87.08%
Container ID: 640d43702b48 | CPU Usage: 0.00%
Container ID: 640d43702b48 | CPU Usage: 0.00%
Checking CPU usage for app replicas...
Checking CPU usage for app replicas...
Container ID: 23d4c9c66a10 | CPU Usage: 1.63%
Container ID: 23d4c9c66a10 | CPU Usage: 1.63%
Container ID: 23d4c9c66a10 | CPU Usage: 1.63%
Container ID: 640d43702b48 | CPU Usage: 105.41%
Container ID: 23d4c9c66a10 | CPU Usage: 1.63%
Container ID: 640d43702b48 | CPU Usage: 105.41%
Container ID: 23d4c9c66a10 | CPU Usage: 1.63%
Container ID: 640d43702b48 | CPU Usage: 105.41%
Container ID: 23d4c9c66a10 | CPU Usage: 1.63%
Checking CPU usage for app replicas...
Container ID: 9bdfc9452f52 | CPU Usage: 99.70%
Container ID: 9bdfc9452f52 | CPU Usage: 99.70%
Container ID: 9bdfc9452f52 | CPU Usage: 99.70%
Container ID: 9bdfc9452f52 | CPU Usage: 99.70%
Container ID: 9bdfc9452f52 | CPU Usage: 99.70%
Container ID: 9bdfc9452f52 | CPU Usage: 99.70%
Container ID: 23d4c9c66a10 | CPU Usage: 0.11%
Checking CPU usage for app replicas...
Container ID: 640d43702b48 | CPU Usage: 103.29%
Container ID: 640d43702b48 | CPU Usage: 103.29%
Container ID: 640d43702b48 | CPU Usage: 103.29%
Container ID: 640d43702b48 | CPU Usage: 103.29%
Container ID: 640d43702b48 | CPU Usage: 103.29%
Container ID: 640d43702b48 | CPU Usage: 103.29%
Container ID: 9bdfc9452f52 | CPU Usage: 107.93%
Container ID: 23d4c9c66a10 | CPU Usage: 12.92%
Container ID: 9bdfc9452f52 | CPU Usage: 72.28%
Container ID: 640d43702b48 | CPU Usage: 245.66%
Scaling service app to 2 replicas.
Checking CPU usage for app replicas...
Container ID: 640d43702b48 | CPU Usage: 161.82%
Scaling service app to 2 replicas.
no configuration file provided: not found
Checking CPU usage for app replicas...
no configuration file provided: not found
Container ID: 23d4c9c66a10 | CPU Usage: 84.80%
Container ID: 23d4c9c66a10 | CPU Usage: 98.41%
Container ID: 9bdfc9452f52 | CPU Usage: 106.82%
Container ID: 9bdfc9452f52 | CPU Usage: 108.03%
Container ID: 640d43702b48 | CPU Usage: 111.40%
Container ID: 640d43702b48 | CPU Usage: 106.00%
Checking CPU usage for app replicas...
Checking CPU usage for app replicas...
Checking CPU usage for app replicas...
Container ID: 23d4c9c66a10 | CPU Usage: 0.12%
Container ID: 23d4c9c66a10 | CPU Usage: 0.21%
Container ID: 23d4c9c66a10 | CPU Usage: 0.21%
Container ID: 9bdfc9452f52 | CPU Usage: 105.50%
Checking CPU usage for app replicas...
Checking CPU usage for app replicas...
Checking CPU usage for app replicas...
Container ID: 640d43702b48 | CPU Usage: 109.50%
Container ID: 23d4c9c66a10 | CPU Usage: 0.00%
Container ID: 23d4c9c66a10 | CPU Usage: 0.00%
Container ID: 23d4c9c66a10 | CPU Usage: 0.00%
Container ID: 9bdfc9452f52 | CPU Usage: 99.67%
Container ID: 9bdfc9452f52 | CPU Usage: 99.67%
Checking CPU usage for app replicas...
Checking CPU usage for app replicas...
Checking CPU usage for app replicas...
Checking CPU usage for app replicas...
Checking CPU usage for app replicas...
Checking CPU usage for app replicas...
Container ID: 9bdfc9452f52 | CPU Usage: 94.39%
Container ID: 9bdfc9452f52 | CPU Usage: 106.64%
Container ID: 640d43702b48 | CPU Usage: 109.12%
Container ID: 9bdfc9452f52 | CPU Usage: 106.64%
Container ID: 640d43702b48 | CPU Usage: 109.12%
Container ID: 640d43702b48 | CPU Usage: 103.86%
Container ID: 23d4c9c66a10 | CPU Usage: 105.62%
Container ID: 23d4c9c66a10 | CPU Usage: 105.62%
Container ID: 23d4c9c66a10 | CPU Usage: 105.62%
Container ID: 23d4c9c66a10 | CPU Usage: 105.62%
Container ID: 640d43702b48 | CPU Usage: 104.86%
Container ID: 23d4c9c66a10 | CPU Usage: 105.62%
Container ID: 23d4c9c66a10 | CPU Usage: 105.62%
Container ID: 640d43702b48 | CPU Usage: 104.86%
Container ID: 9bdfc9452f52 | CPU Usage: 102.29%
Container ID: 9bdfc9452f52 | CPU Usage: 102.29%
Container ID: 9bdfc9452f52 | CPU Usage: 102.29%
Container ID: 9bdfc9452f52 | CPU Usage: 102.29%
Container ID: 9bdfc9452f52 | CPU Usage: 102.29%
Container ID: 9bdfc9452f52 | CPU Usage: 102.29%
Container ID: 640d43702b48 | CPU Usage: 99.42%
Container ID: 640d43702b48 | CPU Usage: 99.42%
Container ID: 640d43702b48 | CPU Usage: 99.42%
Container ID: 640d43702b48 | CPU Usage: 99.42%
Container ID: 640d43702b48 | CPU Usage: 99.42%
Container ID: 640d43702b48 | CPU Usage: 99.42%
Checking CPU usage for app replicas...
Checking CPU usage for app replicas...
Container ID: 23d4c9c66a10 | CPU Usage: 99.40%
Container ID: 9bdfc9452f52 | CPU Usage: 0.12%
Container ID: 23d4c9c66a10 | CPU Usage: 103.83%
Container ID: 9bdfc9452f52 | CPU Usage: 1.03%
Container ID: 640d43702b48 | CPU Usage: 0.12%
Checking CPU usage for app replicas...
Checking CPU usage for app replicas...
Container ID: 640d43702b48 | CPU Usage: 0.37%
Container ID: 23d4c9c66a10 | CPU Usage: 100.77%
Container ID: 23d4c9c66a10 | CPU Usage: 101.45%
Container ID: 9bdfc9452f52 | CPU Usage: 104.06%
Container ID: 9bdfc9452f52 | CPU Usage: 99.75%
Container ID: 640d43702b48 | CPU Usage: 107.44%
Container ID: 640d43702b48 | CPU Usage: 101.62%
Checking CPU usage for app replicas...
Container ID: 23d4c9c66a10 | CPU Usage: 0.10%
Container ID: 9bdfc9452f52 | CPU Usage: 101.93%
Checking CPU usage for app replicas...
Checking CPU usage for app replicas...
Checking CPU usage for app replicas...
Container ID: 640d43702b48 | CPU Usage: 103.43%
Checking CPU usage for app replicas...
Checking CPU usage for app replicas...
Container ID: 23d4c9c66a10 | CPU Usage: 7.32%
Container ID: 23d4c9c66a10 | CPU Usage: 7.32%
Container ID: 23d4c9c66a10 | CPU Usage: 93.05%
Container ID: 23d4c9c66a10 | CPU Usage: 93.00%
Container ID: 23d4c9c66a10 | CPU Usage: 93.00%
Container ID: 9bdfc9452f52 | CPU Usage: 104.01%
Container ID: 9bdfc9452f52 | CPU Usage: 104.01%
Container ID: 9bdfc9452f52 | CPU Usage: 101.67%
Checking CPU usage for app replicas...
Checking CPU usage for app replicas...
Checking CPU usage for app replicas...
Checking CPU usage for app replicas...
Checking CPU usage for app replicas...
Checking CPU usage for app replicas...
Container ID: 640d43702b48 | CPU Usage: 100.83%
Container ID: 9bdfc9452f52 | CPU Usage: 100.65%
Container ID: 9bdfc9452f52 | CPU Usage: 100.65%
Container ID: 640d43702b48 | CPU Usage: 100.83%
Container ID: 640d43702b48 | CPU Usage: 96.09%
Container ID: 23d4c9c66a10 | CPU Usage: 102.41%
Container ID: 23d4c9c66a10 | CPU Usage: 102.41%
Container ID: 23d4c9c66a10 | CPU Usage: 102.41%
Container ID: 23d4c9c66a10 | CPU Usage: 102.41%
Container ID: 640d43702b48 | CPU Usage: 100.72%
Container ID: 23d4c9c66a10 | CPU Usage: 102.41%
Container ID: 640d43702b48 | CPU Usage: 100.72%
Container ID: 23d4c9c66a10 | CPU Usage: 102.41%
Container ID: 9bdfc9452f52 | CPU Usage: 106.35%
Container ID: 9bdfc9452f52 | CPU Usage: 106.35%
Container ID: 9bdfc9452f52 | CPU Usage: 106.35%
Container ID: 9bdfc9452f52 | CPU Usage: 106.35%
Container ID: 9bdfc9452f52 | CPU Usage: 106.35%
Container ID: 9bdfc9452f52 | CPU Usage: 106.35%
Container ID: 640d43702b48 | CPU Usage: 102.82%
Container ID: 640d43702b48 | CPU Usage: 102.82%
Container ID: 640d43702b48 | CPU Usage: 102.82%
Container ID: 640d43702b48 | CPU Usage: 102.82%
Container ID: 640d43702b48 | CPU Usage: 102.82%
Container ID: 640d43702b48 | CPU Usage: 102.82%
Checking CPU usage for app replicas...
Container ID: 23d4c9c66a10 | CPU Usage: 105.94%
Checking CPU usage for app replicas...
Container ID: 23d4c9c66a10 | CPU Usage: 97.01%
Container ID: 9bdfc9452f52 | CPU Usage: 106.12%
Container ID: 640d43702b48 | CPU Usage: 99.28%
Container ID: 9bdfc9452f52 | CPU Usage: 98.75%
Checking CPU usage for app replicas...
Container ID: 640d43702b48 | CPU Usage: 102.14%
Checking CPU usage for app replicas...
Container ID: 23d4c9c66a10 | CPU Usage: 106.27%
Container ID: 23d4c9c66a10 | CPU Usage: 108.81%
Container ID: 9bdfc9452f52 | CPU Usage: 0.10%
Container ID: 9bdfc9452f52 | CPU Usage: 0.11%
Container ID: 640d43702b48 | CPU Usage: 0.77%
Container ID: 640d43702b48 | CPU Usage: 0.46%
Checking CPU usage for app replicas...
Container ID: 23d4c9c66a10 | CPU Usage: 100.01%
Container ID: 9bdfc9452f52 | CPU Usage: 94.59%
Checking CPU usage for app replicas...
Checking CPU usage for app replicas...
Container ID: 640d43702b48 | CPU Usage: 90.09%
Checking CPU usage for app replicas...
Checking CPU usage for app replicas...
Checking CPU usage for app replicas...
Container ID: 23d4c9c66a10 | CPU Usage: 105.15%
Container ID: 23d4c9c66a10 | CPU Usage: 105.15%
Container ID: 23d4c9c66a10 | CPU Usage: 105.15%
Container ID: 23d4c9c66a10 | CPU Usage: 19.33%
Container ID: 23d4c9c66a10 | CPU Usage: 19.33%
Container ID: 9bdfc9452f52 | CPU Usage: 107.44%
Container ID: 9bdfc9452f52 | CPU Usage: 107.44%
Container ID: 9bdfc9452f52 | CPU Usage: 107.44%
Container ID: 9bdfc9452f52 | CPU Usage: 107.44%
Container ID: 9bdfc9452f52 | CPU Usage: 107.44%
Checking CPU usage for app replicas...
Checking CPU usage for app replicas...
Checking CPU usage for app replicas...
Checking CPU usage for app replicas...
Checking CPU usage for app replicas...
Checking CPU usage for app replicas...
Container ID: 640d43702b48 | CPU Usage: 115.46%
Container ID: 640d43702b48 | CPU Usage: 115.46%
Container ID: 640d43702b48 | CPU Usage: 115.46%
Container ID: 640d43702b48 | CPU Usage: 115.46%
Container ID: 640d43702b48 | CPU Usage: 105.39%
Container ID: 23d4c9c66a10 | CPU Usage: 0.57%
Container ID: 23d4c9c66a10 | CPU Usage: 0.57%
Container ID: 23d4c9c66a10 | CPU Usage: 0.57%
Container ID: 23d4c9c66a10 | CPU Usage: 0.57%
Container ID: 23d4c9c66a10 | CPU Usage: 0.57%
Container ID: 23d4c9c66a10 | CPU Usage: 0.57%
Container ID: 9bdfc9452f52 | CPU Usage: 102.79%
Container ID: 9bdfc9452f52 | CPU Usage: 102.79%
Container ID: 9bdfc9452f52 | CPU Usage: 102.79%
Container ID: 9bdfc9452f52 | CPU Usage: 102.79%
Container ID: 9bdfc9452f52 | CPU Usage: 102.79%
Container ID: 9bdfc9452f52 | CPU Usage: 102.79%
Checking CPU usage for app replicas...
Container ID: 640d43702b48 | CPU Usage: 100.39%
Container ID: 640d43702b48 | CPU Usage: 100.39%
Container ID: 640d43702b48 | CPU Usage: 100.39%
Container ID: 640d43702b48 | CPU Usage: 100.39%
Container ID: 640d43702b48 | CPU Usage: 100.39%
Container ID: 640d43702b48 | CPU Usage: 100.39%
Container ID: 23d4c9c66a10 | CPU Usage: 99.91%
Checking CPU usage for app replicas...
Container ID: 9bdfc9452f52 | CPU Usage: 102.79%
Container ID: 23d4c9c66a10 | CPU Usage: 96.58%
Container ID: 9bdfc9452f52 | CPU Usage: 101.17%
Container ID: 640d43702b48 | CPU Usage: 101.58%
Checking CPU usage for app replicas...
Checking CPU usage for app replicas...
Container ID: 640d43702b48 | CPU Usage: 101.51%
Container ID: 23d4c9c66a10 | CPU Usage: 100.61%
Container ID: 23d4c9c66a10 | CPU Usage: 102.68%
Container ID: 9bdfc9452f52 | CPU Usage: 107.64%
Container ID: 9bdfc9452f52 | CPU Usage: 100.71%
Container ID: 640d43702b48 | CPU Usage: 101.51%
Container ID: 640d43702b48 | CPU Usage: 101.82%
Checking CPU usage for app replicas...
Container ID: 23d4c9c66a10 | CPU Usage: 103.28%
Container ID: 9bdfc9452f52 | CPU Usage: 77.35%
Container ID: 640d43702b48 | CPU Usage: 0.12%
Checking CPU usage for app replicas...
Checking CPU usage for app replicas...
Checking CPU usage for app replicas...
Checking CPU usage for app replicas...
Checking CPU usage for app replicas...
Container ID: 23d4c9c66a10 | CPU Usage: 100.27%
Container ID: 23d4c9c66a10 | CPU Usage: 102.19%
Container ID: 23d4c9c66a10 | CPU Usage: 102.19%
Container ID: 23d4c9c66a10 | CPU Usage: 102.19%
Container ID: 23d4c9c66a10 | CPU Usage: 102.19%
Container ID: 9bdfc9452f52 | CPU Usage: 0.10%
Container ID: 9bdfc9452f52 | CPU Usage: 14.81%
Container ID: 9bdfc9452f52 | CPU Usage: 14.81%
Container ID: 9bdfc9452f52 | CPU Usage: 14.81%
Container ID: 9bdfc9452f52 | CPU Usage: 14.81%
Checking CPU usage for app replicas...
Checking CPU usage for app replicas...
Checking CPU usage for app replicas...
Checking CPU usage for app replicas...
Checking CPU usage for app replicas...
Checking CPU usage for app replicas...
Container ID: 640d43702b48 | CPU Usage: 95.56%
Container ID: 640d43702b48 | CPU Usage: 86.89%
Container ID: 640d43702b48 | CPU Usage: 86.89%
Container ID: 640d43702b48 | CPU Usage: 86.89%
Container ID: 640d43702b48 | CPU Usage: 86.89%
Container ID: 23d4c9c66a10 | CPU Usage: 94.03%
Container ID: 23d4c9c66a10 | CPU Usage: 94.03%
Container ID: 23d4c9c66a10 | CPU Usage: 94.03%
Container ID: 23d4c9c66a10 | CPU Usage: 94.03%
Container ID: 23d4c9c66a10 | CPU Usage: 94.03%
Container ID: 23d4c9c66a10 | CPU Usage: 94.03%
Container ID: 9bdfc9452f52 | CPU Usage: 107.92%
Container ID: 9bdfc9452f52 | CPU Usage: 107.92%
Container ID: 9bdfc9452f52 | CPU Usage: 107.92%
Container ID: 9bdfc9452f52 | CPU Usage: 107.92%
Container ID: 9bdfc9452f52 | CPU Usage: 107.92%
Container ID: 9bdfc9452f52 | CPU Usage: 107.92%
Checking CPU usage for app replicas...
Container ID: 640d43702b48 | CPU Usage: 95.69%
Container ID: 640d43702b48 | CPU Usage: 95.69%
Container ID: 640d43702b48 | CPU Usage: 95.69%
Container ID: 640d43702b48 | CPU Usage: 95.69%
Container ID: 640d43702b48 | CPU Usage: 95.69%
Container ID: 640d43702b48 | CPU Usage: 95.69%
Container ID: 23d4c9c66a10 | CPU Usage: 0.11%
Checking CPU usage for app replicas...
Container ID: 23d4c9c66a10 | CPU Usage: 0.12%
Container ID: 9bdfc9452f52 | CPU Usage: 0.00%
Container ID: 9bdfc9452f52 | CPU Usage: 100.29%
Container ID: 640d43702b48 | CPU Usage: 103.47%
Checking CPU usage for app replicas...
Container ID: 640d43702b48 | CPU Usage: 105.25%
Checking CPU usage for app replicas...
Container ID: 23d4c9c66a10 | CPU Usage: 37.36%
Container ID: 23d4c9c66a10 | CPU Usage: 104.63%
Container ID: 9bdfc9452f52 | CPU Usage: 103.33%
Container ID: 9bdfc9452f52 | CPU Usage: 103.77%
Container ID: 640d43702b48 | CPU Usage: 111.57%
Container ID: 640d43702b48 | CPU Usage: 115.43%
Checking CPU usage for app replicas...
Container ID: 23d4c9c66a10 | CPU Usage: 0.00%
Container ID: 9bdfc9452f52 | CPU Usage: 101.31%
Container ID: 640d43702b48 | CPU Usage: 103.76%
Checking CPU usage for app replicas...
Checking CPU usage for app replicas...
Checking CPU usage for app replicas...
Checking CPU usage for app replicas...
Checking CPU usage for app replicas...
Container ID: 23d4c9c66a10 | CPU Usage: 96.83%
Container ID: 23d4c9c66a10 | CPU Usage: 0.00%
Container ID: 23d4c9c66a10 | CPU Usage: 0.00%
Container ID: 23d4c9c66a10 | CPU Usage: 0.00%
Container ID: 23d4c9c66a10 | CPU Usage: 0.00%
Container ID: 9bdfc9452f52 | CPU Usage: 108.70%
Container ID: 640d43702b48 | CPU Usage: 101.56%
Checking CPU usage for app replicas...
Checking CPU usage for app replicas...
Checking CPU usage for app replicas...
Checking CPU usage for app replicas...
Checking CPU usage for app replicas...
Container ID: 9bdfc9452f52 | CPU Usage: 100.38%
Container ID: 9bdfc9452f52 | CPU Usage: 100.38%
Container ID: 9bdfc9452f52 | CPU Usage: 100.38%
Checking CPU usage for app replicas...
Container ID: 9bdfc9452f52 | CPU Usage: 100.38%
Container ID: 640d43702b48 | CPU Usage: 128.70%
Scaling service app to 2 replicas.
no configuration file provided: not found
Container ID: 640d43702b48 | CPU Usage: 106.53%
Container ID: 640d43702b48 | CPU Usage: 106.53%
Container ID: 640d43702b48 | CPU Usage: 106.53%
Container ID: 9bdfc9452f52 | CPU Usage: 106.21%
Container ID: 9bdfc9452f52 | CPU Usage: 106.21%
Container ID: 9bdfc9452f52 | CPU Usage: 106.21%
Container ID: 9bdfc9452f52 | CPU Usage: 106.21%
Container ID: 9bdfc9452f52 | CPU Usage: 106.21%
Container ID: 9bdfc9452f52 | CPU Usage: 106.48%
Container ID: 640d43702b48 | CPU Usage: 100.51%
Container ID: 640d43702b48 | CPU Usage: 100.51%
Container ID: 640d43702b48 | CPU Usage: 100.51%
Container ID: 640d43702b48 | CPU Usage: 100.51%
Container ID: 640d43702b48 | CPU Usage: 100.51%
Checking CPU usage for app replicas...
Container ID: 640d43702b48 | CPU Usage: 59.72%
Checking CPU usage for app replicas...
Container ID: 9bdfc9452f52 | CPU Usage: 50.43%
Container ID: 9bdfc9452f52 | CPU Usage: 0.11%
Container ID: 640d43702b48 | CPU Usage: 0.18%
Container ID: 640d43702b48 | CPU Usage: 0.60%
Checking CPU usage for app replicas...
Checking CPU usage for app replicas...
Container ID: 9bdfc9452f52 | CPU Usage: 4.98%
Container ID: 9bdfc9452f52 | CPU Usage: 63.46%
Container ID: 640d43702b48 | CPU Usage: 102.09%
Container ID: 640d43702b48 | CPU Usage: 99.78%
Checking CPU usage for app replicas...
Container ID: 9bdfc9452f52 | CPU Usage: 108.13%
Container ID: 640d43702b48 | CPU Usage: 100.56%
Checking CPU usage for app replicas...
Container ID: 9bdfc9452f52 | CPU Usage: 101.04%
Checking CPU usage for app replicas...
Checking CPU usage for app replicas...
Checking CPU usage for app replicas...
Checking CPU usage for app replicas...
Container ID: 640d43702b48 | CPU Usage: 100.14%
Container ID: 9bdfc9452f52 | CPU Usage: 103.45%
Checking CPU usage for app replicas...
Checking CPU usage for app replicas...
Checking CPU usage for app replicas...
Checking CPU usage for app replicas...
Checking CPU usage for app replicas...
Container ID: 9bdfc9452f52 | CPU Usage: 104.20%
Container ID: 9bdfc9452f52 | CPU Usage: 104.20%
Container ID: 9bdfc9452f52 | CPU Usage: 104.20%
Checking CPU usage for app replicas...
Container ID: 640d43702b48 | CPU Usage: 104.82%
Container ID: 9bdfc9452f52 | CPU Usage: 102.43%
Container ID: 9bdfc9452f52 | CPU Usage: 102.43%
Container ID: 9bdfc9452f52 | CPU Usage: 102.43%
Container ID: 9bdfc9452f52 | CPU Usage: 102.43%
Container ID: 9bdfc9452f52 | CPU Usage: 102.43%
Container ID: 640d43702b48 | CPU Usage: 101.81%
Container ID: 640d43702b48 | CPU Usage: 101.81%
Container ID: 640d43702b48 | CPU Usage: 101.81%
Container ID: 9bdfc9452f52 | CPU Usage: 102.56%
Checking CPU usage for app replicas...
Container ID: 640d43702b48 | CPU Usage: 101.48%
Container ID: 640d43702b48 | CPU Usage: 101.48%
Container ID: 640d43702b48 | CPU Usage: 101.48%
Container ID: 640d43702b48 | CPU Usage: 101.48%
Container ID: 640d43702b48 | CPU Usage: 101.48%
Checking CPU usage for app replicas...
Container ID: 640d43702b48 | CPU Usage: 103.40%
Container ID: 9bdfc9452f52 | CPU Usage: 102.07%
Container ID: 9bdfc9452f52 | CPU Usage: 103.57%
Container ID: 640d43702b48 | CPU Usage: 102.27%
Container ID: 640d43702b48 | CPU Usage: 104.27%
Checking CPU usage for app replicas...
Checking CPU usage for app replicas...
Checking CPU usage for app replicas...
Checking CPU usage for app replicas...
Checking CPU usage for app replicas...
Checking CPU usage for app replicas...
Checking CPU usage for app replicas...
Checking CPU usage for app replicas...
Checking CPU usage for app replicas...
Checking CPU usage for app replicas...
Checking CPU usage for app replicas...
Checking CPU usage for app replicas...
Checking CPU usage for app replicas...
Checking CPU usage for app replicas...
Checking CPU usage for app replicas...
Checking CPU usage for app replicas...
Checking CPU usage for app replicas...
Checking CPU usage for app replicas...
Checking CPU usage for app replicas...
Checking CPU usage for app replicas...
Checking CPU usage for app replicas...
Checking CPU usage for app replicas...
Checking CPU usage for app replicas...
Checking CPU usage for app replicas...
Checking CPU usage for app replicas...
Checking CPU usage for app replicas...
Checking CPU usage for app replicas...
Checking CPU usage for app replicas...
Checking CPU usage for app replicas...
Checking CPU usage for app replicas...
Checking CPU usage for app replicas...
Checking CPU usage for app replicas...
Checking CPU usage for app replicas...
Checking CPU usage for app replicas...
Checking CPU usage for app replicas...
Checking CPU usage for app replicas...
Checking CPU usage for app replicas...
Checking CPU usage for app replicas...
Checking CPU usage for app replicas...
Checking CPU usage for app replicas...
Checking CPU usage for app replicas...
Checking CPU usage for app replicas...
Checking CPU usage for app replicas...
Checking CPU usage for app replicas...
Checking CPU usage for app replicas...
Checking CPU usage for app replicas...
Checking CPU usage for app replicas...
Checking CPU usage for app replicas...
Checking CPU usage for app replicas...
Checking CPU usage for app replicas...
Checking CPU usage for app replicas...
Checking CPU usage for app replicas...
Checking CPU usage for app replicas...
Checking CPU usage for app replicas...
Checking CPU usage for app replicas...
Checking CPU usage for app replicas...
Checking CPU usage for app replicas...
Checking CPU usage for app replicas...
Checking CPU usage for app replicas...
Checking CPU usage for app replicas...
Checking CPU usage for app replicas...
Checking CPU usage for app replicas...
Checking CPU usage for app replicas...
Checking CPU usage for app replicas...
Checking CPU usage for app replicas...
Checking CPU usage for app replicas...
Checking CPU usage for app replicas...
Checking CPU usage for app replicas...
Checking CPU usage for app replicas...
Checking CPU usage for app replicas...
Checking CPU usage for app replicas...
Checking CPU usage for app replicas...
Checking CPU usage for app replicas...
Checking CPU usage for app replicas...
Checking CPU usage for app replicas...
Checking CPU usage for app replicas...
Checking CPU usage for app replicas...
Checking CPU usage for app replicas...
Container ID: f20445900364 | CPU Usage: 114.27%
Container ID: f20445900364 | CPU Usage: 114.27%
Container ID: f20445900364 | CPU Usage: 114.27%
Container ID: f20445900364 | CPU Usage: 114.27%
Container ID: f20445900364 | CPU Usage: 101.82%
Container ID: f20445900364 | CPU Usage: 101.82%
Checking CPU usage for app replicas...
Checking CPU usage for app replicas...
Container ID: f20445900364 | CPU Usage: 102.03%
Container ID: f20445900364 | CPU Usage: 102.03%
Checking CPU usage for app replicas...
Checking CPU usage for app replicas...
Container ID: f20445900364 | CPU Usage: 100.72%
Container ID: f20445900364 | CPU Usage: 103.60%
Checking CPU usage for app replicas...
Container ID: f20445900364 | CPU Usage: 101.87%
Checking CPU usage for app replicas...
Container ID: f20445900364 | CPU Usage: 98.28%
Checking CPU usage for app replicas...
Checking CPU usage for app replicas...
Checking CPU usage for app replicas...
Checking CPU usage for app replicas...
Container ID: f20445900364 | CPU Usage: 101.65%
Container ID: f20445900364 | CPU Usage: 100.77%
Container ID: f20445900364 | CPU Usage: 100.77%
Container ID: f20445900364 | CPU Usage: 100.77%
Checking CPU usage for app replicas...
Checking CPU usage for app replicas...
Checking CPU usage for app replicas...
Checking CPU usage for app replicas...
Checking CPU usage for app replicas...
Checking CPU usage for app replicas...
Container ID: f20445900364 | CPU Usage: 99.52%
Container ID: f20445900364 | CPU Usage: 97.23%
Container ID: f20445900364 | CPU Usage: 97.23%
Container ID: f20445900364 | CPU Usage: 97.23%
Container ID: f20445900364 | CPU Usage: 98.64%
Container ID: f20445900364 | CPU Usage: 98.64%
Checking CPU usage for app replicas...
Checking CPU usage for app replicas...
Container ID: f20445900364 | CPU Usage: 99.28%
Container ID: f20445900364 | CPU Usage: 99.28%
Checking CPU usage for app replicas...
Container ID: f20445900364 | CPU Usage: 94.32%
Checking CPU usage for app replicas...
Container ID: f20445900364 | CPU Usage: 0.21%
Checking CPU usage for app replicas...
Container ID: f20445900364 | CPU Usage: 0.18%
Checking CPU usage for app replicas...
Container ID: f20445900364 | CPU Usage: 0.21%
Checking CPU usage for app replicas...
Checking CPU usage for app replicas...
Checking CPU usage for app replicas...
Checking CPU usage for app replicas...
Container ID: f20445900364 | CPU Usage: 0.29%
Container ID: f20445900364 | CPU Usage: 0.23%
Container ID: f20445900364 | CPU Usage: 0.23%
Container ID: f20445900364 | CPU Usage: 0.23%
Checking CPU usage for app replicas...
Checking CPU usage for app replicas...
Checking CPU usage for app replicas...
Checking CPU usage for app replicas...
Container ID: f20445900364 | CPU Usage: 0.26%
Checking CPU usage for app replicas...
Checking CPU usage for app replicas...
Container ID: f20445900364 | CPU Usage: 0.18%
Container ID: f20445900364 | CPU Usage: 0.18%
Container ID: f20445900364 | CPU Usage: 0.18%
Container ID: f20445900364 | CPU Usage: 0.17%
Container ID: f20445900364 | CPU Usage: 0.17%
Checking CPU usage for app replicas...
Checking CPU usage for app replicas...
Container ID: f20445900364 | CPU Usage: 0.18%
Container ID: f20445900364 | CPU Usage: 0.18%
Checking CPU usage for app replicas...
Container ID: f20445900364 | CPU Usage: 0.20%
Checking CPU usage for app replicas...
Container ID: f20445900364 | CPU Usage: 0.18%
Checking CPU usage for app replicas...
Container ID: f20445900364 | CPU Usage: 0.23%
Checking CPU usage for app replicas...
Container ID: f20445900364 | CPU Usage: 0.16%
Checking CPU usage for app replicas...
Container ID: f20445900364 | CPU Usage: 0.15%
Checking CPU usage for app replicas...
Checking CPU usage for app replicas...
Checking CPU usage for app replicas...
Checking CPU usage for app replicas...
Container ID: f20445900364 | CPU Usage: 0.25%
Container ID: f20445900364 | CPU Usage: 0.25%
Container ID: f20445900364 | CPU Usage: 0.25%
Checking CPU usage for app replicas...
Checking CPU usage for app replicas...
Checking CPU usage for app replicas...
Container ID: f20445900364 | CPU Usage: 0.16%
Checking CPU usage for app replicas...
Checking CPU usage for app replicas...
Container ID: f20445900364 | CPU Usage: 0.32%
Container ID: f20445900364 | CPU Usage: 0.32%
Container ID: f20445900364 | CPU Usage: 0.32%
Checking CPU usage for app replicas...
Checking CPU usage for app replicas...
Container ID: f20445900364 | CPU Usage: 0.21%
Container ID: f20445900364 | CPU Usage: 0.21%
Checking CPU usage for app replicas...
Container ID: f20445900364 | CPU Usage: 0.19%
Container ID: f20445900364 | CPU Usage: 0.19%
Container ID: f20445900364 | CPU Usage: 0.27%
Checking CPU usage for app replicas...
Container ID: f20445900364 | CPU Usage: 1.35%
Checking CPU usage for app replicas...
Container ID: f20445900364 | CPU Usage: 0.27%
Checking CPU usage for app replicas...
Container ID: f20445900364 | CPU Usage: 0.18%
Checking CPU usage for app replicas...
Container ID: f20445900364 | CPU Usage: 0.25%
Checking CPU usage for app replicas...
Checking CPU usage for app replicas...
Checking CPU usage for app replicas...
Container ID: f20445900364 | CPU Usage: 0.20%
Container ID: f20445900364 | CPU Usage: 0.20%
Container ID: f20445900364 | CPU Usage: 0.20%
Checking CPU usage for app replicas...
Checking CPU usage for app replicas...
Checking CPU usage for app replicas...
Checking CPU usage for app replicas...
Container ID: f20445900364 | CPU Usage: 0.19%
Container ID: f20445900364 | CPU Usage: 0.16%
Container ID: f20445900364 | CPU Usage: 0.16%
Container ID: f20445900364 | CPU Usage: 0.16%
Checking CPU usage for app replicas...
Checking CPU usage for app replicas...
Checking CPU usage for app replicas...
Checking CPU usage for app replicas...
Container ID: f20445900364 | CPU Usage: 0.31%
Container ID: f20445900364 | CPU Usage: 0.31%
Checking CPU usage for app replicas...
Container ID: f20445900364 | CPU Usage: 1.16%
Container ID: f20445900364 | CPU Usage: 1.16%
Container ID: f20445900364 | CPU Usage: 0.19%
Checking CPU usage for app replicas...
Container ID: f20445900364 | CPU Usage: 0.23%
Checking CPU usage for app replicas...
Container ID: f20445900364 | CPU Usage: 0.17%
Checking CPU usage for app replicas...
Container ID: f20445900364 | CPU Usage: 0.23%
Checking CPU usage for app replicas...
Container ID: f20445900364 | CPU Usage: 0.20%
Checking CPU usage for app replicas...
Checking CPU usage for app replicas...
Checking CPU usage for app replicas...
Checking CPU usage for app replicas...
Container ID: f20445900364 | CPU Usage: 0.30%
Container ID: f20445900364 | CPU Usage: 0.30%
Container ID: f20445900364 | CPU Usage: 0.30%
Checking CPU usage for app replicas...
Checking CPU usage for app replicas...
Checking CPU usage for app replicas...
Container ID: f20445900364 | CPU Usage: 0.21%
Container ID: f20445900364 | CPU Usage: 0.38%
Container ID: f20445900364 | CPU Usage: 0.38%
Container ID: f20445900364 | CPU Usage: 0.38%
Checking CPU usage for app replicas...
Checking CPU usage for app replicas...
Checking CPU usage for app replicas...
Checking CPU usage for app replicas...
Container ID: f20445900364 | CPU Usage: 0.22%
Container ID: f20445900364 | CPU Usage: 0.22%
Checking CPU usage for app replicas...
Container ID: f20445900364 | CPU Usage: 0.30%
Container ID: f20445900364 | CPU Usage: 0.30%
Container ID: f20445900364 | CPU Usage: 9.23%
Checking CPU usage for app replicas...
Container ID: f20445900364 | CPU Usage: 0.19%
Checking CPU usage for app replicas...
Container ID: f20445900364 | CPU Usage: 0.19%
Checking CPU usage for app replicas...
Container ID: f20445900364 | CPU Usage: 0.65%
Checking CPU usage for app replicas...
Container ID: f20445900364 | CPU Usage: 0.16%
Checking CPU usage for app replicas...
Checking CPU usage for app replicas...
Checking CPU usage for app replicas...
Container ID: f20445900364 | CPU Usage: 0.18%
Container ID: f20445900364 | CPU Usage: 0.18%
Container ID: f20445900364 | CPU Usage: 0.18%
Checking CPU usage for app replicas...
Checking CPU usage for app replicas...
Checking CPU usage for app replicas...
Checking CPU usage for app replicas...
Container ID: f20445900364 | CPU Usage: 0.94%
Container ID: f20445900364 | CPU Usage: 0.13%
Container ID: f20445900364 | CPU Usage: 0.13%
Container ID: f20445900364 | CPU Usage: 0.13%
Checking CPU usage for app replicas...
Checking CPU usage for app replicas...
Container ID: f20445900364 | CPU Usage: 0.18%
Container ID: f20445900364 | CPU Usage: 0.18%
Checking CPU usage for app replicas...
Checking CPU usage for app replicas...
Checking CPU usage for app replicas...
Container ID: f20445900364 | CPU Usage: 0.26%
Container ID: f20445900364 | CPU Usage: 0.19%
Container ID: f20445900364 | CPU Usage: 0.19%
Checking CPU usage for app replicas...
Container ID: f20445900364 | CPU Usage: 0.36%
Checking CPU usage for app replicas...
Container ID: f20445900364 | CPU Usage: 0.19%
Checking CPU usage for app replicas...
Container ID: f20445900364 | CPU Usage: 0.17%
Checking CPU usage for app replicas...
Container ID: f20445900364 | CPU Usage: 0.17%
Checking CPU usage for app replicas...
Checking CPU usage for app replicas...
Checking CPU usage for app replicas...
Container ID: f20445900364 | CPU Usage: 22.64%
Container ID: f20445900364 | CPU Usage: 22.64%
Container ID: f20445900364 | CPU Usage: 22.64%
Checking CPU usage for app replicas...
Checking CPU usage for app replicas...
Checking CPU usage for app replicas...
Checking CPU usage for app replicas...
Container ID: f20445900364 | CPU Usage: 0.24%
Container ID: f20445900364 | CPU Usage: 0.24%
Container ID: f20445900364 | CPU Usage: 0.24%
Checking CPU usage for app replicas...
Checking CPU usage for app replicas...
Container ID: f20445900364 | CPU Usage: 0.37%
Checking CPU usage for app replicas...
Container ID: f20445900364 | CPU Usage: 0.14%
Container ID: f20445900364 | CPU Usage: 0.14%
Checking CPU usage for app replicas...
Checking CPU usage for app replicas...
Container ID: f20445900364 | CPU Usage: 0.17%
Checking CPU usage for app replicas...
Container ID: f20445900364 | CPU Usage: 207.67%
Scaling service app to 3 replicas.
no configuration file provided: not found
Container ID: f20445900364 | CPU Usage: 100.75%
Container ID: f20445900364 | CPU Usage: 0.70%
Checking CPU usage for app replicas...
Container ID: f20445900364 | CPU Usage: 0.18%
Checking CPU usage for app replicas...
Container ID: f20445900364 | CPU Usage: 0.15%
Checking CPU usage for app replicas...
Container ID: f20445900364 | CPU Usage: 0.15%
Checking CPU usage for app replicas...
Checking CPU usage for app replicas...
Checking CPU usage for app replicas...
Container ID: f20445900364 | CPU Usage: 0.16%
Container ID: f20445900364 | CPU Usage: 0.20%
Container ID: f20445900364 | CPU Usage: 0.20%
Checking CPU usage for app replicas...
Checking CPU usage for app replicas...
Checking CPU usage for app replicas...
Checking CPU usage for app replicas...
Container ID: f20445900364 | CPU Usage: 0.16%
Container ID: f20445900364 | CPU Usage: 0.20%
Container ID: f20445900364 | CPU Usage: 0.20%
Checking CPU usage for app replicas...
Checking CPU usage for app replicas...
Container ID: f20445900364 | CPU Usage: 0.24%
Container ID: f20445900364 | CPU Usage: 0.18%
Container ID: f20445900364 | CPU Usage: 0.18%
Checking CPU usage for app replicas...
Container ID: f20445900364 | CPU Usage: 0.18%
Checking CPU usage for app replicas...
Checking CPU usage for app replicas...
Checking CPU usage for app replicas...
Container ID: f20445900364 | CPU Usage: 0.15%
Container ID: f20445900364 | CPU Usage: 0.15%
Container ID: f20445900364 | CPU Usage: 0.16%
Checking CPU usage for app replicas...
Container ID: f20445900364 | CPU Usage: 0.16%
Checking CPU usage for app replicas...
Container ID: f20445900364 | CPU Usage: 4.97%
Checking CPU usage for app replicas...
Container ID: f20445900364 | CPU Usage: 99.81%
Checking CPU usage for app replicas...
Checking CPU usage for app replicas...
Checking CPU usage for app replicas...
Container ID: f20445900364 | CPU Usage: 0.18%
Checking CPU usage for app replicas...
Container ID: f20445900364 | CPU Usage: 0.14%
Container ID: f20445900364 | CPU Usage: 0.14%
Checking CPU usage for app replicas...
Checking CPU usage for app replicas...
Checking CPU usage for app replicas...
Container ID: f20445900364 | CPU Usage: 0.16%
Container ID: f20445900364 | CPU Usage: 0.19%
Container ID: f20445900364 | CPU Usage: 0.19%
Checking CPU usage for app replicas...
Checking CPU usage for app replicas...
Container ID: f20445900364 | CPU Usage: 0.14%
Checking CPU usage for app replicas...
Container ID: f20445900364 | CPU Usage: 0.91%
Container ID: f20445900364 | CPU Usage: 0.91%
Container ID: f20445900364 | CPU Usage: 2.15%
Checking CPU usage for app replicas...
Checking CPU usage for app replicas...
Container ID: f20445900364 | CPU Usage: 0.19%
Container ID: f20445900364 | CPU Usage: 0.19%
Checking CPU usage for app replicas...
Container ID: f20445900364 | CPU Usage: 0.18%
Checking CPU usage for app replicas...
Container ID: f20445900364 | CPU Usage: 0.16%
Checking CPU usage for app replicas...
Container ID: f20445900364 | CPU Usage: 0.16%
Checking CPU usage for app replicas...
Container ID: f20445900364 | CPU Usage: 0.14%
Checking CPU usage for app replicas...
Checking CPU usage for app replicas...
Checking CPU usage for app replicas...
Container ID: f20445900364 | CPU Usage: 0.17%
Container ID: f20445900364 | CPU Usage: 0.16%
Container ID: f20445900364 | CPU Usage: 0.16%
Checking CPU usage for app replicas...
Checking CPU usage for app replicas...
Checking CPU usage for app replicas...
Container ID: f20445900364 | CPU Usage: 0.17%
Checking CPU usage for app replicas...
Container ID: f20445900364 | CPU Usage: 3.01%
Container ID: f20445900364 | CPU Usage: 3.01%
Container ID: f20445900364 | CPU Usage: 0.21%
Checking CPU usage for app replicas...
Checking CPU usage for app replicas...
Container ID: f20445900364 | CPU Usage: 0.19%
Container ID: f20445900364 | CPU Usage: 0.19%
Checking CPU usage for app replicas...
Container ID: f20445900364 | CPU Usage: 0.25%
Checking CPU usage for app replicas...
Checking CPU usage for app replicas...
Container ID: f20445900364 | CPU Usage: 0.23%
Checking CPU usage for app replicas...
Container ID: f20445900364 | CPU Usage: 0.28%
Container ID: f20445900364 | CPU Usage: 0.23%
Checking CPU usage for app replicas...
Container ID: f20445900364 | CPU Usage: 0.18%
Checking CPU usage for app replicas...
Container ID: f20445900364 | CPU Usage: 0.20%
Checking CPU usage for app replicas...
Container ID: f20445900364 | CPU Usage: 0.18%
Checking CPU usage for app replicas...
Checking CPU usage for app replicas...
Checking CPU usage for app replicas...
Container ID: f20445900364 | CPU Usage: 0.19%
Checking CPU usage for app replicas...
Checking CPU usage for app replicas...
Checking CPU usage for app replicas...
Container ID: f20445900364 | CPU Usage: 0.20%
Container ID: f20445900364 | CPU Usage: 0.20%
Checking CPU usage for app replicas...
Container ID: f20445900364 | CPU Usage: 0.81%
Container ID: f20445900364 | CPU Usage: 0.17%
Container ID: f20445900364 | CPU Usage: 0.17%
Checking CPU usage for app replicas...
Checking CPU usage for app replicas...
Container ID: f20445900364 | CPU Usage: 0.15%
Checking CPU usage for app replicas...
Container ID: f20445900364 | CPU Usage: 0.14%
Container ID: f20445900364 | CPU Usage: 0.14%
Container ID: f20445900364 | CPU Usage: 0.17%
Checking CPU usage for app replicas...
Checking CPU usage for app replicas...
Container ID: f20445900364 | CPU Usage: 0.20%
Checking CPU usage for app replicas...
Container ID: f20445900364 | CPU Usage: 0.07%
Checking CPU usage for app replicas...
Container ID: f20445900364 | CPU Usage: 0.36%
Container ID: f20445900364 | CPU Usage: 0.17%
Checking CPU usage for app replicas...
Checking CPU usage for app replicas...
Container ID: f20445900364 | CPU Usage: 0.16%
Container ID: f20445900364 | CPU Usage: 0.16%
Checking CPU usage for app replicas...
Checking CPU usage for app replicas...
Checking CPU usage for app replicas...
Container ID: f20445900364 | CPU Usage: 0.18%
Checking CPU usage for app replicas...
Checking CPU usage for app replicas...
Checking CPU usage for app replicas...
Container ID: f20445900364 | CPU Usage: 0.16%
Checking CPU usage for app replicas...
Container ID: f20445900364 | CPU Usage: 0.23%
Container ID: f20445900364 | CPU Usage: 0.23%
Container ID: f20445900364 | CPU Usage: 36.64%
Checking CPU usage for app replicas...
Checking CPU usage for app replicas...
Container ID: f20445900364 | CPU Usage: 0.16%
Container ID: f20445900364 | CPU Usage: 0.16%
Checking CPU usage for app replicas...
Container ID: f20445900364 | CPU Usage: 0.15%
Container ID: f20445900364 | CPU Usage: 0.15%
Container ID: f20445900364 | CPU Usage: 0.20%
Checking CPU usage for app replicas...
Container ID: f20445900364 | CPU Usage: 13.74%
Checking CPU usage for app replicas...
Checking CPU usage for app replicas...
Checking CPU usage for app replicas...
Container ID: f20445900364 | CPU Usage: 0.17%
Container ID: f20445900364 | CPU Usage: 0.14%
Container ID: f20445900364 | CPU Usage: 0.16%
Checking CPU usage for app replicas...
Checking CPU usage for app replicas...
Container ID: f20445900364 | CPU Usage: 0.15%
Container ID: f20445900364 | CPU Usage: 4.61%
Checking CPU usage for app replicas...
Checking CPU usage for app replicas...
Checking CPU usage for app replicas...
Checking CPU usage for app replicas...
Container ID: f20445900364 | CPU Usage: 0.17%
Checking CPU usage for app replicas...
Checking CPU usage for app replicas...
Checking CPU usage for app replicas...
Container ID: f20445900364 | CPU Usage: 0.14%
Container ID: f20445900364 | CPU Usage: 0.14%
Container ID: f20445900364 | CPU Usage: 0.14%
Container ID: f20445900364 | CPU Usage: 0.17%
Checking CPU usage for app replicas...
Checking CPU usage for app replicas...
Container ID: f20445900364 | CPU Usage: 0.15%
Container ID: f20445900364 | CPU Usage: 0.15%
Checking CPU usage for app replicas...
Container ID: f20445900364 | CPU Usage: 4.47%
Container ID: f20445900364 | CPU Usage: 0.16%
Container ID: f20445900364 | CPU Usage: 0.16%
Checking CPU usage for app replicas...
Container ID: f20445900364 | CPU Usage: 16.65%
Checking CPU usage for app replicas...
Checking CPU usage for app replicas...
Checking CPU usage for app replicas...
Container ID: f20445900364 | CPU Usage: 0.18%
Container ID: f20445900364 | CPU Usage: 0.15%
Container ID: f20445900364 | CPU Usage: 0.17%
Checking CPU usage for app replicas...
Checking CPU usage for app replicas...
Container ID: f20445900364 | CPU Usage: 0.13%
Container ID: f20445900364 | CPU Usage: 0.13%
Checking CPU usage for app replicas...
Container ID: f20445900364 | CPU Usage: 0.16%
Checking CPU usage for app replicas...
Checking CPU usage for app replicas...
Checking CPU usage for app replicas...
Checking CPU usage for app replicas...
Checking CPU usage for app replicas...
Checking CPU usage for app replicas...
Container ID: f20445900364 | CPU Usage: 0.19%
Container ID: f20445900364 | CPU Usage: 0.19%
Container ID: f20445900364 | CPU Usage: 0.19%
Container ID: f20445900364 | CPU Usage: 0.19%
Checking CPU usage for app replicas...
Container ID: f20445900364 | CPU Usage: 0.13%
Container ID: f20445900364 | CPU Usage: 0.13%
Checking CPU usage for app replicas...
Checking CPU usage for app replicas...
Container ID: f20445900364 | CPU Usage: 0.17%
Container ID: f20445900364 | CPU Usage: 0.51%
Container ID: f20445900364 | CPU Usage: 0.51%
Checking CPU usage for app replicas...
Container ID: f20445900364 | CPU Usage: 0.17%
Checking CPU usage for app replicas...
Checking CPU usage for app replicas...
Checking CPU usage for app replicas...
Container ID: f20445900364 | CPU Usage: 0.16%
Container ID: f20445900364 | CPU Usage: 0.15%
Container ID: f20445900364 | CPU Usage: 0.21%
Checking CPU usage for app replicas...
Checking CPU usage for app replicas...
Container ID: f20445900364 | CPU Usage: 0.18%
Container ID: f20445900364 | CPU Usage: 0.35%
Checking CPU usage for app replicas...
Container ID: f20445900364 | CPU Usage: 0.17%
Checking CPU usage for app replicas...
Checking CPU usage for app replicas...
Checking CPU usage for app replicas...
Checking CPU usage for app replicas...
Checking CPU usage for app replicas...
Checking CPU usage for app replicas...
Container ID: f20445900364 | CPU Usage: 0.17%
Container ID: f20445900364 | CPU Usage: 0.17%
Container ID: f20445900364 | CPU Usage: 0.17%
Container ID: f20445900364 | CPU Usage: 0.17%
Checking CPU usage for app replicas...
Container ID: f20445900364 | CPU Usage: 0.18%
Container ID: f20445900364 | CPU Usage: 0.18%
Container ID: f20445900364 | CPU Usage: 0.18%
Checking CPU usage for app replicas...
Checking CPU usage for app replicas...
Container ID: f20445900364 | CPU Usage: 7.29%
Container ID: f20445900364 | CPU Usage: 7.29%
Checking CPU usage for app replicas...
Container ID: f20445900364 | CPU Usage: 0.18%
Checking CPU usage for app replicas...
Checking CPU usage for app replicas...
Checking CPU usage for app replicas...
Container ID: f20445900364 | CPU Usage: 0.84%
Container ID: f20445900364 | CPU Usage: 0.15%
Container ID: f20445900364 | CPU Usage: 0.15%
Checking CPU usage for app replicas...
Checking CPU usage for app replicas...
Container ID: f20445900364 | CPU Usage: 2.43%
Container ID: f20445900364 | CPU Usage: 0.18%
Checking CPU usage for app replicas...
Container ID: f20445900364 | CPU Usage: 0.22%
Checking CPU usage for app replicas...
Checking CPU usage for app replicas...
Checking CPU usage for app replicas...
Checking CPU usage for app replicas...
Container ID: f20445900364 | CPU Usage: 0.15%
Checking CPU usage for app replicas...
Checking CPU usage for app replicas...
Checking CPU usage for app replicas...
Container ID: f20445900364 | CPU Usage: 0.27%
Container ID: f20445900364 | CPU Usage: 0.27%
Container ID: f20445900364 | CPU Usage: 0.27%
Checking CPU usage for app replicas...
Checking CPU usage for app replicas...
Container ID: f20445900364 | CPU Usage: 0.22%
Container ID: f20445900364 | CPU Usage: 0.22%
Container ID: f20445900364 | CPU Usage: 0.22%
Container ID: f20445900364 | CPU Usage: 0.20%
Container ID: f20445900364 | CPU Usage: 0.20%
Checking CPU usage for app replicas...
Container ID: f20445900364 | CPU Usage: 0.16%
Checking CPU usage for app replicas...
Checking CPU usage for app replicas...
Checking CPU usage for app replicas...
Container ID: f20445900364 | CPU Usage: 2.86%
Container ID: f20445900364 | CPU Usage: 0.14%
Container ID: f20445900364 | CPU Usage: 0.19%
Checking CPU usage for app replicas...
Checking CPU usage for app replicas...
Container ID: f20445900364 | CPU Usage: 0.13%
Container ID: f20445900364 | CPU Usage: 0.13%
Checking CPU usage for app replicas...
Container ID: f20445900364 | CPU Usage: 0.14%
Checking CPU usage for app replicas...
Checking CPU usage for app replicas...
Checking CPU usage for app replicas...
Checking CPU usage for app replicas...
Container ID: f20445900364 | CPU Usage: 0.16%
Checking CPU usage for app replicas...
Checking CPU usage for app replicas...
Checking CPU usage for app replicas...
Container ID: f20445900364 | CPU Usage: 0.15%
Container ID: f20445900364 | CPU Usage: 0.15%
Container ID: f20445900364 | CPU Usage: 0.15%
Checking CPU usage for app replicas...
Checking CPU usage for app replicas...
Container ID: f20445900364 | CPU Usage: 0.18%
Container ID: f20445900364 | CPU Usage: 0.18%
Container ID: f20445900364 | CPU Usage: 0.18%
Container ID: f20445900364 | CPU Usage: 0.27%
Container ID: f20445900364 | CPU Usage: 0.27%
Checking CPU usage for app replicas...
Container ID: f20445900364 | CPU Usage: 24.30%
Checking CPU usage for app replicas...
Checking CPU usage for app replicas...
Checking CPU usage for app replicas...
Container ID: f20445900364 | CPU Usage: 0.26%
Container ID: f20445900364 | CPU Usage: 0.13%
Container ID: f20445900364 | CPU Usage: 0.13%
Checking CPU usage for app replicas...
Checking CPU usage for app replicas...
Container ID: f20445900364 | CPU Usage: 0.15%
Container ID: f20445900364 | CPU Usage: 0.15%
Checking CPU usage for app replicas...
Container ID: f20445900364 | CPU Usage: 0.13%
Checking CPU usage for app replicas...
Container ID: f20445900364 | CPU Usage: 0.14%
Checking CPU usage for app replicas...
Checking CPU usage for app replicas...
Checking CPU usage for app replicas...
Container ID: f20445900364 | CPU Usage: 0.17%
Container ID: f20445900364 | CPU Usage: 0.17%
Container ID: f20445900364 | CPU Usage: 0.17%
Checking CPU usage for app replicas...
Checking CPU usage for app replicas...
Checking CPU usage for app replicas...
Checking CPU usage for app replicas...
Checking CPU usage for app replicas...
Container ID: f20445900364 | CPU Usage: 0.12%
Container ID: f20445900364 | CPU Usage: 0.12%
Container ID: f20445900364 | CPU Usage: 0.12%
Container ID: f20445900364 | CPU Usage: 0.16%
Container ID: f20445900364 | CPU Usage: 0.16%
Checking CPU usage for app replicas...
Container ID: f20445900364 | CPU Usage: 0.13%
Checking CPU usage for app replicas...
Checking CPU usage for app replicas...
Checking CPU usage for app replicas...
Container ID: f20445900364 | CPU Usage: 0.15%
Container ID: f20445900364 | CPU Usage: 0.88%
Container ID: f20445900364 | CPU Usage: 0.88%
Checking CPU usage for app replicas...
Checking CPU usage for app replicas...
Container ID: f20445900364 | CPU Usage: 1.43%
Container ID: f20445900364 | CPU Usage: 1.43%
Checking CPU usage for app replicas...
Container ID: f20445900364 | CPU Usage: 0.13%
Checking CPU usage for app replicas...
Container ID: f20445900364 | CPU Usage: 0.16%
Checking CPU usage for app replicas...
Checking CPU usage for app replicas...
Checking CPU usage for app replicas...
Container ID: f20445900364 | CPU Usage: 0.14%
Container ID: f20445900364 | CPU Usage: 0.14%
Container ID: f20445900364 | CPU Usage: 0.14%
Checking CPU usage for app replicas...
Checking CPU usage for app replicas...
Checking CPU usage for app replicas...
Checking CPU usage for app replicas...
Checking CPU usage for app replicas...
Container ID: f20445900364 | CPU Usage: 0.15%
Container ID: f20445900364 | CPU Usage: 0.15%
Container ID: f20445900364 | CPU Usage: 0.15%
Container ID: f20445900364 | CPU Usage: 0.18%
Container ID: f20445900364 | CPU Usage: 0.18%
Checking CPU usage for app replicas...
Container ID: f20445900364 | CPU Usage: 0.13%
Checking CPU usage for app replicas...
Checking CPU usage for app replicas...
Checking CPU usage for app replicas...
Container ID: f20445900364 | CPU Usage: 1.26%
Container ID: f20445900364 | CPU Usage: 0.14%
Container ID: f20445900364 | CPU Usage: 0.14%
Checking CPU usage for app replicas...
Checking CPU usage for app replicas...
Container ID: f20445900364 | CPU Usage: 0.20%
Container ID: f20445900364 | CPU Usage: 0.20%
Checking CPU usage for app replicas...
Container ID: f20445900364 | CPU Usage: 0.28%
Checking CPU usage for app replicas...
Container ID: f20445900364 | CPU Usage: 0.24%
Checking CPU usage for app replicas...
Checking CPU usage for app replicas...
Checking CPU usage for app replicas...
Container ID: f20445900364 | CPU Usage: 0.18%
Container ID: f20445900364 | CPU Usage: 0.18%
Container ID: f20445900364 | CPU Usage: 0.18%
Checking CPU usage for app replicas...
Checking CPU usage for app replicas...
Checking CPU usage for app replicas...
Checking CPU usage for app replicas...
Checking CPU usage for app replicas...
Container ID: f20445900364 | CPU Usage: 0.24%
Container ID: f20445900364 | CPU Usage: 0.24%
Container ID: f20445900364 | CPU Usage: 0.24%
Container ID: f20445900364 | CPU Usage: 0.24%
Container ID: f20445900364 | CPU Usage: 0.24%
Checking CPU usage for app replicas...
Container ID: f20445900364 | CPU Usage: 0.23%
Checking CPU usage for app replicas...
Container ID: f20445900364 | CPU Usage: 0.23%
Checking CPU usage for app replicas...
Checking CPU usage for app replicas...
Container ID: f20445900364 | CPU Usage: 0.33%
Container ID: f20445900364 | CPU Usage: 0.33%
Checking CPU usage for app replicas...
Checking CPU usage for app replicas...
Container ID: f20445900364 | CPU Usage: 0.27%
Container ID: f20445900364 | CPU Usage: 0.27%
Checking CPU usage for app replicas...
Container ID: f20445900364 | CPU Usage: 0.28%
Checking CPU usage for app replicas...
Container ID: f20445900364 | CPU Usage: 0.21%
Checking CPU usage for app replicas...
Checking CPU usage for app replicas...
Checking CPU usage for app replicas...
Container ID: f20445900364 | CPU Usage: 2.30%
Container ID: f20445900364 | CPU Usage: 2.30%
Container ID: f20445900364 | CPU Usage: 2.30%
Checking CPU usage for app replicas...
Checking CPU usage for app replicas...
Checking CPU usage for app replicas...
Checking CPU usage for app replicas...
Checking CPU usage for app replicas...
Container ID: f20445900364 | CPU Usage: 0.20%
Container ID: f20445900364 | CPU Usage: 0.20%
Container ID: f20445900364 | CPU Usage: 0.20%
Container ID: f20445900364 | CPU Usage: 0.20%
Container ID: f20445900364 | CPU Usage: 0.20%
Checking CPU usage for app replicas...
Container ID: f20445900364 | CPU Usage: 0.21%
Checking CPU usage for app replicas...
Container ID: f20445900364 | CPU Usage: 0.24%
Checking CPU usage for app replicas...
Checking CPU usage for app replicas...
Container ID: f20445900364 | CPU Usage: 0.17%
Container ID: f20445900364 | CPU Usage: 0.17%
Checking CPU usage for app replicas...
Checking CPU usage for app replicas...
Container ID: f20445900364 | CPU Usage: 0.25%
Container ID: f20445900364 | CPU Usage: 0.25%
Checking CPU usage for app replicas...
Container ID: f20445900364 | CPU Usage: 0.33%
Checking CPU usage for app replicas...
Container ID: f20445900364 | CPU Usage: 1.10%
Checking CPU usage for app replicas...
Checking CPU usage for app replicas...
Checking CPU usage for app replicas...
Container ID: f20445900364 | CPU Usage: 0.27%
Container ID: f20445900364 | CPU Usage: 0.27%
Container ID: f20445900364 | CPU Usage: 0.27%
Checking CPU usage for app replicas...
Checking CPU usage for app replicas...
Checking CPU usage for app replicas...
Checking CPU usage for app replicas...
Checking CPU usage for app replicas...
Container ID: f20445900364 | CPU Usage: 0.24%
Container ID: f20445900364 | CPU Usage: 0.24%
Container ID: f20445900364 | CPU Usage: 0.24%
Container ID: f20445900364 | CPU Usage: 0.24%
Container ID: f20445900364 | CPU Usage: 0.24%
Checking CPU usage for app replicas...
Container ID: f20445900364 | CPU Usage: 0.25%
Checking CPU usage for app replicas...
Container ID: f20445900364 | CPU Usage: 0.28%
Checking CPU usage for app replicas...
Checking CPU usage for app replicas...
Container ID: f20445900364 | CPU Usage: 0.19%
Container ID: f20445900364 | CPU Usage: 0.36%
Checking CPU usage for app replicas...
Checking CPU usage for app replicas...
Container ID: f20445900364 | CPU Usage: 0.21%
Container ID: f20445900364 | CPU Usage: 0.21%
Checking CPU usage for app replicas...
Container ID: f20445900364 | CPU Usage: 0.21%
Checking CPU usage for app replicas...
Container ID: f20445900364 | CPU Usage: 0.24%
Checking CPU usage for app replicas...
Checking CPU usage for app replicas...
Checking CPU usage for app replicas...
Container ID: f20445900364 | CPU Usage: 0.15%
Container ID: f20445900364 | CPU Usage: 0.21%
Container ID: f20445900364 | CPU Usage: 0.21%
Checking CPU usage for app replicas...
Checking CPU usage for app replicas...
Checking CPU usage for app replicas...
Checking CPU usage for app replicas...
Checking CPU usage for app replicas...
Checking CPU usage for app replicas...
Container ID: f20445900364 | CPU Usage: 0.32%
Container ID: f20445900364 | CPU Usage: 0.32%
Container ID: f20445900364 | CPU Usage: 0.32%
Container ID: f20445900364 | CPU Usage: 0.32%
Container ID: f20445900364 | CPU Usage: 0.32%
Container ID: f20445900364 | CPU Usage: 0.18%
Checking CPU usage for app replicas...
Container ID: f20445900364 | CPU Usage: 0.19%
Checking CPU usage for app replicas...
Checking CPU usage for app replicas...
Container ID: f20445900364 | CPU Usage: 0.25%
Container ID: f20445900364 | CPU Usage: 0.22%
Checking CPU usage for app replicas...
Checking CPU usage for app replicas...
Container ID: f20445900364 | CPU Usage: 0.24%
Container ID: f20445900364 | CPU Usage: 0.24%
Checking CPU usage for app replicas...
Container ID: f20445900364 | CPU Usage: 0.26%
Checking CPU usage for app replicas...
Checking CPU usage for app replicas...
Container ID: f20445900364 | CPU Usage: 0.26%
Checking CPU usage for app replicas...
Checking CPU usage for app replicas...
Container ID: f20445900364 | CPU Usage: 0.23%
Container ID: f20445900364 | CPU Usage: 0.23%
Container ID: f20445900364 | CPU Usage: 0.23%
Checking CPU usage for app replicas...
Checking CPU usage for app replicas...
Checking CPU usage for app replicas...
Checking CPU usage for app replicas...
Checking CPU usage for app replicas...
Checking CPU usage for app replicas...
Container ID: f20445900364 | CPU Usage: 0.24%
Container ID: f20445900364 | CPU Usage: 0.24%
Container ID: f20445900364 | CPU Usage: 0.24%
Container ID: f20445900364 | CPU Usage: 0.24%
Container ID: f20445900364 | CPU Usage: 0.24%
Container ID: f20445900364 | CPU Usage: 0.43%
Checking CPU usage for app replicas...
Container ID: f20445900364 | CPU Usage: 0.12%
Checking CPU usage for app replicas...
Checking CPU usage for app replicas...
Container ID: f20445900364 | CPU Usage: 0.23%
Container ID: f20445900364 | CPU Usage: 0.30%
Checking CPU usage for app replicas...
Checking CPU usage for app replicas...
Container ID: f20445900364 | CPU Usage: 0.21%
Container ID: f20445900364 | CPU Usage: 0.21%
Checking CPU usage for app replicas...
Container ID: f20445900364 | CPU Usage: 0.30%
Checking CPU usage for app replicas...
Checking CPU usage for app replicas...
Checking CPU usage for app replicas...
Checking CPU usage for app replicas...
Container ID: f20445900364 | CPU Usage: 0.27%
Container ID: f20445900364 | CPU Usage: 0.24%
Container ID: f20445900364 | CPU Usage: 0.24%
Container ID: f20445900364 | CPU Usage: 0.24%
Checking CPU usage for app replicas...
Checking CPU usage for app replicas...
Checking CPU usage for app replicas...
Checking CPU usage for app replicas...
Checking CPU usage for app replicas...
Checking CPU usage for app replicas...
Container ID: f20445900364 | CPU Usage: 0.31%
Container ID: f20445900364 | CPU Usage: 0.31%
Container ID: f20445900364 | CPU Usage: 0.31%
Container ID: f20445900364 | CPU Usage: 0.31%
Container ID: f20445900364 | CPU Usage: 0.31%
Container ID: f20445900364 | CPU Usage: 0.21%
Checking CPU usage for app replicas...
Container ID: f20445900364 | CPU Usage: 0.28%
Checking CPU usage for app replicas...
Checking CPU usage for app replicas...
Container ID: f20445900364 | CPU Usage: 0.23%
Container ID: f20445900364 | CPU Usage: 0.18%
Checking CPU usage for app replicas...
Checking CPU usage for app replicas...
Container ID: f20445900364 | CPU Usage: 0.19%
Container ID: f20445900364 | CPU Usage: 0.19%
Checking CPU usage for app replicas...
Container ID: f20445900364 | CPU Usage: 0.26%
Checking CPU usage for app replicas...
Checking CPU usage for app replicas...
Checking CPU usage for app replicas...
Checking CPU usage for app replicas...
Container ID: f20445900364 | CPU Usage: 0.25%
Container ID: f20445900364 | CPU Usage: 0.25%
Container ID: f20445900364 | CPU Usage: 0.25%
Container ID: f20445900364 | CPU Usage: 0.25%
Checking CPU usage for app replicas...
Checking CPU usage for app replicas...
Checking CPU usage for app replicas...
Checking CPU usage for app replicas...
Checking CPU usage for app replicas...
Checking CPU usage for app replicas...
Container ID: f20445900364 | CPU Usage: 0.25%
Container ID: f20445900364 | CPU Usage: 0.25%
Container ID: f20445900364 | CPU Usage: 0.25%
Container ID: f20445900364 | CPU Usage: 0.25%
Container ID: f20445900364 | CPU Usage: 0.25%
Container ID: f20445900364 | CPU Usage: 0.27%
Checking CPU usage for app replicas...
Container ID: f20445900364 | CPU Usage: 0.19%
Checking CPU usage for app replicas...
Checking CPU usage for app replicas...
Container ID: f20445900364 | CPU Usage: 0.23%
Container ID: f20445900364 | CPU Usage: 0.31%
Checking CPU usage for app replicas...
Checking CPU usage for app replicas...
Container ID: f20445900364 | CPU Usage: 0.27%
Container ID: f20445900364 | CPU Usage: 0.27%
Checking CPU usage for app replicas...
Container ID: f20445900364 | CPU Usage: 2.61%
Checking CPU usage for app replicas...
Checking CPU usage for app replicas...
Checking CPU usage for app replicas...
Checking CPU usage for app replicas...
Container ID: f20445900364 | CPU Usage: 0.23%
Container ID: f20445900364 | CPU Usage: 0.20%
Container ID: f20445900364 | CPU Usage: 0.20%
Container ID: f20445900364 | CPU Usage: 0.20%
Checking CPU usage for app replicas...
Checking CPU usage for app replicas...
Checking CPU usage for app replicas...
Checking CPU usage for app replicas...
Checking CPU usage for app replicas...
Checking CPU usage for app replicas...
Container ID: f20445900364 | CPU Usage: 0.13%
Container ID: f20445900364 | CPU Usage: 0.13%
Container ID: f20445900364 | CPU Usage: 0.13%
Container ID: f20445900364 | CPU Usage: 0.13%
Container ID: f20445900364 | CPU Usage: 0.13%
Container ID: f20445900364 | CPU Usage: 0.21%
Checking CPU usage for app replicas...
Container ID: f20445900364 | CPU Usage: 0.18%
Checking CPU usage for app replicas...
Checking CPU usage for app replicas...
Container ID: f20445900364 | CPU Usage: 0.30%
Container ID: f20445900364 | CPU Usage: 0.19%
Checking CPU usage for app replicas...
Checking CPU usage for app replicas...
Container ID: f20445900364 | CPU Usage: 0.27%
Container ID: f20445900364 | CPU Usage: 0.27%
Checking CPU usage for app replicas...
Container ID: f20445900364 | CPU Usage: 0.25%
Checking CPU usage for app replicas...
Checking CPU usage for app replicas...
Checking CPU usage for app replicas...
Checking CPU usage for app replicas...
Container ID: f20445900364 | CPU Usage: 0.19%
Container ID: f20445900364 | CPU Usage: 0.19%
Container ID: f20445900364 | CPU Usage: 0.19%
Container ID: f20445900364 | CPU Usage: 0.19%
Checking CPU usage for app replicas...
Checking CPU usage for app replicas...
Checking CPU usage for app replicas...
Checking CPU usage for app replicas...
Checking CPU usage for app replicas...
Checking CPU usage for app replicas...
Container ID: f20445900364 | CPU Usage: 0.16%
Container ID: f20445900364 | CPU Usage: 0.16%
Container ID: f20445900364 | CPU Usage: 0.16%
Container ID: f20445900364 | CPU Usage: 0.16%
Container ID: f20445900364 | CPU Usage: 0.16%
Container ID: f20445900364 | CPU Usage: 0.27%
Checking CPU usage for app replicas...
Container ID: f20445900364 | CPU Usage: 0.23%
Checking CPU usage for app replicas...
Checking CPU usage for app replicas...
Container ID: f20445900364 | CPU Usage: 0.18%
Container ID: f20445900364 | CPU Usage: 0.19%
Checking CPU usage for app replicas...
Checking CPU usage for app replicas...
Container ID: f20445900364 | CPU Usage: 0.19%
Container ID: f20445900364 | CPU Usage: 0.19%
Checking CPU usage for app replicas...
Container ID: f20445900364 | CPU Usage: 1.51%
Checking CPU usage for app replicas...
Checking CPU usage for app replicas...
Checking CPU usage for app replicas...
Checking CPU usage for app replicas...
Container ID: f20445900364 | CPU Usage: 0.24%
Container ID: f20445900364 | CPU Usage: 0.19%
Container ID: f20445900364 | CPU Usage: 0.19%
Container ID: f20445900364 | CPU Usage: 0.19%
Checking CPU usage for app replicas...
Checking CPU usage for app replicas...
Checking CPU usage for app replicas...
Checking CPU usage for app replicas...
Checking CPU usage for app replicas...
Checking CPU usage for app replicas...
Container ID: f20445900364 | CPU Usage: 0.16%
Container ID: f20445900364 | CPU Usage: 0.16%
Container ID: f20445900364 | CPU Usage: 0.16%
Container ID: f20445900364 | CPU Usage: 0.16%
Container ID: f20445900364 | CPU Usage: 0.16%
Container ID: f20445900364 | CPU Usage: 0.22%
Checking CPU usage for app replicas...
Container ID: f20445900364 | CPU Usage: 0.20%
Checking CPU usage for app replicas...
Checking CPU usage for app replicas...
Container ID: f20445900364 | CPU Usage: 0.22%
Container ID: f20445900364 | CPU Usage: 0.20%
Checking CPU usage for app replicas...
Checking CPU usage for app replicas...
Container ID: f20445900364 | CPU Usage: 0.23%
Container ID: f20445900364 | CPU Usage: 0.23%
Checking CPU usage for app replicas...
Container ID: f20445900364 | CPU Usage: 0.25%
Checking CPU usage for app replicas...
Checking CPU usage for app replicas...
Checking CPU usage for app replicas...
Checking CPU usage for app replicas...
Container ID: f20445900364 | CPU Usage: 0.25%
Container ID: f20445900364 | CPU Usage: 0.28%
Container ID: f20445900364 | CPU Usage: 0.28%
Container ID: f20445900364 | CPU Usage: 0.28%
Checking CPU usage for app replicas...
Checking CPU usage for app replicas...
Checking CPU usage for app replicas...
Checking CPU usage for app replicas...
Checking CPU usage for app replicas...
Checking CPU usage for app replicas...
Container ID: f20445900364 | CPU Usage: 0.22%
Container ID: f20445900364 | CPU Usage: 0.22%
Container ID: f20445900364 | CPU Usage: 0.22%
Container ID: f20445900364 | CPU Usage: 0.22%
Container ID: f20445900364 | CPU Usage: 0.22%
Container ID: f20445900364 | CPU Usage: 0.17%
Checking CPU usage for app replicas...
Container ID: f20445900364 | CPU Usage: 0.19%
Checking CPU usage for app replicas...
Checking CPU usage for app replicas...
Container ID: f20445900364 | CPU Usage: 0.17%
Container ID: f20445900364 | CPU Usage: 0.15%
Checking CPU usage for app replicas...
Checking CPU usage for app replicas...
Container ID: f20445900364 | CPU Usage: 0.14%
Container ID: f20445900364 | CPU Usage: 0.14%
Checking CPU usage for app replicas...
Container ID: f20445900364 | CPU Usage: 0.19%
Checking CPU usage for app replicas...
Checking CPU usage for app replicas...
Checking CPU usage for app replicas...
Checking CPU usage for app replicas...
Container ID: f20445900364 | CPU Usage: 0.30%
Container ID: f20445900364 | CPU Usage: 0.18%
Container ID: f20445900364 | CPU Usage: 0.18%
Container ID: f20445900364 | CPU Usage: 0.18%
Checking CPU usage for app replicas...
Checking CPU usage for app replicas...
Checking CPU usage for app replicas...
Checking CPU usage for app replicas...
Checking CPU usage for app replicas...
Checking CPU usage for app replicas...
Container ID: f20445900364 | CPU Usage: 0.24%
Container ID: f20445900364 | CPU Usage: 0.24%
Container ID: f20445900364 | CPU Usage: 0.24%
Container ID: f20445900364 | CPU Usage: 0.24%
Container ID: f20445900364 | CPU Usage: 0.24%
Container ID: f20445900364 | CPU Usage: 0.15%
Checking CPU usage for app replicas...
Container ID: f20445900364 | CPU Usage: 0.18%
Checking CPU usage for app replicas...
Checking CPU usage for app replicas...
Container ID: f20445900364 | CPU Usage: 0.22%
Container ID: f20445900364 | CPU Usage: 0.28%
Checking CPU usage for app replicas...
Checking CPU usage for app replicas...
Container ID: f20445900364 | CPU Usage: 0.17%
Container ID: f20445900364 | CPU Usage: 0.17%
Checking CPU usage for app replicas...
Container ID: f20445900364 | CPU Usage: 0.15%
Checking CPU usage for app replicas...
Checking CPU usage for app replicas...
Checking CPU usage for app replicas...
Checking CPU usage for app replicas...
Container ID: f20445900364 | CPU Usage: 0.19%
Container ID: f20445900364 | CPU Usage: 0.17%
Container ID: f20445900364 | CPU Usage: 0.17%
Container ID: f20445900364 | CPU Usage: 0.17%
Checking CPU usage for app replicas...
Checking CPU usage for app replicas...
Checking CPU usage for app replicas...
Checking CPU usage for app replicas...
Checking CPU usage for app replicas...
Checking CPU usage for app replicas...
Container ID: f20445900364 | CPU Usage: 0.21%
Container ID: f20445900364 | CPU Usage: 0.21%
Container ID: f20445900364 | CPU Usage: 0.21%
Container ID: f20445900364 | CPU Usage: 0.21%
Container ID: f20445900364 | CPU Usage: 0.21%
Container ID: f20445900364 | CPU Usage: 0.18%
Checking CPU usage for app replicas...
Container ID: f20445900364 | CPU Usage: 0.17%
Checking CPU usage for app replicas...
Checking CPU usage for app replicas...
Container ID: f20445900364 | CPU Usage: 0.14%
Container ID: f20445900364 | CPU Usage: 0.23%
Checking CPU usage for app replicas...
Checking CPU usage for app replicas...
Container ID: f20445900364 | CPU Usage: 0.17%
Container ID: f20445900364 | CPU Usage: 0.17%
Checking CPU usage for app replicas...
Container ID: f20445900364 | CPU Usage: 0.22%
Checking CPU usage for app replicas...
Checking CPU usage for app replicas...
Checking CPU usage for app replicas...
Checking CPU usage for app replicas...
Container ID: f20445900364 | CPU Usage: 3.77%
Container ID: f20445900364 | CPU Usage: 0.17%
Container ID: f20445900364 | CPU Usage: 0.17%
Container ID: f20445900364 | CPU Usage: 0.17%
Checking CPU usage for app replicas...
Checking CPU usage for app replicas...
Checking CPU usage for app replicas...
Checking CPU usage for app replicas...
Checking CPU usage for app replicas...
Checking CPU usage for app replicas...
Container ID: f20445900364 | CPU Usage: 1.09%
Container ID: f20445900364 | CPU Usage: 1.09%
Container ID: f20445900364 | CPU Usage: 1.09%
Container ID: f20445900364 | CPU Usage: 1.09%
Container ID: f20445900364 | CPU Usage: 1.09%
Container ID: f20445900364 | CPU Usage: 0.74%
Checking CPU usage for app replicas...
Container ID: f20445900364 | CPU Usage: 0.39%
Checking CPU usage for app replicas...
Checking CPU usage for app replicas...
Container ID: f20445900364 | CPU Usage: 0.18%
Container ID: f20445900364 | CPU Usage: 0.20%
Checking CPU usage for app replicas...
Checking CPU usage for app replicas...
Container ID: f20445900364 | CPU Usage: 0.18%
Container ID: f20445900364 | CPU Usage: 0.18%
Checking CPU usage for app replicas...
Container ID: f20445900364 | CPU Usage: 0.21%
Checking CPU usage for app replicas...
Checking CPU usage for app replicas...
Checking CPU usage for app replicas...
Checking CPU usage for app replicas...
Container ID: f20445900364 | CPU Usage: 0.15%
Container ID: f20445900364 | CPU Usage: 0.16%
Container ID: f20445900364 | CPU Usage: 0.16%
Container ID: f20445900364 | CPU Usage: 0.16%
Checking CPU usage for app replicas...
Checking CPU usage for app replicas...
Checking CPU usage for app replicas...
Checking CPU usage for app replicas...
Checking CPU usage for app replicas...
Checking CPU usage for app replicas...
Container ID: f20445900364 | CPU Usage: 0.22%
Container ID: f20445900364 | CPU Usage: 0.14%
Container ID: f20445900364 | CPU Usage: 0.14%
Container ID: f20445900364 | CPU Usage: 0.14%
Container ID: f20445900364 | CPU Usage: 0.14%
Container ID: f20445900364 | CPU Usage: 0.14%
Checking CPU usage for app replicas...
Container ID: f20445900364 | CPU Usage: 0.12%
Checking CPU usage for app replicas...
Checking CPU usage for app replicas...
Container ID: f20445900364 | CPU Usage: 0.15%
Container ID: f20445900364 | CPU Usage: 0.19%
Checking CPU usage for app replicas...
Checking CPU usage for app replicas...
Container ID: f20445900364 | CPU Usage: 0.23%
Container ID: f20445900364 | CPU Usage: 0.23%
Checking CPU usage for app replicas...
Container ID: f20445900364 | CPU Usage: 0.13%
Checking CPU usage for app replicas...
Checking CPU usage for app replicas...
Checking CPU usage for app replicas...
Checking CPU usage for app replicas...
Container ID: f20445900364 | CPU Usage: 0.13%
Container ID: f20445900364 | CPU Usage: 0.16%
Container ID: f20445900364 | CPU Usage: 0.16%
Container ID: f20445900364 | CPU Usage: 0.16%
Checking CPU usage for app replicas...
Checking CPU usage for app replicas...
Checking CPU usage for app replicas...
Checking CPU usage for app replicas...
Checking CPU usage for app replicas...
Checking CPU usage for app replicas...
Container ID: f20445900364 | CPU Usage: 0.16%
Container ID: f20445900364 | CPU Usage: 0.12%
Container ID: f20445900364 | CPU Usage: 0.12%
Container ID: f20445900364 | CPU Usage: 0.12%
Container ID: f20445900364 | CPU Usage: 0.12%
Container ID: f20445900364 | CPU Usage: 0.12%
Checking CPU usage for app replicas...
Container ID: f20445900364 | CPU Usage: 0.20%
Checking CPU usage for app replicas...
Checking CPU usage for app replicas...
Container ID: f20445900364 | CPU Usage: 0.13%
Container ID: f20445900364 | CPU Usage: 0.19%
Checking CPU usage for app replicas...
Checking CPU usage for app replicas...
Container ID: f20445900364 | CPU Usage: 0.13%
Container ID: f20445900364 | CPU Usage: 0.13%
Checking CPU usage for app replicas...
Container ID: f20445900364 | CPU Usage: 0.13%
Checking CPU usage for app replicas...
Checking CPU usage for app replicas...
Checking CPU usage for app replicas...
Checking CPU usage for app replicas...
Container ID: f20445900364 | CPU Usage: 0.13%
Container ID: f20445900364 | CPU Usage: 0.27%
Container ID: f20445900364 | CPU Usage: 0.27%
Container ID: f20445900364 | CPU Usage: 0.27%
Checking CPU usage for app replicas...
Checking CPU usage for app replicas...
Checking CPU usage for app replicas...
Checking CPU usage for app replicas...
Checking CPU usage for app replicas...
Checking CPU usage for app replicas...
Container ID: f20445900364 | CPU Usage: 0.13%
Container ID: f20445900364 | CPU Usage: 3.66%
Container ID: f20445900364 | CPU Usage: 3.66%
Container ID: f20445900364 | CPU Usage: 3.66%
Container ID: f20445900364 | CPU Usage: 3.66%
Container ID: f20445900364 | CPU Usage: 3.66%
Checking CPU usage for app replicas...
Container ID: f20445900364 | CPU Usage: 0.14%
Checking CPU usage for app replicas...
Checking CPU usage for app replicas...
Container ID: f20445900364 | CPU Usage: 0.16%
Container ID: f20445900364 | CPU Usage: 0.16%
Checking CPU usage for app replicas...
Checking CPU usage for app replicas...
Container ID: f20445900364 | CPU Usage: 0.16%
Container ID: f20445900364 | CPU Usage: 0.16%
Checking CPU usage for app replicas...
Container ID: f20445900364 | CPU Usage: 1.35%
Checking CPU usage for app replicas...
Checking CPU usage for app replicas...
Checking CPU usage for app replicas...
Checking CPU usage for app replicas...
Container ID: f20445900364 | CPU Usage: 0.17%
Container ID: f20445900364 | CPU Usage: 0.15%
Container ID: f20445900364 | CPU Usage: 0.15%
Container ID: f20445900364 | CPU Usage: 0.15%
Checking CPU usage for app replicas...
Checking CPU usage for app replicas...
Checking CPU usage for app replicas...
Checking CPU usage for app replicas...
Checking CPU usage for app replicas...
Checking CPU usage for app replicas...
Container ID: f20445900364 | CPU Usage: 0.21%
Container ID: f20445900364 | CPU Usage: 0.15%
Container ID: f20445900364 | CPU Usage: 0.15%
Container ID: f20445900364 | CPU Usage: 0.15%
Container ID: f20445900364 | CPU Usage: 0.15%
Container ID: f20445900364 | CPU Usage: 0.15%
Checking CPU usage for app replicas...
Container ID: f20445900364 | CPU Usage: 0.19%
Checking CPU usage for app replicas...
Checking CPU usage for app replicas...
Container ID: f20445900364 | CPU Usage: 0.17%
Container ID: f20445900364 | CPU Usage: 0.18%
Checking CPU usage for app replicas...
Checking CPU usage for app replicas...
Container ID: f20445900364 | CPU Usage: 0.20%
Container ID: f20445900364 | CPU Usage: 0.20%
Checking CPU usage for app replicas...
Container ID: f20445900364 | CPU Usage: 0.15%
Checking CPU usage for app replicas...
Checking CPU usage for app replicas...
Checking CPU usage for app replicas...
Checking CPU usage for app replicas...
Container ID: f20445900364 | CPU Usage: 0.18%
Container ID: f20445900364 | CPU Usage: 0.17%
Container ID: f20445900364 | CPU Usage: 0.17%
Container ID: f20445900364 | CPU Usage: 0.17%
Checking CPU usage for app replicas...
Checking CPU usage for app replicas...
Checking CPU usage for app replicas...
Checking CPU usage for app replicas...
Checking CPU usage for app replicas...
Checking CPU usage for app replicas...
Container ID: f20445900364 | CPU Usage: 0.14%
Container ID: f20445900364 | CPU Usage: 0.20%
Container ID: f20445900364 | CPU Usage: 0.20%
Container ID: f20445900364 | CPU Usage: 0.20%
Container ID: f20445900364 | CPU Usage: 0.20%
Container ID: f20445900364 | CPU Usage: 0.20%
Checking CPU usage for app replicas...
Container ID: f20445900364 | CPU Usage: 1.69%
Checking CPU usage for app replicas...
Checking CPU usage for app replicas...
Container ID: f20445900364 | CPU Usage: 0.18%
Container ID: f20445900364 | CPU Usage: 0.22%
Checking CPU usage for app replicas...
Checking CPU usage for app replicas...
Container ID: f20445900364 | CPU Usage: 0.23%
Container ID: f20445900364 | CPU Usage: 0.23%
Checking CPU usage for app replicas...
Container ID: f20445900364 | CPU Usage: 0.19%
Checking CPU usage for app replicas...
Checking CPU usage for app replicas...
Checking CPU usage for app replicas...
Checking CPU usage for app replicas...
Container ID: f20445900364 | CPU Usage: 0.14%
Container ID: f20445900364 | CPU Usage: 0.22%
Container ID: f20445900364 | CPU Usage: 0.22%
Container ID: f20445900364 | CPU Usage: 0.22%
Checking CPU usage for app replicas...
Checking CPU usage for app replicas...
Checking CPU usage for app replicas...
Checking CPU usage for app replicas...
Checking CPU usage for app replicas...
Checking CPU usage for app replicas...
Container ID: f20445900364 | CPU Usage: 1.28%
Container ID: f20445900364 | CPU Usage: 0.15%
Container ID: f20445900364 | CPU Usage: 0.15%
Container ID: f20445900364 | CPU Usage: 0.15%
Container ID: f20445900364 | CPU Usage: 0.15%
Container ID: f20445900364 | CPU Usage: 0.15%
Checking CPU usage for app replicas...
Container ID: f20445900364 | CPU Usage: 0.19%
Checking CPU usage for app replicas...
Checking CPU usage for app replicas...
Container ID: f20445900364 | CPU Usage: 0.19%
Container ID: f20445900364 | CPU Usage: 0.19%
Checking CPU usage for app replicas...
Checking CPU usage for app replicas...
Container ID: f20445900364 | CPU Usage: 0.18%
Container ID: f20445900364 | CPU Usage: 0.18%
Checking CPU usage for app replicas...
Container ID: f20445900364 | CPU Usage: 0.14%
Checking CPU usage for app replicas...
Checking CPU usage for app replicas...
Checking CPU usage for app replicas...
Checking CPU usage for app replicas...
Container ID: f20445900364 | CPU Usage: 1.82%
Container ID: f20445900364 | CPU Usage: 0.14%
Container ID: f20445900364 | CPU Usage: 0.14%
Container ID: f20445900364 | CPU Usage: 0.14%
Checking CPU usage for app replicas...
Checking CPU usage for app replicas...
Checking CPU usage for app replicas...
Checking CPU usage for app replicas...
Checking CPU usage for app replicas...
Checking CPU usage for app replicas...
Container ID: f20445900364 | CPU Usage: 0.18%
Container ID: f20445900364 | CPU Usage: 0.15%
Container ID: f20445900364 | CPU Usage: 0.15%
Container ID: f20445900364 | CPU Usage: 0.15%
Container ID: f20445900364 | CPU Usage: 0.15%
Container ID: f20445900364 | CPU Usage: 0.15%
Checking CPU usage for app replicas...
Container ID: f20445900364 | CPU Usage: 0.20%
Checking CPU usage for app replicas...
Checking CPU usage for app replicas...
Container ID: f20445900364 | CPU Usage: 0.19%
Container ID: f20445900364 | CPU Usage: 0.23%
Checking CPU usage for app replicas...
Checking CPU usage for app replicas...
Container ID: f20445900364 | CPU Usage: 0.21%
Container ID: f20445900364 | CPU Usage: 0.21%
Checking CPU usage for app replicas...
Container ID: f20445900364 | CPU Usage: 0.21%
Checking CPU usage for app replicas...
Checking CPU usage for app replicas...
Checking CPU usage for app replicas...
Checking CPU usage for app replicas...
Container ID: f20445900364 | CPU Usage: 0.24%
Container ID: f20445900364 | CPU Usage: 0.27%
Container ID: f20445900364 | CPU Usage: 0.27%
Container ID: f20445900364 | CPU Usage: 0.27%
Checking CPU usage for app replicas...
Checking CPU usage for app replicas...
Checking CPU usage for app replicas...
Checking CPU usage for app replicas...
Checking CPU usage for app replicas...
Checking CPU usage for app replicas...
Container ID: f20445900364 | CPU Usage: 0.33%
Container ID: f20445900364 | CPU Usage: 0.21%
Container ID: f20445900364 | CPU Usage: 0.21%
Container ID: f20445900364 | CPU Usage: 0.21%
Container ID: f20445900364 | CPU Usage: 0.21%
Container ID: f20445900364 | CPU Usage: 0.21%
Checking CPU usage for app replicas...
Container ID: f20445900364 | CPU Usage: 0.22%
Checking CPU usage for app replicas...
Checking CPU usage for app replicas...
Container ID: f20445900364 | CPU Usage: 0.19%
Container ID: f20445900364 | CPU Usage: 0.19%
Checking CPU usage for app replicas...
Checking CPU usage for app replicas...
Container ID: f20445900364 | CPU Usage: 0.21%
Container ID: f20445900364 | CPU Usage: 0.21%
Checking CPU usage for app replicas...
Container ID: f20445900364 | CPU Usage: 0.24%
Checking CPU usage for app replicas...
Checking CPU usage for app replicas...
Checking CPU usage for app replicas...
Checking CPU usage for app replicas...
Container ID: f20445900364 | CPU Usage: 0.30%
Container ID: f20445900364 | CPU Usage: 0.19%
Container ID: f20445900364 | CPU Usage: 0.19%
Container ID: f20445900364 | CPU Usage: 0.19%
Checking CPU usage for app replicas...
Checking CPU usage for app replicas...
Checking CPU usage for app replicas...
Checking CPU usage for app replicas...
Checking CPU usage for app replicas...
Checking CPU usage for app replicas...
Container ID: f20445900364 | CPU Usage: 0.20%
Container ID: f20445900364 | CPU Usage: 0.23%
Container ID: f20445900364 | CPU Usage: 0.23%
Container ID: f20445900364 | CPU Usage: 0.23%
Container ID: f20445900364 | CPU Usage: 0.23%
Container ID: f20445900364 | CPU Usage: 0.23%
Checking CPU usage for app replicas...
Container ID: f20445900364 | CPU Usage: 0.23%
Checking CPU usage for app replicas...
Checking CPU usage for app replicas...
Container ID: f20445900364 | CPU Usage: 0.21%
Container ID: f20445900364 | CPU Usage: 0.21%
Checking CPU usage for app replicas...
Checking CPU usage for app replicas...
Container ID: f20445900364 | CPU Usage: 0.17%
Container ID: f20445900364 | CPU Usage: 0.17%
Checking CPU usage for app replicas...
Container ID: f20445900364 | CPU Usage: 0.24%
Checking CPU usage for app replicas...
Checking CPU usage for app replicas...
Checking CPU usage for app replicas...
Checking CPU usage for app replicas...
Container ID: f20445900364 | CPU Usage: 0.15%
Container ID: f20445900364 | CPU Usage: 0.19%
Container ID: f20445900364 | CPU Usage: 0.19%
Container ID: f20445900364 | CPU Usage: 0.19%
Checking CPU usage for app replicas...
Checking CPU usage for app replicas...
Checking CPU usage for app replicas...
Checking CPU usage for app replicas...
Checking CPU usage for app replicas...
Checking CPU usage for app replicas...
Container ID: f20445900364 | CPU Usage: 0.29%
Container ID: f20445900364 | CPU Usage: 0.20%
Container ID: f20445900364 | CPU Usage: 0.20%
Container ID: f20445900364 | CPU Usage: 0.20%
Container ID: f20445900364 | CPU Usage: 0.20%
Container ID: f20445900364 | CPU Usage: 0.20%
Checking CPU usage for app replicas...
Container ID: f20445900364 | CPU Usage: 0.22%
Checking CPU usage for app replicas...
Checking CPU usage for app replicas...
Container ID: f20445900364 | CPU Usage: 0.18%
Container ID: f20445900364 | CPU Usage: 0.19%
Checking CPU usage for app replicas...
Checking CPU usage for app replicas...
Container ID: f20445900364 | CPU Usage: 0.26%
Container ID: f20445900364 | CPU Usage: 0.26%
Checking CPU usage for app replicas...
Container ID: f20445900364 | CPU Usage: 0.16%
Checking CPU usage for app replicas...
Checking CPU usage for app replicas...
Checking CPU usage for app replicas...
Checking CPU usage for app replicas...
Container ID: f20445900364 | CPU Usage: 0.20%
Container ID: f20445900364 | CPU Usage: 0.17%
Container ID: f20445900364 | CPU Usage: 0.17%
Container ID: f20445900364 | CPU Usage: 0.17%
Checking CPU usage for app replicas...
Checking CPU usage for app replicas...
Checking CPU usage for app replicas...
Checking CPU usage for app replicas...
Checking CPU usage for app replicas...
Checking CPU usage for app replicas...
Container ID: f20445900364 | CPU Usage: 0.14%
Container ID: f20445900364 | CPU Usage: 0.15%
Container ID: f20445900364 | CPU Usage: 0.15%
Container ID: f20445900364 | CPU Usage: 0.15%
Container ID: f20445900364 | CPU Usage: 0.15%
Container ID: f20445900364 | CPU Usage: 0.15%
Checking CPU usage for app replicas...
Container ID: f20445900364 | CPU Usage: 0.17%
Checking CPU usage for app replicas...
Checking CPU usage for app replicas...
Container ID: f20445900364 | CPU Usage: 0.20%
Container ID: f20445900364 | CPU Usage: 0.24%
Checking CPU usage for app replicas...
Checking CPU usage for app replicas...
Container ID: f20445900364 | CPU Usage: 0.23%
Container ID: f20445900364 | CPU Usage: 0.23%
Checking CPU usage for app replicas...
Container ID: f20445900364 | CPU Usage: 0.15%
Checking CPU usage for app replicas...
Checking CPU usage for app replicas...
Checking CPU usage for app replicas...
Checking CPU usage for app replicas...
Container ID: f20445900364 | CPU Usage: 0.16%
Container ID: f20445900364 | CPU Usage: 0.17%
Container ID: f20445900364 | CPU Usage: 0.17%
Container ID: f20445900364 | CPU Usage: 0.17%
Checking CPU usage for app replicas...
Checking CPU usage for app replicas...
Checking CPU usage for app replicas...
Checking CPU usage for app replicas...
Checking CPU usage for app replicas...
Checking CPU usage for app replicas...
Container ID: f20445900364 | CPU Usage: 0.15%
Container ID: f20445900364 | CPU Usage: 0.19%
Container ID: f20445900364 | CPU Usage: 0.19%
Container ID: f20445900364 | CPU Usage: 0.19%
Container ID: f20445900364 | CPU Usage: 0.19%
Container ID: f20445900364 | CPU Usage: 0.19%
Checking CPU usage for app replicas...
Container ID: f20445900364 | CPU Usage: 0.20%
Checking CPU usage for app replicas...
Checking CPU usage for app replicas...
Container ID: f20445900364 | CPU Usage: 0.18%
Container ID: f20445900364 | CPU Usage: 0.15%
Checking CPU usage for app replicas...
Checking CPU usage for app replicas...
Container ID: f20445900364 | CPU Usage: 0.17%
Container ID: f20445900364 | CPU Usage: 0.17%
Checking CPU usage for app replicas...
Container ID: f20445900364 | CPU Usage: 0.22%
Checking CPU usage for app replicas...
Checking CPU usage for app replicas...
Checking CPU usage for app replicas...
Checking CPU usage for app replicas...
Container ID: f20445900364 | CPU Usage: 0.24%
Container ID: f20445900364 | CPU Usage: 0.25%
Container ID: f20445900364 | CPU Usage: 0.25%
Container ID: f20445900364 | CPU Usage: 0.25%
Checking CPU usage for app replicas...
Checking CPU usage for app replicas...
Checking CPU usage for app replicas...
Checking CPU usage for app replicas...
Checking CPU usage for app replicas...
Checking CPU usage for app replicas...
Container ID: f20445900364 | CPU Usage: 0.18%
Container ID: f20445900364 | CPU Usage: 0.21%
Container ID: f20445900364 | CPU Usage: 0.21%
Container ID: f20445900364 | CPU Usage: 0.21%
Container ID: f20445900364 | CPU Usage: 0.21%
Container ID: f20445900364 | CPU Usage: 0.21%
Checking CPU usage for app replicas...
Container ID: f20445900364 | CPU Usage: 0.23%
Checking CPU usage for app replicas...
Checking CPU usage for app replicas...
Container ID: f20445900364 | CPU Usage: 0.21%
Container ID: f20445900364 | CPU Usage: 0.21%
Checking CPU usage for app replicas...
Checking CPU usage for app replicas...
Container ID: f20445900364 | CPU Usage: 0.16%
Container ID: f20445900364 | CPU Usage: 0.16%
Checking CPU usage for app replicas...
Container ID: f20445900364 | CPU Usage: 0.20%
Checking CPU usage for app replicas...
Checking CPU usage for app replicas...
Checking CPU usage for app replicas...
Checking CPU usage for app replicas...
Container ID: f20445900364 | CPU Usage: 0.64%
Container ID: f20445900364 | CPU Usage: 0.17%
Container ID: f20445900364 | CPU Usage: 0.17%
Container ID: f20445900364 | CPU Usage: 0.17%
Checking CPU usage for app replicas...
Checking CPU usage for app replicas...
Checking CPU usage for app replicas...
Checking CPU usage for app replicas...
Checking CPU usage for app replicas...
Checking CPU usage for app replicas...
Container ID: f20445900364 | CPU Usage: 0.20%
Container ID: f20445900364 | CPU Usage: 0.23%
Container ID: f20445900364 | CPU Usage: 0.23%
Container ID: f20445900364 | CPU Usage: 0.23%
Container ID: f20445900364 | CPU Usage: 0.23%
Container ID: f20445900364 | CPU Usage: 0.23%
Checking CPU usage for app replicas...
Container ID: f20445900364 | CPU Usage: 0.18%
Checking CPU usage for app replicas...
Checking CPU usage for app replicas...
Container ID: f20445900364 | CPU Usage: 0.25%
Container ID: f20445900364 | CPU Usage: 0.20%
Checking CPU usage for app replicas...
Checking CPU usage for app replicas...
Container ID: f20445900364 | CPU Usage: 0.30%
Container ID: f20445900364 | CPU Usage: 0.30%
Checking CPU usage for app replicas...
Container ID: f20445900364 | CPU Usage: 0.21%
Checking CPU usage for app replicas...
Checking CPU usage for app replicas...
Checking CPU usage for app replicas...
Checking CPU usage for app replicas...
Container ID: f20445900364 | CPU Usage: 0.16%
Container ID: f20445900364 | CPU Usage: 0.25%
Container ID: f20445900364 | CPU Usage: 0.25%
Container ID: f20445900364 | CPU Usage: 0.25%
Checking CPU usage for app replicas...
Checking CPU usage for app replicas...
Checking CPU usage for app replicas...
Checking CPU usage for app replicas...
Checking CPU usage for app replicas...
Checking CPU usage for app replicas...
Container ID: f20445900364 | CPU Usage: 0.17%
Container ID: f20445900364 | CPU Usage: 0.16%
Container ID: f20445900364 | CPU Usage: 0.16%
Container ID: f20445900364 | CPU Usage: 0.16%
Container ID: f20445900364 | CPU Usage: 0.16%
Container ID: f20445900364 | CPU Usage: 0.16%
Checking CPU usage for app replicas...
Container ID: f20445900364 | CPU Usage: 0.23%
Checking CPU usage for app replicas...
Checking CPU usage for app replicas...
Container ID: f20445900364 | CPU Usage: 0.19%
Container ID: f20445900364 | CPU Usage: 0.20%
Checking CPU usage for app replicas...
Checking CPU usage for app replicas...
Container ID: f20445900364 | CPU Usage: 0.24%
Container ID: f20445900364 | CPU Usage: 0.24%
Checking CPU usage for app replicas...
Container ID: f20445900364 | CPU Usage: 0.15%
Checking CPU usage for app replicas...
Checking CPU usage for app replicas...
Checking CPU usage for app replicas...
Checking CPU usage for app replicas...
Container ID: f20445900364 | CPU Usage: 0.23%
Container ID: f20445900364 | CPU Usage: 0.15%
Container ID: f20445900364 | CPU Usage: 0.15%
Container ID: f20445900364 | CPU Usage: 0.15%
Checking CPU usage for app replicas...
Checking CPU usage for app replicas...
Checking CPU usage for app replicas...
Checking CPU usage for app replicas...
Checking CPU usage for app replicas...
Checking CPU usage for app replicas...
Container ID: f20445900364 | CPU Usage: 0.29%
Container ID: f20445900364 | CPU Usage: 0.31%
Container ID: f20445900364 | CPU Usage: 0.31%
Container ID: f20445900364 | CPU Usage: 0.31%
Container ID: f20445900364 | CPU Usage: 0.31%
Container ID: f20445900364 | CPU Usage: 0.31%
Checking CPU usage for app replicas...
Container ID: f20445900364 | CPU Usage: 0.27%
Checking CPU usage for app replicas...
Checking CPU usage for app replicas...
Container ID: f20445900364 | CPU Usage: 0.20%
Container ID: f20445900364 | CPU Usage: 0.26%
Checking CPU usage for app replicas...
Checking CPU usage for app replicas...
Container ID: f20445900364 | CPU Usage: 0.22%
Container ID: f20445900364 | CPU Usage: 0.22%
Checking CPU usage for app replicas...
Container ID: f20445900364 | CPU Usage: 0.30%
Checking CPU usage for app replicas...
Checking CPU usage for app replicas...
Checking CPU usage for app replicas...
Checking CPU usage for app replicas...
Container ID: f20445900364 | CPU Usage: 0.22%
Container ID: f20445900364 | CPU Usage: 0.31%
Container ID: f20445900364 | CPU Usage: 0.31%
Container ID: f20445900364 | CPU Usage: 0.31%
Checking CPU usage for app replicas...
Checking CPU usage for app replicas...
Checking CPU usage for app replicas...
Checking CPU usage for app replicas...
Checking CPU usage for app replicas...
Checking CPU usage for app replicas...
Container ID: f20445900364 | CPU Usage: 0.22%
Container ID: f20445900364 | CPU Usage: 0.21%
Container ID: f20445900364 | CPU Usage: 0.21%
Container ID: f20445900364 | CPU Usage: 0.21%
Container ID: f20445900364 | CPU Usage: 0.21%
Container ID: f20445900364 | CPU Usage: 0.21%
Checking CPU usage for app replicas...
Container ID: f20445900364 | CPU Usage: 0.18%
Checking CPU usage for app replicas...
Checking CPU usage for app replicas...
Container ID: f20445900364 | CPU Usage: 0.19%
Container ID: f20445900364 | CPU Usage: 0.29%
Checking CPU usage for app replicas...
Checking CPU usage for app replicas...
Container ID: f20445900364 | CPU Usage: 0.20%
Container ID: f20445900364 | CPU Usage: 0.20%
Checking CPU usage for app replicas...
Container ID: f20445900364 | CPU Usage: 0.19%
Checking CPU usage for app replicas...
Checking CPU usage for app replicas...
Checking CPU usage for app replicas...
Checking CPU usage for app replicas...
Container ID: f20445900364 | CPU Usage: 0.17%
Container ID: f20445900364 | CPU Usage: 0.16%
Container ID: f20445900364 | CPU Usage: 0.16%
Container ID: f20445900364 | CPU Usage: 0.16%
Checking CPU usage for app replicas...
Checking CPU usage for app replicas...
Checking CPU usage for app replicas...
Checking CPU usage for app replicas...
Checking CPU usage for app replicas...
Checking CPU usage for app replicas...
Container ID: f20445900364 | CPU Usage: 0.13%
Container ID: f20445900364 | CPU Usage: 0.15%
Container ID: f20445900364 | CPU Usage: 0.15%
Container ID: f20445900364 | CPU Usage: 0.15%
Container ID: f20445900364 | CPU Usage: 0.15%
Container ID: f20445900364 | CPU Usage: 0.15%
Checking CPU usage for app replicas...
Container ID: f20445900364 | CPU Usage: 0.27%
Checking CPU usage for app replicas...
Checking CPU usage for app replicas...
Container ID: f20445900364 | CPU Usage: 0.17%
Container ID: f20445900364 | CPU Usage: 0.19%
Checking CPU usage for app replicas...
Checking CPU usage for app replicas...
Container ID: f20445900364 | CPU Usage: 0.20%
Container ID: f20445900364 | CPU Usage: 0.20%
Checking CPU usage for app replicas...
Container ID: f20445900364 | CPU Usage: 0.19%
Checking CPU usage for app replicas...
Checking CPU usage for app replicas...
Checking CPU usage for app replicas...
Checking CPU usage for app replicas...
Container ID: f20445900364 | CPU Usage: 0.27%
Container ID: f20445900364 | CPU Usage: 0.23%
Container ID: f20445900364 | CPU Usage: 0.23%
Container ID: f20445900364 | CPU Usage: 0.23%
Checking CPU usage for app replicas...
Checking CPU usage for app replicas...
Checking CPU usage for app replicas...
Checking CPU usage for app replicas...
Checking CPU usage for app replicas...
Checking CPU usage for app replicas...
Container ID: f20445900364 | CPU Usage: 0.19%
Container ID: f20445900364 | CPU Usage: 0.24%
Container ID: f20445900364 | CPU Usage: 0.24%
Container ID: f20445900364 | CPU Usage: 0.24%
Container ID: f20445900364 | CPU Usage: 0.24%
Container ID: f20445900364 | CPU Usage: 0.24%
Checking CPU usage for app replicas...
Container ID: f20445900364 | CPU Usage: 0.19%
Checking CPU usage for app replicas...
Checking CPU usage for app replicas...
Container ID: f20445900364 | CPU Usage: 0.15%
Container ID: f20445900364 | CPU Usage: 0.22%
Checking CPU usage for app replicas...
Checking CPU usage for app replicas...
Container ID: f20445900364 | CPU Usage: 0.28%
Container ID: f20445900364 | CPU Usage: 0.28%
Checking CPU usage for app replicas...
Container ID: f20445900364 | CPU Usage: 0.29%
Checking CPU usage for app replicas...
Checking CPU usage for app replicas...
Checking CPU usage for app replicas...
Checking CPU usage for app replicas...
Container ID: f20445900364 | CPU Usage: 0.73%
Container ID: f20445900364 | CPU Usage: 0.17%
Container ID: f20445900364 | CPU Usage: 0.17%
Container ID: f20445900364 | CPU Usage: 0.17%
Checking CPU usage for app replicas...
Checking CPU usage for app replicas...
Checking CPU usage for app replicas...
Checking CPU usage for app replicas...
Checking CPU usage for app replicas...
Checking CPU usage for app replicas...
Container ID: f20445900364 | CPU Usage: 0.15%
Container ID: f20445900364 | CPU Usage: 0.22%
Container ID: f20445900364 | CPU Usage: 0.22%
Container ID: f20445900364 | CPU Usage: 0.22%
Container ID: f20445900364 | CPU Usage: 0.22%
Container ID: f20445900364 | CPU Usage: 0.22%
Checking CPU usage for app replicas...
Container ID: f20445900364 | CPU Usage: 0.24%
Checking CPU usage for app replicas...
Checking CPU usage for app replicas...
Container ID: f20445900364 | CPU Usage: 0.14%
Container ID: f20445900364 | CPU Usage: 0.16%
Checking CPU usage for app replicas...
Checking CPU usage for app replicas...
Container ID: f20445900364 | CPU Usage: 0.16%
Container ID: f20445900364 | CPU Usage: 0.16%
Checking CPU usage for app replicas...
Container ID: f20445900364 | CPU Usage: 0.19%
Checking CPU usage for app replicas...
Checking CPU usage for app replicas...
Checking CPU usage for app replicas...
Checking CPU usage for app replicas...
Container ID: f20445900364 | CPU Usage: 0.36%
Container ID: f20445900364 | CPU Usage: 0.21%
Container ID: f20445900364 | CPU Usage: 0.21%
Container ID: f20445900364 | CPU Usage: 0.21%
Checking CPU usage for app replicas...
Checking CPU usage for app replicas...
Checking CPU usage for app replicas...
Checking CPU usage for app replicas...
Checking CPU usage for app replicas...
Checking CPU usage for app replicas...
Container ID: f20445900364 | CPU Usage: 0.48%
Container ID: f20445900364 | CPU Usage: 0.20%
Container ID: f20445900364 | CPU Usage: 0.20%
Container ID: f20445900364 | CPU Usage: 0.20%
Container ID: f20445900364 | CPU Usage: 0.20%
Container ID: f20445900364 | CPU Usage: 0.20%
Checking CPU usage for app replicas...
Container ID: f20445900364 | CPU Usage: 0.28%
Checking CPU usage for app replicas...
Checking CPU usage for app replicas...
Container ID: f20445900364 | CPU Usage: 0.19%
Container ID: f20445900364 | CPU Usage: 0.18%
Checking CPU usage for app replicas...
Checking CPU usage for app replicas...
Container ID: f20445900364 | CPU Usage: 0.24%
Container ID: f20445900364 | CPU Usage: 0.24%
Checking CPU usage for app replicas...
Container ID: f20445900364 | CPU Usage: 0.18%
Checking CPU usage for app replicas...
Checking CPU usage for app replicas...
Checking CPU usage for app replicas...
Checking CPU usage for app replicas...
Container ID: f20445900364 | CPU Usage: 0.19%
Container ID: f20445900364 | CPU Usage: 0.21%
Container ID: f20445900364 | CPU Usage: 0.21%
Container ID: f20445900364 | CPU Usage: 0.21%
Checking CPU usage for app replicas...
Checking CPU usage for app replicas...
Checking CPU usage for app replicas...
Checking CPU usage for app replicas...
Checking CPU usage for app replicas...
Checking CPU usage for app replicas...
Container ID: f20445900364 | CPU Usage: 0.25%
Container ID: f20445900364 | CPU Usage: 0.18%
Container ID: f20445900364 | CPU Usage: 0.18%
Container ID: f20445900364 | CPU Usage: 0.18%
Container ID: f20445900364 | CPU Usage: 0.18%
Container ID: f20445900364 | CPU Usage: 0.18%
Checking CPU usage for app replicas...
Container ID: f20445900364 | CPU Usage: 0.18%
Checking CPU usage for app replicas...
Checking CPU usage for app replicas...
Container ID: f20445900364 | CPU Usage: 0.19%
Container ID: f20445900364 | CPU Usage: 133.95%
Scaling service app to 2 replicas.
no configuration file provided: not found
Checking CPU usage for app replicas...
Checking CPU usage for app replicas...
Container ID: f20445900364 | CPU Usage: 93.96%
Container ID: f20445900364 | CPU Usage: 93.96%
Checking CPU usage for app replicas...
Container ID: f20445900364 | CPU Usage: 0.14%
Checking CPU usage for app replicas...
Checking CPU usage for app replicas...
Checking CPU usage for app replicas...
Checking CPU usage for app replicas...
Container ID: f20445900364 | CPU Usage: 0.21%
Container ID: f20445900364 | CPU Usage: 0.17%
Container ID: f20445900364 | CPU Usage: 0.17%
Container ID: f20445900364 | CPU Usage: 0.17%
Checking CPU usage for app replicas...
Checking CPU usage for app replicas...
Checking CPU usage for app replicas...
Checking CPU usage for app replicas...
Checking CPU usage for app replicas...
Checking CPU usage for app replicas...
Container ID: f20445900364 | CPU Usage: 21.91%
Container ID: f20445900364 | CPU Usage: 4.83%
Container ID: f20445900364 | CPU Usage: 4.83%
Container ID: f20445900364 | CPU Usage: 4.83%
Container ID: f20445900364 | CPU Usage: 4.83%
Container ID: f20445900364 | CPU Usage: 0.23%
Checking CPU usage for app replicas...
Container ID: f20445900364 | CPU Usage: 7.21%
Checking CPU usage for app replicas...
Container ID: f20445900364 | CPU Usage: 0.31%
Checking CPU usage for app replicas...
Container ID: f20445900364 | CPU Usage: 12.45%
Checking CPU usage for app replicas...
Checking CPU usage for app replicas...
Container ID: f20445900364 | CPU Usage: 0.19%
Container ID: f20445900364 | CPU Usage: 0.19%
Checking CPU usage for app replicas...
Container ID: f20445900364 | CPU Usage: 0.22%
Checking CPU usage for app replicas...
Checking CPU usage for app replicas...
Checking CPU usage for app replicas...
Checking CPU usage for app replicas...
Container ID: f20445900364 | CPU Usage: 0.18%
Container ID: f20445900364 | CPU Usage: 0.18%
Container ID: f20445900364 | CPU Usage: 0.18%
Container ID: f20445900364 | CPU Usage: 0.18%
Checking CPU usage for app replicas...
Checking CPU usage for app replicas...
Checking CPU usage for app replicas...
Checking CPU usage for app replicas...
Checking CPU usage for app replicas...
Checking CPU usage for app replicas...
Container ID: f20445900364 | CPU Usage: 0.17%
Container ID: f20445900364 | CPU Usage: 0.19%
Container ID: f20445900364 | CPU Usage: 0.19%
Container ID: f20445900364 | CPU Usage: 0.19%
Container ID: f20445900364 | CPU Usage: 0.19%
Container ID: f20445900364 | CPU Usage: 0.16%
Checking CPU usage for app replicas...
Container ID: f20445900364 | CPU Usage: 0.18%
Checking CPU usage for app replicas...
Checking CPU usage for app replicas...
Container ID: f20445900364 | CPU Usage: 0.30%
Container ID: f20445900364 | CPU Usage: 0.25%
Checking CPU usage for app replicas...
Checking CPU usage for app replicas...
Container ID: f20445900364 | CPU Usage: 0.28%
Container ID: f20445900364 | CPU Usage: 0.28%
Checking CPU usage for app replicas...
Container ID: f20445900364 | CPU Usage: 0.20%
Checking CPU usage for app replicas...
Checking CPU usage for app replicas...
Checking CPU usage for app replicas...
Checking CPU usage for app replicas...
Container ID: f20445900364 | CPU Usage: 0.57%
Container ID: f20445900364 | CPU Usage: 0.20%
Container ID: f20445900364 | CPU Usage: 0.20%
Container ID: f20445900364 | CPU Usage: 0.20%
Checking CPU usage for app replicas...
Checking CPU usage for app replicas...
Checking CPU usage for app replicas...
Checking CPU usage for app replicas...
Checking CPU usage for app replicas...
Checking CPU usage for app replicas...
Container ID: f20445900364 | CPU Usage: 0.14%
Container ID: f20445900364 | CPU Usage: 0.18%
Container ID: f20445900364 | CPU Usage: 0.18%
Container ID: f20445900364 | CPU Usage: 0.18%
Container ID: f20445900364 | CPU Usage: 0.18%
Container ID: f20445900364 | CPU Usage: 0.20%
Checking CPU usage for app replicas...
Container ID: f20445900364 | CPU Usage: 0.20%
Checking CPU usage for app replicas...
Checking CPU usage for app replicas...
Container ID: f20445900364 | CPU Usage: 0.19%
Container ID: f20445900364 | CPU Usage: 0.21%
Checking CPU usage for app replicas...
Checking CPU usage for app replicas...
Container ID: f20445900364 | CPU Usage: 0.21%
Container ID: f20445900364 | CPU Usage: 0.21%
Checking CPU usage for app replicas...
Container ID: f20445900364 | CPU Usage: 0.22%
Checking CPU usage for app replicas...
Checking CPU usage for app replicas...
Checking CPU usage for app replicas...
Checking CPU usage for app replicas...
Container ID: f20445900364 | CPU Usage: 0.21%
Container ID: f20445900364 | CPU Usage: 0.22%
Container ID: f20445900364 | CPU Usage: 0.22%
Container ID: f20445900364 | CPU Usage: 0.22%
Checking CPU usage for app replicas...
Checking CPU usage for app replicas...
Checking CPU usage for app replicas...
Checking CPU usage for app replicas...
Checking CPU usage for app replicas...
Checking CPU usage for app replicas...
Container ID: f20445900364 | CPU Usage: 1.08%
Container ID: f20445900364 | CPU Usage: 0.20%
Container ID: f20445900364 | CPU Usage: 0.20%
Container ID: f20445900364 | CPU Usage: 0.20%
Container ID: f20445900364 | CPU Usage: 0.20%
Container ID: f20445900364 | CPU Usage: 0.16%
Checking CPU usage for app replicas...
Container ID: f20445900364 | CPU Usage: 0.18%
Checking CPU usage for app replicas...
Checking CPU usage for app replicas...
Container ID: f20445900364 | CPU Usage: 0.17%
Container ID: f20445900364 | CPU Usage: 0.17%
Checking CPU usage for app replicas...
Checking CPU usage for app replicas...
Container ID: f20445900364 | CPU Usage: 0.17%
Container ID: f20445900364 | CPU Usage: 0.17%
Checking CPU usage for app replicas...
Container ID: f20445900364 | CPU Usage: 0.23%
Checking CPU usage for app replicas...
Checking CPU usage for app replicas...
Checking CPU usage for app replicas...
Checking CPU usage for app replicas...
Container ID: f20445900364 | CPU Usage: 0.17%
Container ID: f20445900364 | CPU Usage: 0.18%
Container ID: f20445900364 | CPU Usage: 0.18%
Container ID: f20445900364 | CPU Usage: 0.18%
Checking CPU usage for app replicas...
Checking CPU usage for app replicas...
Checking CPU usage for app replicas...
Checking CPU usage for app replicas...
Checking CPU usage for app replicas...
Checking CPU usage for app replicas...
Container ID: f20445900364 | CPU Usage: 0.17%
Container ID: f20445900364 | CPU Usage: 0.16%
Container ID: f20445900364 | CPU Usage: 0.16%
Container ID: f20445900364 | CPU Usage: 0.16%
Container ID: f20445900364 | CPU Usage: 0.16%
Container ID: f20445900364 | CPU Usage: 0.21%
Checking CPU usage for app replicas...
Container ID: f20445900364 | CPU Usage: 2.00%
Checking CPU usage for app replicas...
Checking CPU usage for app replicas...
Container ID: f20445900364 | CPU Usage: 0.19%
Container ID: f20445900364 | CPU Usage: 0.18%
Checking CPU usage for app replicas...
Checking CPU usage for app replicas...
Container ID: f20445900364 | CPU Usage: 0.13%
Container ID: f20445900364 | CPU Usage: 0.13%
Checking CPU usage for app replicas...
Container ID: f20445900364 | CPU Usage: 0.17%
Checking CPU usage for app replicas...
Checking CPU usage for app replicas...
Checking CPU usage for app replicas...
Checking CPU usage for app replicas...
Container ID: f20445900364 | CPU Usage: 0.17%
Container ID: f20445900364 | CPU Usage: 0.14%
Container ID: f20445900364 | CPU Usage: 0.14%
Container ID: f20445900364 | CPU Usage: 0.14%
Checking CPU usage for app replicas...
Checking CPU usage for app replicas...
Checking CPU usage for app replicas...
Checking CPU usage for app replicas...
Checking CPU usage for app replicas...
Checking CPU usage for app replicas...
Container ID: f20445900364 | CPU Usage: 0.17%
Container ID: f20445900364 | CPU Usage: 0.18%
Container ID: f20445900364 | CPU Usage: 0.18%
Container ID: f20445900364 | CPU Usage: 0.18%
Container ID: f20445900364 | CPU Usage: 0.18%
Container ID: f20445900364 | CPU Usage: 0.23%
Checking CPU usage for app replicas...
Container ID: f20445900364 | CPU Usage: 0.13%
Checking CPU usage for app replicas...
Checking CPU usage for app replicas...
Container ID: f20445900364 | CPU Usage: 2.59%
Container ID: f20445900364 | CPU Usage: 0.13%
Checking CPU usage for app replicas...
Checking CPU usage for app replicas...
Container ID: f20445900364 | CPU Usage: 0.18%
Container ID: f20445900364 | CPU Usage: 0.18%
Checking CPU usage for app replicas...
Container ID: f20445900364 | CPU Usage: 0.14%
Checking CPU usage for app replicas...
Checking CPU usage for app replicas...
Checking CPU usage for app replicas...
Checking CPU usage for app replicas...
Container ID: f20445900364 | CPU Usage: 0.16%
Container ID: f20445900364 | CPU Usage: 0.17%
Container ID: f20445900364 | CPU Usage: 0.17%
Container ID: f20445900364 | CPU Usage: 0.17%
Checking CPU usage for app replicas...
Checking CPU usage for app replicas...
Checking CPU usage for app replicas...
Checking CPU usage for app replicas...
Checking CPU usage for app replicas...
Checking CPU usage for app replicas...
Container ID: f20445900364 | CPU Usage: 0.18%
Container ID: f20445900364 | CPU Usage: 0.16%
Container ID: f20445900364 | CPU Usage: 0.16%
Container ID: f20445900364 | CPU Usage: 0.16%
Container ID: f20445900364 | CPU Usage: 0.16%
Container ID: f20445900364 | CPU Usage: 0.15%
Checking CPU usage for app replicas...
Container ID: f20445900364 | CPU Usage: 0.20%
Checking CPU usage for app replicas...
Checking CPU usage for app replicas...
Container ID: f20445900364 | CPU Usage: 0.15%
Container ID: f20445900364 | CPU Usage: 0.42%
Checking CPU usage for app replicas...
Checking CPU usage for app replicas...
Container ID: f20445900364 | CPU Usage: 0.20%
Container ID: f20445900364 | CPU Usage: 0.20%
Checking CPU usage for app replicas...
Container ID: f20445900364 | CPU Usage: 0.17%
Checking CPU usage for app replicas...
Checking CPU usage for app replicas...
Checking CPU usage for app replicas...
Checking CPU usage for app replicas...
Container ID: f20445900364 | CPU Usage: 0.20%
Container ID: f20445900364 | CPU Usage: 0.22%
Container ID: f20445900364 | CPU Usage: 0.22%
Container ID: f20445900364 | CPU Usage: 0.22%
Checking CPU usage for app replicas...
Checking CPU usage for app replicas...
Checking CPU usage for app replicas...
Checking CPU usage for app replicas...
Checking CPU usage for app replicas...
Checking CPU usage for app replicas...
Container ID: f20445900364 | CPU Usage: 0.15%
Container ID: f20445900364 | CPU Usage: 0.68%
Container ID: f20445900364 | CPU Usage: 0.68%
Container ID: f20445900364 | CPU Usage: 0.68%
Container ID: f20445900364 | CPU Usage: 0.68%
Container ID: f20445900364 | CPU Usage: 0.18%
Checking CPU usage for app replicas...
Container ID: f20445900364 | CPU Usage: 0.20%
Checking CPU usage for app replicas...
Checking CPU usage for app replicas...
Container ID: f20445900364 | CPU Usage: 0.22%
Container ID: f20445900364 | CPU Usage: 0.17%
Checking CPU usage for app replicas...
Checking CPU usage for app replicas...
Container ID: f20445900364 | CPU Usage: 0.13%
Container ID: f20445900364 | CPU Usage: 0.13%
Checking CPU usage for app replicas...
Container ID: f20445900364 | CPU Usage: 0.17%
Checking CPU usage for app replicas...
Container ID: f20445900364 | CPU Usage: 0.29%
Checking CPU usage for app replicas...
Checking CPU usage for app replicas...
Checking CPU usage for app replicas...
Container ID: f20445900364 | CPU Usage: 0.15%
Container ID: f20445900364 | CPU Usage: 0.15%
Container ID: f20445900364 | CPU Usage: 0.15%
Checking CPU usage for app replicas...
Checking CPU usage for app replicas...
Checking CPU usage for app replicas...
Checking CPU usage for app replicas...
Checking CPU usage for app replicas...
Container ID: f20445900364 | CPU Usage: 0.32%
Checking CPU usage for app replicas...
Container ID: f20445900364 | CPU Usage: 0.17%
Container ID: f20445900364 | CPU Usage: 0.17%
Container ID: f20445900364 | CPU Usage: 0.17%
Container ID: f20445900364 | CPU Usage: 0.17%
Container ID: f20445900364 | CPU Usage: 0.17%
Checking CPU usage for app replicas...
Container ID: f20445900364 | CPU Usage: 0.20%
Checking CPU usage for app replicas...
Container ID: f20445900364 | CPU Usage: 0.14%
Checking CPU usage for app replicas...
Container ID: f20445900364 | CPU Usage: 0.17%
Checking CPU usage for app replicas...
Checking CPU usage for app replicas...
Container ID: f20445900364 | CPU Usage: 0.25%
Container ID: f20445900364 | CPU Usage: 0.25%
Checking CPU usage for app replicas...
Checking CPU usage for app replicas...
Container ID: f20445900364 | CPU Usage: 0.12%
Container ID: f20445900364 | CPU Usage: 0.14%
Checking CPU usage for app replicas...
Checking CPU usage for app replicas...
Checking CPU usage for app replicas...
Container ID: f20445900364 | CPU Usage: 0.20%
Container ID: f20445900364 | CPU Usage: 0.20%
Container ID: f20445900364 | CPU Usage: 0.20%
Checking CPU usage for app replicas...
Checking CPU usage for app replicas...
Checking CPU usage for app replicas...
Checking CPU usage for app replicas...
Checking CPU usage for app replicas...
Checking CPU usage for app replicas...
Container ID: f20445900364 | CPU Usage: 12.72%
Container ID: f20445900364 | CPU Usage: 0.16%
Container ID: f20445900364 | CPU Usage: 0.21%
Container ID: f20445900364 | CPU Usage: 0.21%
Container ID: f20445900364 | CPU Usage: 0.21%
Container ID: f20445900364 | CPU Usage: 0.21%
Checking CPU usage for app replicas...
Container ID: f20445900364 | CPU Usage: 0.14%
Checking CPU usage for app replicas...
Container ID: f20445900364 | CPU Usage: 0.18%
Checking CPU usage for app replicas...
Container ID: f20445900364 | CPU Usage: 0.18%
Checking CPU usage for app replicas...
Checking CPU usage for app replicas...
Container ID: f20445900364 | CPU Usage: 0.21%
Container ID: f20445900364 | CPU Usage: 0.21%
Checking CPU usage for app replicas...
Checking CPU usage for app replicas...
Checking CPU usage for app replicas...
Checking CPU usage for app replicas...
Checking CPU usage for app replicas...
Container ID: f20445900364 | CPU Usage: 0.42%
Container ID: f20445900364 | CPU Usage: 23.75%
Container ID: f20445900364 | CPU Usage: 23.75%
Container ID: f20445900364 | CPU Usage: 23.75%
Container ID: f20445900364 | CPU Usage: 0.23%
Checking CPU usage for app replicas...
Container ID: f20445900364 | CPU Usage: 0.17%
Checking CPU usage for app replicas...
Checking CPU usage for app replicas...
Checking CPU usage for app replicas...
Checking CPU usage for app replicas...
Checking CPU usage for app replicas...
Container ID: f20445900364 | CPU Usage: 0.35%
Container ID: f20445900364 | CPU Usage: 0.19%
Container ID: f20445900364 | CPU Usage: 0.19%
Container ID: f20445900364 | CPU Usage: 0.19%
Container ID: f20445900364 | CPU Usage: 0.19%
Checking CPU usage for app replicas...
Container ID: f20445900364 | CPU Usage: 0.20%
Checking CPU usage for app replicas...
Container ID: f20445900364 | CPU Usage: 0.15%
Checking CPU usage for app replicas...
Container ID: f20445900364 | CPU Usage: 0.19%
Checking CPU usage for app replicas...
Checking CPU usage for app replicas...
Container ID: f20445900364 | CPU Usage: 0.17%
Container ID: f20445900364 | CPU Usage: 0.17%
Checking CPU usage for app replicas...
Checking CPU usage for app replicas...
Checking CPU usage for app replicas...
Checking CPU usage for app replicas...
Checking CPU usage for app replicas...
Container ID: f20445900364 | CPU Usage: 0.17%
Container ID: f20445900364 | CPU Usage: 0.18%
Container ID: f20445900364 | CPU Usage: 0.18%
Container ID: f20445900364 | CPU Usage: 0.18%
Container ID: f20445900364 | CPU Usage: 0.16%
Checking CPU usage for app replicas...
Checking CPU usage for app replicas...
Container ID: f20445900364 | CPU Usage: 0.13%
Checking CPU usage for app replicas...
Checking CPU usage for app replicas...
Checking CPU usage for app replicas...
Checking CPU usage for app replicas...
Container ID: f20445900364 | CPU Usage: 0.29%
Container ID: f20445900364 | CPU Usage: 0.15%
Container ID: f20445900364 | CPU Usage: 0.15%
Container ID: f20445900364 | CPU Usage: 0.15%
Container ID: f20445900364 | CPU Usage: 0.15%
Checking CPU usage for app replicas...
Container ID: f20445900364 | CPU Usage: 0.17%
Checking CPU usage for app replicas...
Container ID: f20445900364 | CPU Usage: 0.18%
Checking CPU usage for app replicas...
Container ID: f20445900364 | CPU Usage: 0.18%
Checking CPU usage for app replicas...
Checking CPU usage for app replicas...
Container ID: f20445900364 | CPU Usage: 0.16%
Container ID: f20445900364 | CPU Usage: 0.16%
Checking CPU usage for app replicas...
Checking CPU usage for app replicas...
Checking CPU usage for app replicas...
Checking CPU usage for app replicas...
Container ID: f20445900364 | CPU Usage: 0.16%
Checking CPU usage for app replicas...
Container ID: f20445900364 | CPU Usage: 0.15%
Container ID: f20445900364 | CPU Usage: 0.15%
Container ID: f20445900364 | CPU Usage: 0.15%
Container ID: f20445900364 | CPU Usage: 0.12%
Checking CPU usage for app replicas...
Container ID: f20445900364 | CPU Usage: 0.33%
Checking CPU usage for app replicas...
Container ID: f20445900364 | CPU Usage: 0.15%
Checking CPU usage for app replicas...
Checking CPU usage for app replicas...
Checking CPU usage for app replicas...
Checking CPU usage for app replicas...
Container ID: f20445900364 | CPU Usage: 0.22%
Container ID: f20445900364 | CPU Usage: 0.22%
Container ID: f20445900364 | CPU Usage: 0.22%
Container ID: f20445900364 | CPU Usage: 0.22%
Checking CPU usage for app replicas...
Container ID: f20445900364 | CPU Usage: 0.12%
Checking CPU usage for app replicas...
Container ID: f20445900364 | CPU Usage: 0.15%
Checking CPU usage for app replicas...
Container ID: f20445900364 | CPU Usage: 0.11%
Checking CPU usage for app replicas...
Checking CPU usage for app replicas...
Container ID: f20445900364 | CPU Usage: 0.12%
Container ID: f20445900364 | CPU Usage: 0.12%
Checking CPU usage for app replicas...
Container ID: f20445900364 | CPU Usage: 0.14%
Checking CPU usage for app replicas...
Checking CPU usage for app replicas...
Checking CPU usage for app replicas...
Checking CPU usage for app replicas...
Container ID: f20445900364 | CPU Usage: 14.54%
Container ID: f20445900364 | CPU Usage: 14.54%
Container ID: f20445900364 | CPU Usage: 14.54%
Container ID: f20445900364 | CPU Usage: 14.54%
Checking CPU usage for app replicas...
Container ID: f20445900364 | CPU Usage: 0.17%
Checking CPU usage for app replicas...
Container ID: f20445900364 | CPU Usage: 0.19%
Checking CPU usage for app replicas...
Checking CPU usage for app replicas...
Checking CPU usage for app replicas...
Checking CPU usage for app replicas...
Checking CPU usage for app replicas...
Container ID: f20445900364 | CPU Usage: 0.16%
Container ID: f20445900364 | CPU Usage: 0.16%
Container ID: f20445900364 | CPU Usage: 0.16%
Container ID: f20445900364 | CPU Usage: 0.16%
Container ID: f20445900364 | CPU Usage: 0.17%
Checking CPU usage for app replicas...
Container ID: f20445900364 | CPU Usage: 0.23%
Checking CPU usage for app replicas...
Container ID: f20445900364 | CPU Usage: 0.18%
Checking CPU usage for app replicas...
Checking CPU usage for app replicas...
Container ID: f20445900364 | CPU Usage: 0.15%
Container ID: f20445900364 | CPU Usage: 0.15%
Checking CPU usage for app replicas...
Container ID: f20445900364 | CPU Usage: 0.13%
Checking CPU usage for app replicas...
Checking CPU usage for app replicas...
Checking CPU usage for app replicas...
Checking CPU usage for app replicas...
Container ID: f20445900364 | CPU Usage: 0.14%
Container ID: f20445900364 | CPU Usage: 0.14%
Container ID: f20445900364 | CPU Usage: 0.14%
Container ID: f20445900364 | CPU Usage: 0.14%
Checking CPU usage for app replicas...
Container ID: f20445900364 | CPU Usage: 0.17%
Checking CPU usage for app replicas...
Container ID: f20445900364 | CPU Usage: 0.15%
Checking CPU usage for app replicas...
Checking CPU usage for app replicas...
Checking CPU usage for app replicas...
Checking CPU usage for app replicas...
Checking CPU usage for app replicas...
Container ID: f20445900364 | CPU Usage: 0.12%
Container ID: f20445900364 | CPU Usage: 0.12%
Container ID: f20445900364 | CPU Usage: 0.12%
Container ID: f20445900364 | CPU Usage: 0.12%
Checking CPU usage for app replicas...
Container ID: f20445900364 | CPU Usage: 0.12%
Checking CPU usage for app replicas...
Container ID: f20445900364 | CPU Usage: 0.15%
Container ID: f20445900364 | CPU Usage: 0.16%
Checking CPU usage for app replicas...
Checking CPU usage for app replicas...
Container ID: f20445900364 | CPU Usage: 44.23%
Container ID: f20445900364 | CPU Usage: 0.14%
Checking CPU usage for app replicas...
Container ID: f20445900364 | CPU Usage: 0.23%
Checking CPU usage for app replicas...
Checking CPU usage for app replicas...
Checking CPU usage for app replicas...
Checking CPU usage for app replicas...
Checking CPU usage for app replicas...
Container ID: f20445900364 | CPU Usage: 14.40%
Container ID: f20445900364 | CPU Usage: 14.40%
Checking CPU usage for app replicas...
Container ID: f20445900364 | CPU Usage: 14.40%
Container ID: f20445900364 | CPU Usage: 14.40%
Container ID: f20445900364 | CPU Usage: 0.45%
Checking CPU usage for app replicas...
Checking CPU usage for app replicas...
Checking CPU usage for app replicas...
Checking CPU usage for app replicas...
Checking CPU usage for app replicas...
Checking CPU usage for app replicas...
Checking CPU usage for app replicas...
Checking CPU usage for app replicas...
Checking CPU usage for app replicas...
Checking CPU usage for app replicas...
Container ID: f20445900364 | CPU Usage: 24.81%
Checking CPU usage for app replicas...
Container ID: f20445900364 | CPU Usage: 0.21%
Container ID: f20445900364 | CPU Usage: 0.27%
Container ID: f20445900364 | CPU Usage: 0.21%
Checking CPU usage for app replicas...
Container ID: f20445900364 | CPU Usage: 0.18%
Checking CPU usage for app replicas...
Container ID: f20445900364 | CPU Usage: 0.24%
Container ID: f20445900364 | CPU Usage: 0.24%
Container ID: f20445900364 | CPU Usage: 0.18%
Checking CPU usage for app replicas...
Container ID: f20445900364 | CPU Usage: 1.40%
Container ID: f20445900364 | CPU Usage: 1.67%
Container ID: f20445900364 | CPU Usage: 1.67%
Container ID: f20445900364 | CPU Usage: 0.14%
Container ID: f20445900364 | CPU Usage: 0.14%
Container ID: f20445900364 | CPU Usage: 0.14%
Container ID: f20445900364 | CPU Usage: 0.20%
Checking CPU usage for app replicas...
Container ID: f20445900364 | CPU Usage: 0.20%
Checking CPU usage for app replicas...
Checking CPU usage for app replicas...
Container ID: f20445900364 | CPU Usage: 0.13%
Checking CPU usage for app replicas...
Checking CPU usage for app replicas...
Checking CPU usage for app replicas...
Checking CPU usage for app replicas...
Container ID: f20445900364 | CPU Usage: 0.18%
Container ID: f20445900364 | CPU Usage: 0.18%
Checking CPU usage for app replicas...
Checking CPU usage for app replicas...
Container ID: f20445900364 | CPU Usage: 0.31%
Container ID: f20445900364 | CPU Usage: 0.31%
Container ID: f20445900364 | CPU Usage: 0.31%
Checking CPU usage for app replicas...
Container ID: f20445900364 | CPU Usage: 0.19%
Container ID: f20445900364 | CPU Usage: 0.19%
Checking CPU usage for app replicas...
Checking CPU usage for app replicas...
Container ID: f20445900364 | CPU Usage: 0.22%
Checking CPU usage for app replicas...
Checking CPU usage for app replicas...
Checking CPU usage for app replicas...
Container ID: f20445900364 | CPU Usage: 4.15%
Container ID: f20445900364 | CPU Usage: 4.15%
Checking CPU usage for app replicas...
Container ID: f20445900364 | CPU Usage: 0.14%
Container ID: f20445900364 | CPU Usage: 0.14%
Container ID: f20445900364 | CPU Usage: 0.14%
Container ID: f20445900364 | CPU Usage: 0.14%
Checking CPU usage for app replicas...
Container ID: f20445900364 | CPU Usage: 0.17%
Checking CPU usage for app replicas...
Checking CPU usage for app replicas...
Checking CPU usage for app replicas...
Container ID: f20445900364 | CPU Usage: 0.22%
Checking CPU usage for app replicas...
Checking CPU usage for app replicas...
Checking CPU usage for app replicas...
Checking CPU usage for app replicas...
Checking CPU usage for app replicas...
Container ID: f20445900364 | CPU Usage: 0.15%
Container ID: f20445900364 | CPU Usage: 0.15%
Checking CPU usage for app replicas...
Container ID: f20445900364 | CPU Usage: 0.18%
Container ID: f20445900364 | CPU Usage: 0.18%
Container ID: f20445900364 | CPU Usage: 0.18%
Checking CPU usage for app replicas...
Checking CPU usage for app replicas...
Container ID: f20445900364 | CPU Usage: 0.17%
Container ID: f20445900364 | CPU Usage: 0.17%
Container ID: f20445900364 | CPU Usage: 0.20%
Checking CPU usage for app replicas...
Checking CPU usage for app replicas...
Checking CPU usage for app replicas...
Checking CPU usage for app replicas...
Container ID: f20445900364 | CPU Usage: 0.23%
Container ID: f20445900364 | CPU Usage: 0.23%
Container ID: f20445900364 | CPU Usage: 0.63%
Container ID: f20445900364 | CPU Usage: 0.63%
Container ID: f20445900364 | CPU Usage: 0.63%
Container ID: f20445900364 | CPU Usage: 0.63%
Checking CPU usage for app replicas...
Container ID: f20445900364 | CPU Usage: 0.17%
Checking CPU usage for app replicas...
Checking CPU usage for app replicas...
Checking CPU usage for app replicas...
Container ID: f20445900364 | CPU Usage: 7.12%
Checking CPU usage for app replicas...
Checking CPU usage for app replicas...
Checking CPU usage for app replicas...
Checking CPU usage for app replicas...
Checking CPU usage for app replicas...
Container ID: f20445900364 | CPU Usage: 0.27%
Container ID: f20445900364 | CPU Usage: 0.27%
Checking CPU usage for app replicas...
Container ID: f20445900364 | CPU Usage: 0.19%
Container ID: f20445900364 | CPU Usage: 0.19%
Container ID: f20445900364 | CPU Usage: 0.19%
Checking CPU usage for app replicas...
Checking CPU usage for app replicas...
Container ID: f20445900364 | CPU Usage: 0.22%
Container ID: f20445900364 | CPU Usage: 0.22%
Container ID: f20445900364 | CPU Usage: 0.14%
Container ID: f20445900364 | CPU Usage: 0.15%
Container ID: f20445900364 | CPU Usage: 0.15%
Checking CPU usage for app replicas...
Checking CPU usage for app replicas...
Checking CPU usage for app replicas...
Checking CPU usage for app replicas...
Container ID: f20445900364 | CPU Usage: 0.38%
Container ID: f20445900364 | CPU Usage: 0.38%
Container ID: f20445900364 | CPU Usage: 0.38%
Container ID: f20445900364 | CPU Usage: 0.38%
Checking CPU usage for app replicas...
Container ID: f20445900364 | CPU Usage: 0.15%
Checking CPU usage for app replicas...
Container ID: f20445900364 | CPU Usage: 0.14%
Checking CPU usage for app replicas...
Checking CPU usage for app replicas...
Checking CPU usage for app replicas...
Checking CPU usage for app replicas...
Checking CPU usage for app replicas...
Container ID: f20445900364 | CPU Usage: 0.15%
Container ID: f20445900364 | CPU Usage: 0.15%
Checking CPU usage for app replicas...
Checking CPU usage for app replicas...
Container ID: f20445900364 | CPU Usage: 0.13%
Container ID: f20445900364 | CPU Usage: 0.13%
Container ID: f20445900364 | CPU Usage: 0.13%
Checking CPU usage for app replicas...
Container ID: f20445900364 | CPU Usage: 0.12%
Checking CPU usage for app replicas...
Checking CPU usage for app replicas...
Container ID: f20445900364 | CPU Usage: 0.18%
Container ID: f20445900364 | CPU Usage: 0.18%
Container ID: f20445900364 | CPU Usage: 0.27%
Container ID: f20445900364 | CPU Usage: 0.27%
Checking CPU usage for app replicas...
Checking CPU usage for app replicas...
Checking CPU usage for app replicas...
Checking CPU usage for app replicas...
Container ID: f20445900364 | CPU Usage: 0.15%
Container ID: f20445900364 | CPU Usage: 0.15%
Container ID: f20445900364 | CPU Usage: 0.15%
Container ID: f20445900364 | CPU Usage: 0.15%
Checking CPU usage for app replicas...
Container ID: f20445900364 | CPU Usage: 0.14%
Checking CPU usage for app replicas...
Container ID: f20445900364 | CPU Usage: 0.13%
Checking CPU usage for app replicas...
Checking CPU usage for app replicas...
Checking CPU usage for app replicas...
Checking CPU usage for app replicas...
Checking CPU usage for app replicas...
Container ID: f20445900364 | CPU Usage: 0.14%
Checking CPU usage for app replicas...
Checking CPU usage for app replicas...
Checking CPU usage for app replicas...
Container ID: f20445900364 | CPU Usage: 14.63%
Container ID: f20445900364 | CPU Usage: 38.03%
Checking CPU usage for app replicas...
Container ID: f20445900364 | CPU Usage: 38.03%
Checking CPU usage for app replicas...
Container ID: f20445900364 | CPU Usage: 0.17%
Container ID: f20445900364 | CPU Usage: 0.23%
Checking CPU usage for app replicas...
Checking CPU usage for app replicas...
Checking CPU usage for app replicas...
Checking CPU usage for app replicas...
Container ID: f20445900364 | CPU Usage: 1.97%
Container ID: f20445900364 | CPU Usage: 1.97%
Container ID: f20445900364 | CPU Usage: 0.15%
Container ID: f20445900364 | CPU Usage: 0.24%
Container ID: f20445900364 | CPU Usage: 1.04%
Container ID: f20445900364 | CPU Usage: 1.04%
Container ID: f20445900364 | CPU Usage: 1.04%
Container ID: f20445900364 | CPU Usage: 0.15%
Checking CPU usage for app replicas...
Container ID: f20445900364 | CPU Usage: 37.45%
Checking CPU usage for app replicas...
Container ID: f20445900364 | CPU Usage: 0.17%
Checking CPU usage for app replicas...
Container ID: f20445900364 | CPU Usage: 3.27%
Checking CPU usage for app replicas...
Checking CPU usage for app replicas...
Checking CPU usage for app replicas...
Checking CPU usage for app replicas...
Container ID: f20445900364 | CPU Usage: 0.15%
Container ID: f20445900364 | CPU Usage: 0.15%
Container ID: f20445900364 | CPU Usage: 0.15%
Checking CPU usage for app replicas...
Container ID: f20445900364 | CPU Usage: 0.16%
Checking CPU usage for app replicas...
Checking CPU usage for app replicas...
Container ID: f20445900364 | CPU Usage: 0.22%
Checking CPU usage for app replicas...
Checking CPU usage for app replicas...
Container ID: f20445900364 | CPU Usage: 0.15%
Container ID: f20445900364 | CPU Usage: 0.15%
Checking CPU usage for app replicas...
Checking CPU usage for app replicas...
Checking CPU usage for app replicas...
Checking CPU usage for app replicas...
Container ID: f20445900364 | CPU Usage: 0.30%
Container ID: f20445900364 | CPU Usage: 0.30%
Container ID: f20445900364 | CPU Usage: 0.15%
Container ID: f20445900364 | CPU Usage: 0.15%
Container ID: f20445900364 | CPU Usage: 26.93%
Checking CPU usage for app replicas...
Container ID: f20445900364 | CPU Usage: 0.16%
Container ID: f20445900364 | CPU Usage: 0.15%
Checking CPU usage for app replicas...
Container ID: f20445900364 | CPU Usage: 0.17%
Checking CPU usage for app replicas...
Checking CPU usage for app replicas...
Checking CPU usage for app replicas...
Checking CPU usage for app replicas...
Checking CPU usage for app replicas...
Checking CPU usage for app replicas...
Checking CPU usage for app replicas...
Checking CPU usage for app replicas...
Container ID: f20445900364 | CPU Usage: 0.21%
Container ID: f20445900364 | CPU Usage: 0.16%
Container ID: f20445900364 | CPU Usage: 0.16%
Container ID: f20445900364 | CPU Usage: 0.16%
Container ID: f20445900364 | CPU Usage: 0.16%
Container ID: f20445900364 | CPU Usage: 0.16%
Checking CPU usage for app replicas...
Checking CPU usage for app replicas...
Container ID: f20445900364 | CPU Usage: 0.16%
Container ID: f20445900364 | CPU Usage: 0.16%
Checking CPU usage for app replicas...
Checking CPU usage for app replicas...
Checking CPU usage for app replicas...
Checking CPU usage for app replicas...
Container ID: f20445900364 | CPU Usage: 0.30%
Container ID: f20445900364 | CPU Usage: 0.30%
Container ID: f20445900364 | CPU Usage: 8.10%
Container ID: f20445900364 | CPU Usage: 8.10%
Checking CPU usage for app replicas...
Container ID: f20445900364 | CPU Usage: 8.10%
Container ID: f20445900364 | CPU Usage: 0.19%
Container ID: f20445900364 | CPU Usage: 0.14%
Checking CPU usage for app replicas...
Container ID: f20445900364 | CPU Usage: 0.15%
Checking CPU usage for app replicas...
Checking CPU usage for app replicas...
Checking CPU usage for app replicas...
Checking CPU usage for app replicas...
Checking CPU usage for app replicas...
Checking CPU usage for app replicas...
Container ID: f20445900364 | CPU Usage: 0.17%
Checking CPU usage for app replicas...
Checking CPU usage for app replicas...
Container ID: f20445900364 | CPU Usage: 19.53%
Container ID: f20445900364 | CPU Usage: 19.53%
Container ID: f20445900364 | CPU Usage: 19.53%
Container ID: f20445900364 | CPU Usage: 19.53%
Container ID: f20445900364 | CPU Usage: 19.53%
Container ID: f20445900364 | CPU Usage: 0.14%
Container ID: f20445900364 | CPU Usage: 0.14%
Checking CPU usage for app replicas...
Checking CPU usage for app replicas...
Checking CPU usage for app replicas...
Checking CPU usage for app replicas...
Checking CPU usage for app replicas...
Checking CPU usage for app replicas...
Container ID: f20445900364 | CPU Usage: 0.28%
Container ID: f20445900364 | CPU Usage: 0.28%
Checking CPU usage for app replicas...
Container ID: f20445900364 | CPU Usage: 0.14%
Container ID: f20445900364 | CPU Usage: 0.14%
Container ID: f20445900364 | CPU Usage: 0.14%
Container ID: f20445900364 | CPU Usage: 0.15%
Container ID: f20445900364 | CPU Usage: 5.61%
Checking CPU usage for app replicas...
Container ID: f20445900364 | CPU Usage: 5.61%
Checking CPU usage for app replicas...
Container ID: f20445900364 | CPU Usage: 0.27%
Checking CPU usage for app replicas...
Checking CPU usage for app replicas...
Checking CPU usage for app replicas...
Checking CPU usage for app replicas...
Checking CPU usage for app replicas...
Checking CPU usage for app replicas...
Checking CPU usage for app replicas...
Container ID: f20445900364 | CPU Usage: 0.19%
Container ID: f20445900364 | CPU Usage: 0.14%
Container ID: f20445900364 | CPU Usage: 0.14%
Container ID: f20445900364 | CPU Usage: 0.14%
Container ID: f20445900364 | CPU Usage: 0.14%
Container ID: f20445900364 | CPU Usage: 0.69%
Container ID: f20445900364 | CPU Usage: 0.69%
Checking CPU usage for app replicas...
Checking CPU usage for app replicas...
Checking CPU usage for app replicas...
Checking CPU usage for app replicas...
Checking CPU usage for app replicas...
Checking CPU usage for app replicas...
Container ID: f20445900364 | CPU Usage: 0.17%
Container ID: f20445900364 | CPU Usage: 0.17%
Checking CPU usage for app replicas...
Container ID: f20445900364 | CPU Usage: 0.15%
Container ID: f20445900364 | CPU Usage: 0.15%
Container ID: f20445900364 | CPU Usage: 0.15%
Container ID: f20445900364 | CPU Usage: 0.15%
Container ID: f20445900364 | CPU Usage: 19.91%
Checking CPU usage for app replicas...
Container ID: f20445900364 | CPU Usage: 0.16%
Checking CPU usage for app replicas...
Container ID: f20445900364 | CPU Usage: 0.14%
Checking CPU usage for app replicas...
Checking CPU usage for app replicas...
Checking CPU usage for app replicas...
Checking CPU usage for app replicas...
Checking CPU usage for app replicas...
Container ID: f20445900364 | CPU Usage: 0.13%
Checking CPU usage for app replicas...
Checking CPU usage for app replicas...
Container ID: f20445900364 | CPU Usage: 0.13%
Container ID: f20445900364 | CPU Usage: 0.13%
Container ID: f20445900364 | CPU Usage: 0.13%
Container ID: f20445900364 | CPU Usage: 0.13%
Container ID: f20445900364 | CPU Usage: 0.62%
Container ID: f20445900364 | CPU Usage: 0.62%
Checking CPU usage for app replicas...
Checking CPU usage for app replicas...
Checking CPU usage for app replicas...
Container ID: f20445900364 | CPU Usage: 0.15%
Container ID: f20445900364 | CPU Usage: 0.15%
Checking CPU usage for app replicas...
Checking CPU usage for app replicas...
Checking CPU usage for app replicas...
Checking CPU usage for app replicas...
Container ID: f20445900364 | CPU Usage: 1.84%
Container ID: f20445900364 | CPU Usage: 0.25%
Container ID: f20445900364 | CPU Usage: 0.25%
Container ID: f20445900364 | CPU Usage: 0.25%
Container ID: f20445900364 | CPU Usage: 0.19%
Checking CPU usage for app replicas...
Container ID: f20445900364 | CPU Usage: 0.14%
Checking CPU usage for app replicas...
Container ID: f20445900364 | CPU Usage: 0.23%
Checking CPU usage for app replicas...
Container ID: f20445900364 | CPU Usage: 0.16%
Checking CPU usage for app replicas...
Checking CPU usage for app replicas...
Checking CPU usage for app replicas...
Checking CPU usage for app replicas...
Checking CPU usage for app replicas...
Checking CPU usage for app replicas...
Container ID: f20445900364 | CPU Usage: 0.14%
Container ID: f20445900364 | CPU Usage: 0.14%
Container ID: f20445900364 | CPU Usage: 0.14%
Container ID: f20445900364 | CPU Usage: 0.14%
Container ID: f20445900364 | CPU Usage: 0.14%
Container ID: f20445900364 | CPU Usage: 0.15%
Checking CPU usage for app replicas...
Checking CPU usage for app replicas...
Checking CPU usage for app replicas...
Container ID: f20445900364 | CPU Usage: 0.14%
Container ID: f20445900364 | CPU Usage: 0.14%
Checking CPU usage for app replicas...
Checking CPU usage for app replicas...
Checking CPU usage for app replicas...
Checking CPU usage for app replicas...
Container ID: f20445900364 | CPU Usage: 0.19%
Container ID: f20445900364 | CPU Usage: 0.16%
Container ID: f20445900364 | CPU Usage: 0.16%
Container ID: f20445900364 | CPU Usage: 0.16%
Container ID: f20445900364 | CPU Usage: 0.17%
Checking CPU usage for app replicas...
Container ID: f20445900364 | CPU Usage: 0.28%
Checking CPU usage for app replicas...
Container ID: f20445900364 | CPU Usage: 0.21%
Checking CPU usage for app replicas...
Container ID: f20445900364 | CPU Usage: 0.20%
Checking CPU usage for app replicas...
Checking CPU usage for app replicas...
Checking CPU usage for app replicas...
Checking CPU usage for app replicas...
Checking CPU usage for app replicas...
Checking CPU usage for app replicas...
Container ID: f20445900364 | CPU Usage: 0.13%
Container ID: f20445900364 | CPU Usage: 0.13%
Container ID: f20445900364 | CPU Usage: 0.13%
Container ID: f20445900364 | CPU Usage: 0.13%
Container ID: f20445900364 | CPU Usage: 0.13%
Container ID: f20445900364 | CPU Usage: 0.16%
Checking CPU usage for app replicas...
Checking CPU usage for app replicas...
Checking CPU usage for app replicas...
Container ID: f20445900364 | CPU Usage: 0.18%
Container ID: f20445900364 | CPU Usage: 0.18%
Checking CPU usage for app replicas...
Checking CPU usage for app replicas...
Checking CPU usage for app replicas...
Container ID: f20445900364 | CPU Usage: 0.18%
Checking CPU usage for app replicas...
Container ID: f20445900364 | CPU Usage: 0.19%
Container ID: f20445900364 | CPU Usage: 0.19%
Container ID: f20445900364 | CPU Usage: 0.19%
Container ID: f20445900364 | CPU Usage: 17.69%
Checking CPU usage for app replicas...
Container ID: f20445900364 | CPU Usage: 0.16%
Checking CPU usage for app replicas...
Checking CPU usage for app replicas...
Container ID: f20445900364 | CPU Usage: 5.08%
Container ID: f20445900364 | CPU Usage: 0.62%
Checking CPU usage for app replicas...
Checking CPU usage for app replicas...
Checking CPU usage for app replicas...
Checking CPU usage for app replicas...
Checking CPU usage for app replicas...
Checking CPU usage for app replicas...
Container ID: f20445900364 | CPU Usage: 0.18%
Container ID: f20445900364 | CPU Usage: 0.18%
Container ID: f20445900364 | CPU Usage: 0.18%
Container ID: f20445900364 | CPU Usage: 0.18%
Container ID: f20445900364 | CPU Usage: 0.18%
Container ID: f20445900364 | CPU Usage: 0.19%
Checking CPU usage for app replicas...
Checking CPU usage for app replicas...
Checking CPU usage for app replicas...
Container ID: f20445900364 | CPU Usage: 0.14%
Container ID: f20445900364 | CPU Usage: 0.14%
Checking CPU usage for app replicas...
Checking CPU usage for app replicas...
Checking CPU usage for app replicas...
Container ID: f20445900364 | CPU Usage: 0.17%
Checking CPU usage for app replicas...
Container ID: f20445900364 | CPU Usage: 0.57%
Container ID: f20445900364 | CPU Usage: 0.57%
Container ID: f20445900364 | CPU Usage: 0.57%
Container ID: f20445900364 | CPU Usage: 0.15%
Checking CPU usage for app replicas...
Container ID: f20445900364 | CPU Usage: 0.17%
Checking CPU usage for app replicas...
Container ID: f20445900364 | CPU Usage: 0.15%
Checking CPU usage for app replicas...
Container ID: f20445900364 | CPU Usage: 0.14%
Checking CPU usage for app replicas...
Checking CPU usage for app replicas...
Checking CPU usage for app replicas...
Checking CPU usage for app replicas...
Checking CPU usage for app replicas...
Checking CPU usage for app replicas...
Container ID: f20445900364 | CPU Usage: 0.14%
Container ID: f20445900364 | CPU Usage: 0.17%
Container ID: f20445900364 | CPU Usage: 0.17%
Container ID: f20445900364 | CPU Usage: 0.17%
Container ID: f20445900364 | CPU Usage: 0.17%
Container ID: f20445900364 | CPU Usage: 0.17%
Checking CPU usage for app replicas...
Checking CPU usage for app replicas...
Checking CPU usage for app replicas...
Checking CPU usage for app replicas...
Checking CPU usage for app replicas...
Checking CPU usage for app replicas...
Container ID: f20445900364 | CPU Usage: 0.16%
Container ID: f20445900364 | CPU Usage: 0.16%
Container ID: f20445900364 | CPU Usage: 0.16%
Checking CPU usage for app replicas...
Container ID: f20445900364 | CPU Usage: 0.13%
Container ID: f20445900364 | CPU Usage: 0.13%
Container ID: f20445900364 | CPU Usage: 0.13%
Container ID: f20445900364 | CPU Usage: 0.15%
Checking CPU usage for app replicas...
Container ID: f20445900364 | CPU Usage: 0.19%
Checking CPU usage for app replicas...
Checking CPU usage for app replicas...
Container ID: f20445900364 | CPU Usage: 0.21%
Container ID: f20445900364 | CPU Usage: 0.13%
Checking CPU usage for app replicas...
Checking CPU usage for app replicas...
Checking CPU usage for app replicas...
Checking CPU usage for app replicas...
Checking CPU usage for app replicas...
Checking CPU usage for app replicas...
Container ID: f20445900364 | CPU Usage: 0.16%
Container ID: f20445900364 | CPU Usage: 1.01%
Container ID: f20445900364 | CPU Usage: 1.01%
Container ID: f20445900364 | CPU Usage: 0.21%
Container ID: f20445900364 | CPU Usage: 0.21%
Container ID: f20445900364 | CPU Usage: 0.21%
Checking CPU usage for app replicas...
Checking CPU usage for app replicas...
Checking CPU usage for app replicas...
Checking CPU usage for app replicas...
Checking CPU usage for app replicas...
Checking CPU usage for app replicas...
Container ID: f20445900364 | CPU Usage: 0.42%
Container ID: f20445900364 | CPU Usage: 0.42%
Container ID: f20445900364 | CPU Usage: 0.42%
Checking CPU usage for app replicas...
Container ID: f20445900364 | CPU Usage: 0.19%
Container ID: f20445900364 | CPU Usage: 0.19%
Container ID: f20445900364 | CPU Usage: 0.19%
Container ID: f20445900364 | CPU Usage: 0.25%
Checking CPU usage for app replicas...
Container ID: f20445900364 | CPU Usage: 11.22%
Checking CPU usage for app replicas...
Checking CPU usage for app replicas...
Container ID: f20445900364 | CPU Usage: 0.11%
Container ID: f20445900364 | CPU Usage: 0.18%
Checking CPU usage for app replicas...
Checking CPU usage for app replicas...
Checking CPU usage for app replicas...
Container ID: f20445900364 | CPU Usage: 0.17%
Checking CPU usage for app replicas...
Checking CPU usage for app replicas...
Checking CPU usage for app replicas...
Container ID: f20445900364 | CPU Usage: 0.19%
Container ID: f20445900364 | CPU Usage: 0.19%
Container ID: f20445900364 | CPU Usage: 0.14%
Container ID: f20445900364 | CPU Usage: 0.14%
Container ID: f20445900364 | CPU Usage: 0.14%
Checking CPU usage for app replicas...
Checking CPU usage for app replicas...
Checking CPU usage for app replicas...
Container ID: f20445900364 | CPU Usage: 0.14%
Container ID: f20445900364 | CPU Usage: 0.14%
Container ID: f20445900364 | CPU Usage: 0.14%
Checking CPU usage for app replicas...
Checking CPU usage for app replicas...
Checking CPU usage for app replicas...
Checking CPU usage for app replicas...
Container ID: f20445900364 | CPU Usage: 0.18%
Container ID: f20445900364 | CPU Usage: 0.18%
Container ID: f20445900364 | CPU Usage: 0.18%
Container ID: f20445900364 | CPU Usage: 0.18%
Checking CPU usage for app replicas...
Container ID: f20445900364 | CPU Usage: 0.15%
Checking CPU usage for app replicas...
Checking CPU usage for app replicas...
Container ID: f20445900364 | CPU Usage: 0.17%
Container ID: f20445900364 | CPU Usage: 0.14%
Checking CPU usage for app replicas...
Checking CPU usage for app replicas...
Checking CPU usage for app replicas...
Container ID: f20445900364 | CPU Usage: 0.18%
Container ID: f20445900364 | CPU Usage: 0.15%
Container ID: f20445900364 | CPU Usage: 0.15%
Checking CPU usage for app replicas...
Checking CPU usage for app replicas...
Checking CPU usage for app replicas...
Container ID: f20445900364 | CPU Usage: 0.16%
Checking CPU usage for app replicas...
Container ID: f20445900364 | CPU Usage: 0.16%
Checking CPU usage for app replicas...
Checking CPU usage for app replicas...
Container ID: f20445900364 | CPU Usage: 0.16%
Container ID: f20445900364 | CPU Usage: 0.15%
Container ID: f20445900364 | CPU Usage: 0.15%
Container ID: f20445900364 | CPU Usage: 0.15%
Checking CPU usage for app replicas...
Checking CPU usage for app replicas...
Checking CPU usage for app replicas...
Checking CPU usage for app replicas...
Container ID: f20445900364 | CPU Usage: 0.18%
Container ID: f20445900364 | CPU Usage: 0.18%
Container ID: f20445900364 | CPU Usage: 0.18%
Container ID: f20445900364 | CPU Usage: 0.24%
Checking CPU usage for app replicas...
Container ID: f20445900364 | CPU Usage: 0.19%
Checking CPU usage for app replicas...
Container ID: f20445900364 | CPU Usage: 0.17%
Checking CPU usage for app replicas...
Container ID: f20445900364 | CPU Usage: 0.58%
Checking CPU usage for app replicas...
Checking CPU usage for app replicas...
Checking CPU usage for app replicas...
Container ID: f20445900364 | CPU Usage: 0.15%
Container ID: f20445900364 | CPU Usage: 0.14%
Container ID: f20445900364 | CPU Usage: 0.15%
Checking CPU usage for app replicas...
Checking CPU usage for app replicas...
Checking CPU usage for app replicas...
Container ID: f20445900364 | CPU Usage: 2.65%
Container ID: f20445900364 | CPU Usage: 2.65%
Container ID: f20445900364 | CPU Usage: 2.65%
Checking CPU usage for app replicas...
Checking CPU usage for app replicas...
Checking CPU usage for app replicas...
Container ID: f20445900364 | CPU Usage: 2.81%
Container ID: f20445900364 | CPU Usage: 2.81%
Container ID: f20445900364 | CPU Usage: 2.81%
Checking CPU usage for app replicas...
Checking CPU usage for app replicas...
Checking CPU usage for app replicas...
Checking CPU usage for app replicas...
Container ID: f20445900364 | CPU Usage: 0.21%
Container ID: f20445900364 | CPU Usage: 0.21%
Container ID: f20445900364 | CPU Usage: 0.21%
Container ID: f20445900364 | CPU Usage: 0.17%
Checking CPU usage for app replicas...
Container ID: f20445900364 | CPU Usage: 0.13%
Checking CPU usage for app replicas...
Checking CPU usage for app replicas...
Container ID: f20445900364 | CPU Usage: 0.15%
Container ID: f20445900364 | CPU Usage: 0.15%
Checking CPU usage for app replicas...
Checking CPU usage for app replicas...
Container ID: f20445900364 | CPU Usage: 0.13%
Checking CPU usage for app replicas...
Container ID: f20445900364 | CPU Usage: 0.17%
Checking CPU usage for app replicas...
Checking CPU usage for app replicas...
Checking CPU usage for app replicas...
Container ID: f20445900364 | CPU Usage: 0.13%
Container ID: f20445900364 | CPU Usage: 0.16%
Container ID: f20445900364 | CPU Usage: 0.16%
Container ID: f20445900364 | CPU Usage: 0.15%
Checking CPU usage for app replicas...
Checking CPU usage for app replicas...
Checking CPU usage for app replicas...
Container ID: f20445900364 | CPU Usage: 0.15%
Container ID: f20445900364 | CPU Usage: 0.15%
Container ID: f20445900364 | CPU Usage: 0.15%
Checking CPU usage for app replicas...
Checking CPU usage for app replicas...
Checking CPU usage for app replicas...
Checking CPU usage for app replicas...
Container ID: f20445900364 | CPU Usage: 0.16%
Container ID: f20445900364 | CPU Usage: 0.16%
Container ID: f20445900364 | CPU Usage: 0.16%
Container ID: f20445900364 | CPU Usage: 0.44%
Checking CPU usage for app replicas...
Container ID: f20445900364 | CPU Usage: 0.14%
Checking CPU usage for app replicas...
Checking CPU usage for app replicas...
Container ID: f20445900364 | CPU Usage: 0.13%
Container ID: f20445900364 | CPU Usage: 0.21%
Checking CPU usage for app replicas...
Checking CPU usage for app replicas...
Container ID: f20445900364 | CPU Usage: 0.17%
Checking CPU usage for app replicas...
Container ID: f20445900364 | CPU Usage: 1.78%
Checking CPU usage for app replicas...
Container ID: f20445900364 | CPU Usage: 0.16%
Checking CPU usage for app replicas...
Checking CPU usage for app replicas...
Container ID: f20445900364 | CPU Usage: 0.62%
Container ID: f20445900364 | CPU Usage: 0.62%
Container ID: f20445900364 | CPU Usage: 0.14%
Checking CPU usage for app replicas...
Checking CPU usage for app replicas...
Checking CPU usage for app replicas...
Container ID: f20445900364 | CPU Usage: 0.13%
Container ID: f20445900364 | CPU Usage: 0.13%
Container ID: f20445900364 | CPU Usage: 0.13%
Checking CPU usage for app replicas...
Checking CPU usage for app replicas...
Checking CPU usage for app replicas...
Checking CPU usage for app replicas...
Container ID: f20445900364 | CPU Usage: 0.15%
Container ID: f20445900364 | CPU Usage: 0.15%
Container ID: f20445900364 | CPU Usage: 0.15%
Container ID: f20445900364 | CPU Usage: 0.18%
Checking CPU usage for app replicas...
Container ID: f20445900364 | CPU Usage: 0.16%
Checking CPU usage for app replicas...
Container ID: f20445900364 | CPU Usage: 0.14%
Checking CPU usage for app replicas...
Container ID: f20445900364 | CPU Usage: 0.14%
Checking CPU usage for app replicas...
Container ID: f20445900364 | CPU Usage: 0.13%
Checking CPU usage for app replicas...
Checking CPU usage for app replicas...
Container ID: f20445900364 | CPU Usage: 0.36%
Container ID: f20445900364 | CPU Usage: 0.13%
Checking CPU usage for app replicas...
Checking CPU usage for app replicas...
Checking CPU usage for app replicas...
Container ID: f20445900364 | CPU Usage: 0.97%
Container ID: f20445900364 | CPU Usage: 0.97%
Container ID: f20445900364 | CPU Usage: 0.16%
Checking CPU usage for app replicas...
Checking CPU usage for app replicas...
Checking CPU usage for app replicas...
Container ID: f20445900364 | CPU Usage: 3.23%
Container ID: f20445900364 | CPU Usage: 3.23%
Container ID: f20445900364 | CPU Usage: 3.23%
Checking CPU usage for app replicas...
Checking CPU usage for app replicas...
Checking CPU usage for app replicas...
Checking CPU usage for app replicas...
Container ID: f20445900364 | CPU Usage: 0.15%
Container ID: f20445900364 | CPU Usage: 0.61%
Container ID: f20445900364 | CPU Usage: 0.61%
Container ID: f20445900364 | CPU Usage: 0.61%
Checking CPU usage for app replicas...
Container ID: f20445900364 | CPU Usage: 0.48%
Checking CPU usage for app replicas...
Checking CPU usage for app replicas...
Container ID: f20445900364 | CPU Usage: 0.17%
Container ID: f20445900364 | CPU Usage: 0.68%
Checking CPU usage for app replicas...
Checking CPU usage for app replicas...
Container ID: f20445900364 | CPU Usage: 0.14%
Checking CPU usage for app replicas...
Container ID: f20445900364 | CPU Usage: 0.13%
Checking CPU usage for app replicas...
Checking CPU usage for app replicas...
Container ID: f20445900364 | CPU Usage: 0.12%
Checking CPU usage for app replicas...
Container ID: f20445900364 | CPU Usage: 0.21%
Container ID: f20445900364 | CPU Usage: 0.21%
Container ID: f20445900364 | CPU Usage: 2.05%
Checking CPU usage for app replicas...
Checking CPU usage for app replicas...
Checking CPU usage for app replicas...
Container ID: f20445900364 | CPU Usage: 0.34%
Container ID: f20445900364 | CPU Usage: 0.34%
Container ID: f20445900364 | CPU Usage: 0.34%
Checking CPU usage for app replicas...
Checking CPU usage for app replicas...
Checking CPU usage for app replicas...
Checking CPU usage for app replicas...
Container ID: f20445900364 | CPU Usage: 0.23%
Container ID: f20445900364 | CPU Usage: 0.72%
Container ID: f20445900364 | CPU Usage: 0.72%
Container ID: f20445900364 | CPU Usage: 0.72%
Checking CPU usage for app replicas...
Container ID: f20445900364 | CPU Usage: 0.18%
Checking CPU usage for app replicas...
Checking CPU usage for app replicas...
Container ID: f20445900364 | CPU Usage: 0.19%
Container ID: f20445900364 | CPU Usage: 0.33%
Checking CPU usage for app replicas...
Checking CPU usage for app replicas...
Container ID: f20445900364 | CPU Usage: 0.16%
Checking CPU usage for app replicas...
Container ID: f20445900364 | CPU Usage: 0.20%
Checking CPU usage for app replicas...
Checking CPU usage for app replicas...
Container ID: f20445900364 | CPU Usage: 0.19%
Checking CPU usage for app replicas...
Container ID: f20445900364 | CPU Usage: 0.22%
Container ID: f20445900364 | CPU Usage: 0.22%
Container ID: f20445900364 | CPU Usage: 0.19%
Checking CPU usage for app replicas...
Checking CPU usage for app replicas...
Checking CPU usage for app replicas...
Container ID: f20445900364 | CPU Usage: 0.18%
Container ID: f20445900364 | CPU Usage: 0.18%
Container ID: f20445900364 | CPU Usage: 0.18%
Checking CPU usage for app replicas...
Checking CPU usage for app replicas...
Checking CPU usage for app replicas...
Checking CPU usage for app replicas...
Container ID: f20445900364 | CPU Usage: 0.29%
Container ID: f20445900364 | CPU Usage: 0.44%
Container ID: f20445900364 | CPU Usage: 0.44%
Container ID: f20445900364 | CPU Usage: 0.44%
Checking CPU usage for app replicas...
Container ID: f20445900364 | CPU Usage: 0.22%
Checking CPU usage for app replicas...
Checking CPU usage for app replicas...
Container ID: f20445900364 | CPU Usage: 0.23%
Container ID: f20445900364 | CPU Usage: 0.16%
Checking CPU usage for app replicas...
Checking CPU usage for app replicas...
Container ID: f20445900364 | CPU Usage: 0.15%
Checking CPU usage for app replicas...
Container ID: f20445900364 | CPU Usage: 0.17%
Checking CPU usage for app replicas...
Checking CPU usage for app replicas...
Container ID: f20445900364 | CPU Usage: 0.21%
Checking CPU usage for app replicas...
Container ID: f20445900364 | CPU Usage: 0.17%
Container ID: f20445900364 | CPU Usage: 0.17%
Container ID: f20445900364 | CPU Usage: 0.17%
Checking CPU usage for app replicas...
Checking CPU usage for app replicas...
Checking CPU usage for app replicas...
Container ID: f20445900364 | CPU Usage: 0.13%
Container ID: f20445900364 | CPU Usage: 0.13%
Checking CPU usage for app replicas...
Container ID: f20445900364 | CPU Usage: 0.13%
Checking CPU usage for app replicas...
Checking CPU usage for app replicas...
Checking CPU usage for app replicas...
Container ID: f20445900364 | CPU Usage: 0.16%
Container ID: f20445900364 | CPU Usage: 0.29%
Container ID: f20445900364 | CPU Usage: 0.29%
Container ID: f20445900364 | CPU Usage: 0.29%
Checking CPU usage for app replicas...
Container ID: f20445900364 | CPU Usage: 0.15%
Checking CPU usage for app replicas...
Container ID: f20445900364 | CPU Usage: 0.23%
Checking CPU usage for app replicas...
Container ID: f20445900364 | CPU Usage: 0.15%
Checking CPU usage for app replicas...
Container ID: f20445900364 | CPU Usage: 0.18%
Checking CPU usage for app replicas...
Checking CPU usage for app replicas...
Container ID: f20445900364 | CPU Usage: 0.32%
Container ID: f20445900364 | CPU Usage: 0.20%
Checking CPU usage for app replicas...
Checking CPU usage for app replicas...
Checking CPU usage for app replicas...
Container ID: f20445900364 | CPU Usage: 0.16%
Container ID: f20445900364 | CPU Usage: 0.16%
Container ID: f20445900364 | CPU Usage: 0.15%
Checking CPU usage for app replicas...
Checking CPU usage for app replicas...
Checking CPU usage for app replicas...
Container ID: f20445900364 | CPU Usage: 0.17%
Container ID: f20445900364 | CPU Usage: 0.17%
Container ID: f20445900364 | CPU Usage: 0.17%
Checking CPU usage for app replicas...
Checking CPU usage for app replicas...
Checking CPU usage for app replicas...
Checking CPU usage for app replicas...
Container ID: f20445900364 | CPU Usage: 0.15%
Container ID: f20445900364 | CPU Usage: 0.14%
Checking CPU usage for app replicas...
Container ID: f20445900364 | CPU Usage: 2.82%
Container ID: f20445900364 | CPU Usage: 2.82%
Container ID: f20445900364 | CPU Usage: 0.16%
Checking CPU usage for app replicas...
Checking CPU usage for app replicas...
Container ID: f20445900364 | CPU Usage: 0.14%
Container ID: f20445900364 | CPU Usage: 0.14%
Checking CPU usage for app replicas...
Checking CPU usage for app replicas...
Container ID: f20445900364 | CPU Usage: 0.33%
Checking CPU usage for app replicas...
Container ID: f20445900364 | CPU Usage: 0.13%
Checking CPU usage for app replicas...
Checking CPU usage for app replicas...
Container ID: f20445900364 | CPU Usage: 0.14%
Checking CPU usage for app replicas...
Container ID: f20445900364 | CPU Usage: 0.16%
Container ID: f20445900364 | CPU Usage: 0.16%
Container ID: f20445900364 | CPU Usage: 0.19%
Checking CPU usage for app replicas...
Checking CPU usage for app replicas...
Checking CPU usage for app replicas...
Checking CPU usage for app replicas...
Container ID: f20445900364 | CPU Usage: 0.16%
Container ID: f20445900364 | CPU Usage: 0.16%
Container ID: f20445900364 | CPU Usage: 0.16%
Checking CPU usage for app replicas...
Container ID: f20445900364 | CPU Usage: 0.17%
Checking CPU usage for app replicas...
Checking CPU usage for app replicas...
Container ID: f20445900364 | CPU Usage: 0.28%
Checking CPU usage for app replicas...
Container ID: f20445900364 | CPU Usage: 0.21%
Container ID: f20445900364 | CPU Usage: 0.21%
Container ID: f20445900364 | CPU Usage: 0.21%
Checking CPU usage for app replicas...
Container ID: f20445900364 | CPU Usage: 0.14%
Checking CPU usage for app replicas...
Container ID: f20445900364 | CPU Usage: 0.15%
Checking CPU usage for app replicas...
Container ID: f20445900364 | CPU Usage: 0.16%
Checking CPU usage for app replicas...
Checking CPU usage for app replicas...
Container ID: f20445900364 | CPU Usage: 0.19%
Checking CPU usage for app replicas...
Checking CPU usage for app replicas...
Container ID: f20445900364 | CPU Usage: 0.19%
Checking CPU usage for app replicas...
Container ID: f20445900364 | CPU Usage: 0.14%
Container ID: f20445900364 | CPU Usage: 0.28%
Container ID: f20445900364 | CPU Usage: 0.28%
Checking CPU usage for app replicas...
Checking CPU usage for app replicas...
Checking CPU usage for app replicas...
Checking CPU usage for app replicas...
Container ID: f20445900364 | CPU Usage: 0.13%
Container ID: f20445900364 | CPU Usage: 0.13%
Container ID: f20445900364 | CPU Usage: 0.13%
Container ID: f20445900364 | CPU Usage: 0.15%
Checking CPU usage for app replicas...
Checking CPU usage for app replicas...
Checking CPU usage for app replicas...
Checking CPU usage for app replicas...
Container ID: f20445900364 | CPU Usage: 0.15%
Container ID: f20445900364 | CPU Usage: 0.13%
Container ID: f20445900364 | CPU Usage: 0.13%
Container ID: f20445900364 | CPU Usage: 0.13%
Checking CPU usage for app replicas...
Container ID: f20445900364 | CPU Usage: 0.16%
Checking CPU usage for app replicas...
Container ID: f20445900364 | CPU Usage: 14.52%
Checking CPU usage for app replicas...
Checking CPU usage for app replicas...
Container ID: f20445900364 | CPU Usage: 0.95%
Checking CPU usage for app replicas...
Container ID: f20445900364 | CPU Usage: 0.22%
Checking CPU usage for app replicas...
Container ID: f20445900364 | CPU Usage: 0.15%
Checking CPU usage for app replicas...
Checking CPU usage for app replicas...
Container ID: f20445900364 | CPU Usage: 0.30%
Container ID: f20445900364 | CPU Usage: 0.59%
Container ID: f20445900364 | CPU Usage: 0.59%
Checking CPU usage for app replicas...
Checking CPU usage for app replicas...
Checking CPU usage for app replicas...
Checking CPU usage for app replicas...
Container ID: f20445900364 | CPU Usage: 0.14%
Container ID: f20445900364 | CPU Usage: 0.14%
Container ID: f20445900364 | CPU Usage: 0.14%
Container ID: f20445900364 | CPU Usage: 28.43%
Checking CPU usage for app replicas...
Checking CPU usage for app replicas...
Checking CPU usage for app replicas...
Checking CPU usage for app replicas...
Container ID: f20445900364 | CPU Usage: 0.32%
Container ID: f20445900364 | CPU Usage: 0.15%
Container ID: f20445900364 | CPU Usage: 0.15%
Container ID: f20445900364 | CPU Usage: 0.13%
Checking CPU usage for app replicas...
Checking CPU usage for app replicas...
Container ID: f20445900364 | CPU Usage: 0.19%
Container ID: f20445900364 | CPU Usage: 0.15%
Checking CPU usage for app replicas...
Checking CPU usage for app replicas...
Container ID: f20445900364 | CPU Usage: 0.14%
Checking CPU usage for app replicas...
Container ID: f20445900364 | CPU Usage: 3.02%
Checking CPU usage for app replicas...
Container ID: f20445900364 | CPU Usage: 0.20%
Checking CPU usage for app replicas...
Checking CPU usage for app replicas...
Container ID: f20445900364 | CPU Usage: 0.17%
Container ID: f20445900364 | CPU Usage: 0.55%
Container ID: f20445900364 | CPU Usage: 0.55%
Checking CPU usage for app replicas...
Checking CPU usage for app replicas...
Checking CPU usage for app replicas...
Checking CPU usage for app replicas...
Container ID: f20445900364 | CPU Usage: 0.16%
Container ID: f20445900364 | CPU Usage: 0.16%
Container ID: f20445900364 | CPU Usage: 0.16%
Container ID: f20445900364 | CPU Usage: 0.30%
Checking CPU usage for app replicas...
Checking CPU usage for app replicas...
Checking CPU usage for app replicas...
Checking CPU usage for app replicas...
Container ID: f20445900364 | CPU Usage: 0.15%
Container ID: f20445900364 | CPU Usage: 0.12%
Container ID: f20445900364 | CPU Usage: 0.12%
Container ID: f20445900364 | CPU Usage: 0.13%
Checking CPU usage for app replicas...
Checking CPU usage for app replicas...
Container ID: f20445900364 | CPU Usage: 0.14%
Container ID: f20445900364 | CPU Usage: 0.24%
Checking CPU usage for app replicas...
Checking CPU usage for app replicas...
Container ID: f20445900364 | CPU Usage: 0.16%
Checking CPU usage for app replicas...
Container ID: f20445900364 | CPU Usage: 0.13%
Checking CPU usage for app replicas...
Container ID: f20445900364 | CPU Usage: 0.18%
Checking CPU usage for app replicas...
Checking CPU usage for app replicas...
Container ID: f20445900364 | CPU Usage: 0.16%
Container ID: f20445900364 | CPU Usage: 7.61%
Container ID: f20445900364 | CPU Usage: 7.61%
Checking CPU usage for app replicas...
Checking CPU usage for app replicas...
Checking CPU usage for app replicas...
Checking CPU usage for app replicas...
Container ID: f20445900364 | CPU Usage: 3.51%
Container ID: f20445900364 | CPU Usage: 3.51%
Container ID: f20445900364 | CPU Usage: 3.51%
Container ID: f20445900364 | CPU Usage: 0.13%
Checking CPU usage for app replicas...
Checking CPU usage for app replicas...
Checking CPU usage for app replicas...
Checking CPU usage for app replicas...
Container ID: f20445900364 | CPU Usage: 0.13%
Container ID: f20445900364 | CPU Usage: 0.13%
Container ID: f20445900364 | CPU Usage: 0.13%
Container ID: f20445900364 | CPU Usage: 1.25%
Checking CPU usage for app replicas...
Container ID: f20445900364 | CPU Usage: 1.06%
Checking CPU usage for app replicas...
Container ID: f20445900364 | CPU Usage: 0.14%
Checking CPU usage for app replicas...
Container ID: f20445900364 | CPU Usage: 0.15%
Checking CPU usage for app replicas...
Checking CPU usage for app replicas...
Container ID: f20445900364 | CPU Usage: 0.13%
Container ID: f20445900364 | CPU Usage: 0.12%
Checking CPU usage for app replicas...
Checking CPU usage for app replicas...
Checking CPU usage for app replicas...
Container ID: f20445900364 | CPU Usage: 6.23%
Container ID: f20445900364 | CPU Usage: 0.22%
Container ID: f20445900364 | CPU Usage: 0.22%
Checking CPU usage for app replicas...
Checking CPU usage for app replicas...
Checking CPU usage for app replicas...
Checking CPU usage for app replicas...
Container ID: f20445900364 | CPU Usage: 0.15%
Container ID: f20445900364 | CPU Usage: 0.15%
Container ID: f20445900364 | CPU Usage: 0.15%
Container ID: f20445900364 | CPU Usage: 0.14%
Checking CPU usage for app replicas...
Checking CPU usage for app replicas...
Checking CPU usage for app replicas...
Checking CPU usage for app replicas...
Container ID: f20445900364 | CPU Usage: 1.16%
Container ID: f20445900364 | CPU Usage: 0.14%
Container ID: f20445900364 | CPU Usage: 0.14%
Container ID: f20445900364 | CPU Usage: 0.15%
Checking CPU usage for app replicas...
Checking CPU usage for app replicas...
Container ID: f20445900364 | CPU Usage: 0.14%
Container ID: f20445900364 | CPU Usage: 0.19%
Checking CPU usage for app replicas...
Container ID: f20445900364 | CPU Usage: 0.15%
Checking CPU usage for app replicas...
Checking CPU usage for app replicas...
Container ID: f20445900364 | CPU Usage: 0.17%
Container ID: f20445900364 | CPU Usage: 0.17%
Checking CPU usage for app replicas...
Container ID: f20445900364 | CPU Usage: 0.13%
Checking CPU usage for app replicas...
Checking CPU usage for app replicas...
Container ID: f20445900364 | CPU Usage: 0.95%
Container ID: f20445900364 | CPU Usage: 0.95%
Checking CPU usage for app replicas...
Checking CPU usage for app replicas...
Checking CPU usage for app replicas...
Checking CPU usage for app replicas...
Container ID: f20445900364 | CPU Usage: 0.99%
Container ID: f20445900364 | CPU Usage: 0.99%
Container ID: f20445900364 | CPU Usage: 0.13%
Container ID: f20445900364 | CPU Usage: 0.13%
Checking CPU usage for app replicas...
Checking CPU usage for app replicas...
Checking CPU usage for app replicas...
Container ID: f20445900364 | CPU Usage: 0.18%
Checking CPU usage for app replicas...
Container ID: f20445900364 | CPU Usage: 0.42%
Container ID: f20445900364 | CPU Usage: 0.42%
Container ID: f20445900364 | CPU Usage: 0.18%
Checking CPU usage for app replicas...
Container ID: f20445900364 | CPU Usage: 0.39%
Checking CPU usage for app replicas...
Container ID: f20445900364 | CPU Usage: 0.24%
Checking CPU usage for app replicas...
Container ID: f20445900364 | CPU Usage: 0.18%
Checking CPU usage for app replicas...
Checking CPU usage for app replicas...
Container ID: f20445900364 | CPU Usage: 0.14%
Container ID: f20445900364 | CPU Usage: 0.14%
Checking CPU usage for app replicas...
Container ID: f20445900364 | CPU Usage: 0.16%
Checking CPU usage for app replicas...
Checking CPU usage for app replicas...
Container ID: f20445900364 | CPU Usage: 0.28%
Container ID: f20445900364 | CPU Usage: 0.28%
Checking CPU usage for app replicas...
Checking CPU usage for app replicas...
Checking CPU usage for app replicas...
Checking CPU usage for app replicas...
Container ID: f20445900364 | CPU Usage: 0.20%
Container ID: f20445900364 | CPU Usage: 0.20%
Container ID: f20445900364 | CPU Usage: 0.20%
Container ID: f20445900364 | CPU Usage: 0.20%
Checking CPU usage for app replicas...
Checking CPU usage for app replicas...
Checking CPU usage for app replicas...
Checking CPU usage for app replicas...
Container ID: f20445900364 | CPU Usage: 0.43%
Container ID: f20445900364 | CPU Usage: 0.18%
Container ID: f20445900364 | CPU Usage: 0.18%
Container ID: f20445900364 | CPU Usage: 0.55%
Checking CPU usage for app replicas...
Container ID: f20445900364 | CPU Usage: 0.52%
Checking CPU usage for app replicas...
Container ID: f20445900364 | CPU Usage: 0.24%
Checking CPU usage for app replicas...
Container ID: f20445900364 | CPU Usage: 0.18%
Checking CPU usage for app replicas...
Checking CPU usage for app replicas...
Checking CPU usage for app replicas...
Container ID: f20445900364 | CPU Usage: 0.15%
Container ID: f20445900364 | CPU Usage: 0.15%
Container ID: f20445900364 | CPU Usage: 0.14%
Checking CPU usage for app replicas...
Checking CPU usage for app replicas...
Container ID: f20445900364 | CPU Usage: 0.16%
Container ID: f20445900364 | CPU Usage: 0.16%
Checking CPU usage for app replicas...
Checking CPU usage for app replicas...
Checking CPU usage for app replicas...
Checking CPU usage for app replicas...
Container ID: f20445900364 | CPU Usage: 0.18%
Container ID: f20445900364 | CPU Usage: 0.18%
Container ID: f20445900364 | CPU Usage: 0.14%
Container ID: f20445900364 | CPU Usage: 0.14%
Checking CPU usage for app replicas...
Checking CPU usage for app replicas...
Checking CPU usage for app replicas...
Checking CPU usage for app replicas...
Container ID: f20445900364 | CPU Usage: 0.15%
Container ID: f20445900364 | CPU Usage: 0.15%
Container ID: f20445900364 | CPU Usage: 0.15%
Container ID: f20445900364 | CPU Usage: 0.28%
Checking CPU usage for app replicas...
Container ID: f20445900364 | CPU Usage: 0.27%
Checking CPU usage for app replicas...
Container ID: f20445900364 | CPU Usage: 0.19%
Checking CPU usage for app replicas...
Container ID: f20445900364 | CPU Usage: 0.20%
Checking CPU usage for app replicas...
Checking CPU usage for app replicas...
Checking CPU usage for app replicas...
Container ID: f20445900364 | CPU Usage: 0.24%
Container ID: f20445900364 | CPU Usage: 0.24%
Container ID: f20445900364 | CPU Usage: 0.17%
Checking CPU usage for app replicas...
Checking CPU usage for app replicas...
Container ID: f20445900364 | CPU Usage: 0.18%
Container ID: f20445900364 | CPU Usage: 0.18%
Checking CPU usage for app replicas...
Checking CPU usage for app replicas...
Checking CPU usage for app replicas...
Checking CPU usage for app replicas...
Container ID: f20445900364 | CPU Usage: 0.27%
Container ID: f20445900364 | CPU Usage: 0.27%
Container ID: f20445900364 | CPU Usage: 0.22%
Container ID: f20445900364 | CPU Usage: 0.22%
Checking CPU usage for app replicas...
Checking CPU usage for app replicas...
Checking CPU usage for app replicas...
Checking CPU usage for app replicas...
Container ID: f20445900364 | CPU Usage: 0.24%
Container ID: f20445900364 | CPU Usage: 0.15%
Container ID: f20445900364 | CPU Usage: 0.15%
Container ID: f20445900364 | CPU Usage: 0.15%
Checking CPU usage for app replicas...
Container ID: f20445900364 | CPU Usage: 0.14%
Checking CPU usage for app replicas...
Container ID: f20445900364 | CPU Usage: 0.49%
Checking CPU usage for app replicas...
Container ID: f20445900364 | CPU Usage: 0.14%
Checking CPU usage for app replicas...
Checking CPU usage for app replicas...
Checking CPU usage for app replicas...
Container ID: f20445900364 | CPU Usage: 53.68%
Container ID: f20445900364 | CPU Usage: 53.68%
Container ID: f20445900364 | CPU Usage: 0.16%
Checking CPU usage for app replicas...
Checking CPU usage for app replicas...
Container ID: f20445900364 | CPU Usage: 0.16%
Container ID: f20445900364 | CPU Usage: 0.15%
Checking CPU usage for app replicas...
Checking CPU usage for app replicas...
Checking CPU usage for app replicas...
Checking CPU usage for app replicas...
Container ID: f20445900364 | CPU Usage: 0.13%
Container ID: f20445900364 | CPU Usage: 1.68%
Container ID: f20445900364 | CPU Usage: 1.68%
Container ID: f20445900364 | CPU Usage: 1.68%
Checking CPU usage for app replicas...
Checking CPU usage for app replicas...
Checking CPU usage for app replicas...
Checking CPU usage for app replicas...
Container ID: f20445900364 | CPU Usage: 0.14%
Container ID: f20445900364 | CPU Usage: 0.14%
Container ID: f20445900364 | CPU Usage: 0.14%
Container ID: f20445900364 | CPU Usage: 0.56%
Checking CPU usage for app replicas...
Container ID: f20445900364 | CPU Usage: 0.22%
Checking CPU usage for app replicas...
Container ID: f20445900364 | CPU Usage: 1.93%
Checking CPU usage for app replicas...
Container ID: f20445900364 | CPU Usage: 0.23%
Checking CPU usage for app replicas...
Checking CPU usage for app replicas...
Container ID: f20445900364 | CPU Usage: 0.16%
Container ID: f20445900364 | CPU Usage: 0.16%
Checking CPU usage for app replicas...
Container ID: f20445900364 | CPU Usage: 0.14%
Checking CPU usage for app replicas...
Checking CPU usage for app replicas...
Container ID: f20445900364 | CPU Usage: 0.25%
Container ID: f20445900364 | CPU Usage: 0.18%
Checking CPU usage for app replicas...
Checking CPU usage for app replicas...
Checking CPU usage for app replicas...
Checking CPU usage for app replicas...
Container ID: f20445900364 | CPU Usage: 0.28%
Container ID: f20445900364 | CPU Usage: 2.69%
Container ID: f20445900364 | CPU Usage: 2.69%
Container ID: f20445900364 | CPU Usage: 2.69%
Checking CPU usage for app replicas...
Checking CPU usage for app replicas...
Checking CPU usage for app replicas...
Checking CPU usage for app replicas...
Container ID: f20445900364 | CPU Usage: 0.22%
Container ID: f20445900364 | CPU Usage: 0.34%
Container ID: f20445900364 | CPU Usage: 0.34%
Checking CPU usage for app replicas...
Container ID: f20445900364 | CPU Usage: 0.39%
Container ID: f20445900364 | CPU Usage: 0.39%
Checking CPU usage for app replicas...
Container ID: f20445900364 | CPU Usage: 1.01%
Checking CPU usage for app replicas...
Container ID: f20445900364 | CPU Usage: 0.14%
Checking CPU usage for app replicas...
Checking CPU usage for app replicas...
Container ID: f20445900364 | CPU Usage: 0.23%
Container ID: f20445900364 | CPU Usage: 0.23%
Checking CPU usage for app replicas...
Checking CPU usage for app replicas...
Container ID: f20445900364 | CPU Usage: 0.18%
Checking CPU usage for app replicas...
Container ID: f20445900364 | CPU Usage: 3.53%
Container ID: f20445900364 | CPU Usage: 138.20%
Scaling service app to 3 replicas.
no configuration file provided: not found
Checking CPU usage for app replicas...
Checking CPU usage for app replicas...
Checking CPU usage for app replicas...
Checking CPU usage for app replicas...
Container ID: f20445900364 | CPU Usage: 0.14%
Container ID: f20445900364 | CPU Usage: 0.32%
Container ID: f20445900364 | CPU Usage: 0.32%
Container ID: f20445900364 | CPU Usage: 0.32%
Checking CPU usage for app replicas...
Checking CPU usage for app replicas...
Checking CPU usage for app replicas...
Checking CPU usage for app replicas...
Checking CPU usage for app replicas...
Container ID: f20445900364 | CPU Usage: 0.19%
Container ID: f20445900364 | CPU Usage: 0.19%
Container ID: f20445900364 | CPU Usage: 0.19%
Container ID: f20445900364 | CPU Usage: 0.31%
Container ID: f20445900364 | CPU Usage: 0.31%
Checking CPU usage for app replicas...
Container ID: f20445900364 | CPU Usage: 11.30%
Checking CPU usage for app replicas...
Container ID: f20445900364 | CPU Usage: 0.20%
Checking CPU usage for app replicas...
Checking CPU usage for app replicas...
Container ID: f20445900364 | CPU Usage: 20.86%
Container ID: f20445900364 | CPU Usage: 20.86%
Checking CPU usage for app replicas...
Checking CPU usage for app replicas...
Checking CPU usage for app replicas...
Container ID: f20445900364 | CPU Usage: 5.09%
Container ID: f20445900364 | CPU Usage: 5.09%
Checking CPU usage for app replicas...
Checking CPU usage for app replicas...
Checking CPU usage for app replicas...
Checking CPU usage for app replicas...
Container ID: f20445900364 | CPU Usage: 7.44%
Container ID: f20445900364 | CPU Usage: 10.76%
Container ID: 704000b6d8af | CPU Usage: 137.44%
Scaling service app to 2 replicas.
no configuration file provided: not found
Container ID: 704000b6d8af | CPU Usage: 85.20%
Container ID: 704000b6d8af | CPU Usage: 85.20%
Checking CPU usage for app replicas...
Checking CPU usage for app replicas...
Checking CPU usage for app replicas...
Container ID: f20445900364 | CPU Usage: 0.89%
Container ID: f20445900364 | CPU Usage: 0.89%
Checking CPU usage for app replicas...
Checking CPU usage for app replicas...
EOF
EOF
Container ID: 704000b6d8af | CPU Usage: %
Container ID: 704000b6d8af | CPU Usage: %
(standard_in) 1: syntax error
(standard_in) 1: syntax error
Container ID: 704000b6d8af | CPU Usage: 0.00%
Container ID: 704000b6d8af | CPU Usage: 0.00%
Container ID: 704000b6d8af | CPU Usage: 0.00%
Checking CPU usage for app replicas...
Container ID: f20445900364 | CPU Usage: 0.25%
Container ID: f20445900364 | CPU Usage: 0.25%
Container ID: f20445900364 | CPU Usage: 0.25%
Container ID: f20445900364 | CPU Usage: 0.25%
Container ID: f20445900364 | CPU Usage: 0.13%
Container ID: f20445900364 | CPU Usage: 0.16%
Checking CPU usage for app replicas...
Container ID: f20445900364 | CPU Usage: 0.19%
Checking CPU usage for app replicas...
Checking CPU usage for app replicas...
Container ID: f20445900364 | CPU Usage: 0.34%
Container ID: f20445900364 | CPU Usage: 0.15%
Checking CPU usage for app replicas...
Checking CPU usage for app replicas...
Container ID: f20445900364 | CPU Usage: 0.20%
Container ID: f20445900364 | CPU Usage: 0.20%
Checking CPU usage for app replicas...
Container ID: f20445900364 | CPU Usage: 0.14%
Checking CPU usage for app replicas...
Checking CPU usage for app replicas...
Container ID: f20445900364 | CPU Usage: 0.17%
Container ID: f20445900364 | CPU Usage: 0.26%
Checking CPU usage for app replicas...
Checking CPU usage for app replicas...
Container ID: f20445900364 | CPU Usage: 0.19%
Container ID: f20445900364 | CPU Usage: 0.19%
Checking CPU usage for app replicas...
Checking CPU usage for app replicas...
Checking CPU usage for app replicas...
Checking CPU usage for app replicas...
Checking CPU usage for app replicas...
Checking CPU usage for app replicas...
Container ID: f20445900364 | CPU Usage: 0.22%
Container ID: f20445900364 | CPU Usage: 0.22%
Container ID: f20445900364 | CPU Usage: 0.22%
Container ID: f20445900364 | CPU Usage: 0.22%
Container ID: f20445900364 | CPU Usage: 0.22%
Container ID: f20445900364 | CPU Usage: 0.21%
Checking CPU usage for app replicas...
Container ID: f20445900364 | CPU Usage: 0.32%
Checking CPU usage for app replicas...
Checking CPU usage for app replicas...
Container ID: f20445900364 | CPU Usage: 0.27%
Container ID: f20445900364 | CPU Usage: 0.44%
Checking CPU usage for app replicas...
Checking CPU usage for app replicas...
Container ID: f20445900364 | CPU Usage: 0.14%
Container ID: f20445900364 | CPU Usage: 0.14%
Checking CPU usage for app replicas...
Container ID: f20445900364 | CPU Usage: 0.15%
Checking CPU usage for app replicas...
Checking CPU usage for app replicas...
Container ID: f20445900364 | CPU Usage: 0.20%
Container ID: f20445900364 | CPU Usage: 0.17%
Checking CPU usage for app replicas...
Checking CPU usage for app replicas...
Container ID: f20445900364 | CPU Usage: 0.13%
Container ID: f20445900364 | CPU Usage: 0.13%
Checking CPU usage for app replicas...
Checking CPU usage for app replicas...
Checking CPU usage for app replicas...
Checking CPU usage for app replicas...
Checking CPU usage for app replicas...
Checking CPU usage for app replicas...
Container ID: f20445900364 | CPU Usage: 0.21%
Container ID: f20445900364 | CPU Usage: 0.21%
Container ID: f20445900364 | CPU Usage: 0.21%
Container ID: f20445900364 | CPU Usage: 0.21%
Container ID: f20445900364 | CPU Usage: 0.21%
Container ID: f20445900364 | CPU Usage: 0.21%
Checking CPU usage for app replicas...
Container ID: f20445900364 | CPU Usage: 0.18%
Checking CPU usage for app replicas...
Checking CPU usage for app replicas...
Container ID: f20445900364 | CPU Usage: 0.16%
Container ID: f20445900364 | CPU Usage: 0.20%
Checking CPU usage for app replicas...
Checking CPU usage for app replicas...
Checking CPU usage for app replicas...
Container ID: f20445900364 | CPU Usage: 0.15%
Container ID: f20445900364 | CPU Usage: 0.15%
Container ID: f20445900364 | CPU Usage: 0.14%
Checking CPU usage for app replicas...
Checking CPU usage for app replicas...
Container ID: f20445900364 | CPU Usage: 0.38%
Container ID: f20445900364 | CPU Usage: 0.16%
Checking CPU usage for app replicas...
Checking CPU usage for app replicas...
Container ID: f20445900364 | CPU Usage: 0.15%
Container ID: f20445900364 | CPU Usage: 0.15%
Checking CPU usage for app replicas...
Checking CPU usage for app replicas...
Checking CPU usage for app replicas...
Checking CPU usage for app replicas...
Checking CPU usage for app replicas...
Checking CPU usage for app replicas...
Container ID: f20445900364 | CPU Usage: 0.27%
Container ID: f20445900364 | CPU Usage: 0.27%
Container ID: f20445900364 | CPU Usage: 0.27%
Container ID: f20445900364 | CPU Usage: 0.27%
Container ID: f20445900364 | CPU Usage: 0.27%
Container ID: f20445900364 | CPU Usage: 0.27%
Checking CPU usage for app replicas...
Container ID: f20445900364 | CPU Usage: 0.18%
Checking CPU usage for app replicas...
Checking CPU usage for app replicas...
Container ID: f20445900364 | CPU Usage: 0.15%
Container ID: f20445900364 | CPU Usage: 0.18%
Checking CPU usage for app replicas...
Checking CPU usage for app replicas...
Checking CPU usage for app replicas...
Container ID: f20445900364 | CPU Usage: 0.16%
Container ID: f20445900364 | CPU Usage: 0.16%
Container ID: f20445900364 | CPU Usage: 0.17%
Checking CPU usage for app replicas...
Checking CPU usage for app replicas...
Container ID: f20445900364 | CPU Usage: 1.10%
Container ID: f20445900364 | CPU Usage: 0.28%
Checking CPU usage for app replicas...
Checking CPU usage for app replicas...
Container ID: f20445900364 | CPU Usage: 0.67%
Container ID: f20445900364 | CPU Usage: 0.67%
Checking CPU usage for app replicas...
Checking CPU usage for app replicas...
Checking CPU usage for app replicas...
Checking CPU usage for app replicas...
Checking CPU usage for app replicas...
Checking CPU usage for app replicas...
Container ID: f20445900364 | CPU Usage: 0.18%
Container ID: f20445900364 | CPU Usage: 0.18%
Container ID: f20445900364 | CPU Usage: 0.18%
Container ID: f20445900364 | CPU Usage: 0.18%
Container ID: f20445900364 | CPU Usage: 0.18%
Container ID: f20445900364 | CPU Usage: 0.18%
Checking CPU usage for app replicas...
Container ID: f20445900364 | CPU Usage: 0.28%
Checking CPU usage for app replicas...
Checking CPU usage for app replicas...
Container ID: f20445900364 | CPU Usage: 0.14%
Container ID: f20445900364 | CPU Usage: 0.15%
Checking CPU usage for app replicas...
Checking CPU usage for app replicas...
Container ID: f20445900364 | CPU Usage: 0.18%
Container ID: f20445900364 | CPU Usage: 0.18%
Checking CPU usage for app replicas...
Container ID: f20445900364 | CPU Usage: 0.27%
Checking CPU usage for app replicas...
Checking CPU usage for app replicas...
Container ID: f20445900364 | CPU Usage: 0.22%
Checking CPU usage for app replicas...
Checking CPU usage for app replicas...
Container ID: f20445900364 | CPU Usage: 0.19%
Container ID: f20445900364 | CPU Usage: 0.18%
Container ID: f20445900364 | CPU Usage: 0.18%
Checking CPU usage for app replicas...
Checking CPU usage for app replicas...
Checking CPU usage for app replicas...
Checking CPU usage for app replicas...
Checking CPU usage for app replicas...
Checking CPU usage for app replicas...
Container ID: f20445900364 | CPU Usage: 0.87%
Container ID: f20445900364 | CPU Usage: 0.87%
Container ID: f20445900364 | CPU Usage: 0.87%
Container ID: f20445900364 | CPU Usage: 0.87%
Container ID: f20445900364 | CPU Usage: 0.87%
Container ID: f20445900364 | CPU Usage: 0.87%
Checking CPU usage for app replicas...
Container ID: f20445900364 | CPU Usage: 0.14%
Checking CPU usage for app replicas...
Checking CPU usage for app replicas...
Container ID: f20445900364 | CPU Usage: 0.37%
Container ID: f20445900364 | CPU Usage: 0.37%
Checking CPU usage for app replicas...
Checking CPU usage for app replicas...
Checking CPU usage for app replicas...
Container ID: f20445900364 | CPU Usage: 0.16%
Container ID: f20445900364 | CPU Usage: 0.16%
Container ID: f20445900364 | CPU Usage: 0.16%
Checking CPU usage for app replicas...
Checking CPU usage for app replicas...
Container ID: f20445900364 | CPU Usage: 0.13%
Checking CPU usage for app replicas...
Checking CPU usage for app replicas...
Container ID: f20445900364 | CPU Usage: 0.16%
Container ID: f20445900364 | CPU Usage: 0.16%
Container ID: f20445900364 | CPU Usage: 0.16%
Checking CPU usage for app replicas...
Checking CPU usage for app replicas...
Checking CPU usage for app replicas...
Checking CPU usage for app replicas...
Checking CPU usage for app replicas...
Checking CPU usage for app replicas...
Checking CPU usage for app replicas...
Container ID: f20445900364 | CPU Usage: 0.19%
Container ID: f20445900364 | CPU Usage: 0.19%
Container ID: f20445900364 | CPU Usage: 0.19%
Container ID: f20445900364 | CPU Usage: 0.19%
Container ID: f20445900364 | CPU Usage: 0.19%
Container ID: f20445900364 | CPU Usage: 0.19%
Container ID: f20445900364 | CPU Usage: 0.16%
Checking CPU usage for app replicas...
Checking CPU usage for app replicas...
Container ID: f20445900364 | CPU Usage: 0.29%
Container ID: f20445900364 | CPU Usage: 0.29%
Checking CPU usage for app replicas...
Checking CPU usage for app replicas...
Checking CPU usage for app replicas...
Container ID: f20445900364 | CPU Usage: 0.17%
Container ID: f20445900364 | CPU Usage: 0.17%
Container ID: f20445900364 | CPU Usage: 0.23%
Checking CPU usage for app replicas...
Checking CPU usage for app replicas...
Checking CPU usage for app replicas...
Checking CPU usage for app replicas...
Container ID: f20445900364 | CPU Usage: 0.23%
Container ID: f20445900364 | CPU Usage: 0.63%
Container ID: f20445900364 | CPU Usage: 0.14%
Container ID: f20445900364 | CPU Usage: 0.14%
Checking CPU usage for app replicas...
Checking CPU usage for app replicas...
Checking CPU usage for app replicas...
Checking CPU usage for app replicas...
Checking CPU usage for app replicas...
Checking CPU usage for app replicas...
Checking CPU usage for app replicas...
Container ID: f20445900364 | CPU Usage: 0.18%
Container ID: f20445900364 | CPU Usage: 0.18%
Container ID: f20445900364 | CPU Usage: 0.18%
Container ID: f20445900364 | CPU Usage: 0.18%
Container ID: f20445900364 | CPU Usage: 0.18%
Container ID: f20445900364 | CPU Usage: 0.18%
Container ID: f20445900364 | CPU Usage: 0.24%
Checking CPU usage for app replicas...
Checking CPU usage for app replicas...
Container ID: f20445900364 | CPU Usage: 29.51%
Container ID: f20445900364 | CPU Usage: 29.51%
Checking CPU usage for app replicas...
Checking CPU usage for app replicas...
Checking CPU usage for app replicas...
Container ID: f20445900364 | CPU Usage: 0.16%
Container ID: f20445900364 | CPU Usage: 0.16%
Container ID: f20445900364 | CPU Usage: 0.14%
Checking CPU usage for app replicas...
Checking CPU usage for app replicas...
Checking CPU usage for app replicas...
Checking CPU usage for app replicas...
Container ID: f20445900364 | CPU Usage: 0.13%
Container ID: f20445900364 | CPU Usage: 0.72%
Container ID: f20445900364 | CPU Usage: 0.18%
Container ID: f20445900364 | CPU Usage: 0.18%
Checking CPU usage for app replicas...
Checking CPU usage for app replicas...
Checking CPU usage for app replicas...
Checking CPU usage for app replicas...
Checking CPU usage for app replicas...
Checking CPU usage for app replicas...
Checking CPU usage for app replicas...
Container ID: f20445900364 | CPU Usage: 0.14%
Container ID: f20445900364 | CPU Usage: 0.14%
Container ID: f20445900364 | CPU Usage: 0.14%
Container ID: f20445900364 | CPU Usage: 0.14%
Container ID: f20445900364 | CPU Usage: 0.14%
Container ID: f20445900364 | CPU Usage: 0.14%
Container ID: f20445900364 | CPU Usage: 0.14%
Checking CPU usage for app replicas...
Checking CPU usage for app replicas...
Container ID: f20445900364 | CPU Usage: 0.22%
Container ID: f20445900364 | CPU Usage: 0.22%
Checking CPU usage for app replicas...
Checking CPU usage for app replicas...
Checking CPU usage for app replicas...
Container ID: f20445900364 | CPU Usage: 0.22%
Container ID: f20445900364 | CPU Usage: 0.22%
Container ID: f20445900364 | CPU Usage: 0.16%
Checking CPU usage for app replicas...
Checking CPU usage for app replicas...
Checking CPU usage for app replicas...
Checking CPU usage for app replicas...
Container ID: f20445900364 | CPU Usage: 0.21%
Container ID: f20445900364 | CPU Usage: 0.37%
Container ID: f20445900364 | CPU Usage: 0.26%
Container ID: f20445900364 | CPU Usage: 0.26%
Checking CPU usage for app replicas...
Checking CPU usage for app replicas...
Checking CPU usage for app replicas...
Checking CPU usage for app replicas...
Checking CPU usage for app replicas...
Checking CPU usage for app replicas...
Checking CPU usage for app replicas...
Container ID: f20445900364 | CPU Usage: 0.18%
Container ID: f20445900364 | CPU Usage: 0.18%
Container ID: f20445900364 | CPU Usage: 0.18%
Container ID: f20445900364 | CPU Usage: 0.18%
Container ID: f20445900364 | CPU Usage: 0.18%
Container ID: f20445900364 | CPU Usage: 0.18%
Container ID: f20445900364 | CPU Usage: 0.18%
Checking CPU usage for app replicas...
Checking CPU usage for app replicas...
Container ID: f20445900364 | CPU Usage: 0.17%
Container ID: f20445900364 | CPU Usage: 0.17%
Checking CPU usage for app replicas...
Checking CPU usage for app replicas...
Checking CPU usage for app replicas...
Container ID: f20445900364 | CPU Usage: 0.20%
Container ID: f20445900364 | CPU Usage: 0.20%
Container ID: f20445900364 | CPU Usage: 0.41%
Checking CPU usage for app replicas...
Checking CPU usage for app replicas...
Checking CPU usage for app replicas...
Checking CPU usage for app replicas...
Container ID: f20445900364 | CPU Usage: 0.31%
Container ID: f20445900364 | CPU Usage: 0.18%
Container ID: f20445900364 | CPU Usage: 0.14%
Container ID: f20445900364 | CPU Usage: 0.14%
Checking CPU usage for app replicas...
Checking CPU usage for app replicas...
Checking CPU usage for app replicas...
Checking CPU usage for app replicas...
Checking CPU usage for app replicas...
Checking CPU usage for app replicas...
Checking CPU usage for app replicas...
Container ID: f20445900364 | CPU Usage: 0.16%
Container ID: f20445900364 | CPU Usage: 0.16%
Container ID: f20445900364 | CPU Usage: 0.16%
Container ID: f20445900364 | CPU Usage: 0.16%
Container ID: f20445900364 | CPU Usage: 0.16%
Container ID: f20445900364 | CPU Usage: 0.16%
Container ID: f20445900364 | CPU Usage: 0.16%
Checking CPU usage for app replicas...
Checking CPU usage for app replicas...
Container ID: f20445900364 | CPU Usage: 0.19%
Container ID: f20445900364 | CPU Usage: 0.19%
Checking CPU usage for app replicas...
Checking CPU usage for app replicas...
Container ID: f20445900364 | CPU Usage: 0.21%
Container ID: f20445900364 | CPU Usage: 0.21%
Checking CPU usage for app replicas...
Container ID: f20445900364 | CPU Usage: 0.16%
Checking CPU usage for app replicas...
Checking CPU usage for app replicas...
Container ID: f20445900364 | CPU Usage: 0.17%
Checking CPU usage for app replicas...
Checking CPU usage for app replicas...
Container ID: f20445900364 | CPU Usage: 0.23%
Container ID: f20445900364 | CPU Usage: 0.23%
Container ID: f20445900364 | CPU Usage: 0.19%
Checking CPU usage for app replicas...
Checking CPU usage for app replicas...
Checking CPU usage for app replicas...
Checking CPU usage for app replicas...
Checking CPU usage for app replicas...
Checking CPU usage for app replicas...
Checking CPU usage for app replicas...
Checking CPU usage for app replicas...
Checking CPU usage for app replicas...
Container ID: f20445900364 | CPU Usage: 0.16%
Container ID: f20445900364 | CPU Usage: 0.16%
Container ID: f20445900364 | CPU Usage: 0.16%
Container ID: f20445900364 | CPU Usage: 0.16%
Container ID: f20445900364 | CPU Usage: 0.16%
Container ID: f20445900364 | CPU Usage: 0.16%
Container ID: f20445900364 | CPU Usage: 0.16%
Container ID: f20445900364 | CPU Usage: 0.19%
Container ID: f20445900364 | CPU Usage: 0.19%
Checking CPU usage for app replicas...
Checking CPU usage for app replicas...
Checking CPU usage for app replicas...
Container ID: f20445900364 | CPU Usage: 0.55%
Container ID: f20445900364 | CPU Usage: 0.55%
Container ID: f20445900364 | CPU Usage: 0.13%
Checking CPU usage for app replicas...
Checking CPU usage for app replicas...
Checking CPU usage for app replicas...
Container ID: f20445900364 | CPU Usage: 0.21%
Checking CPU usage for app replicas...
Container ID: f20445900364 | CPU Usage: 0.16%
Container ID: f20445900364 | CPU Usage: 0.16%
Container ID: f20445900364 | CPU Usage: 0.18%
Checking CPU usage for app replicas...
Checking CPU usage for app replicas...
Checking CPU usage for app replicas...
Checking CPU usage for app replicas...
Checking CPU usage for app replicas...
Checking CPU usage for app replicas...
Checking CPU usage for app replicas...
Checking CPU usage for app replicas...
Checking CPU usage for app replicas...
Container ID: f20445900364 | CPU Usage: 0.23%
Container ID: f20445900364 | CPU Usage: 0.23%
Container ID: f20445900364 | CPU Usage: 0.23%
Container ID: f20445900364 | CPU Usage: 0.23%
Container ID: f20445900364 | CPU Usage: 0.23%
Container ID: f20445900364 | CPU Usage: 0.23%
Container ID: f20445900364 | CPU Usage: 0.23%
Container ID: f20445900364 | CPU Usage: 0.23%
Container ID: f20445900364 | CPU Usage: 0.23%
Checking CPU usage for app replicas...
Checking CPU usage for app replicas...
Checking CPU usage for app replicas...
Container ID: f20445900364 | CPU Usage: 0.20%
Container ID: f20445900364 | CPU Usage: 0.20%
Container ID: f20445900364 | CPU Usage: 0.21%
Checking CPU usage for app replicas...
Checking CPU usage for app replicas...
Checking CPU usage for app replicas...
Container ID: f20445900364 | CPU Usage: 0.20%
Checking CPU usage for app replicas...
Container ID: f20445900364 | CPU Usage: 0.53%
Container ID: f20445900364 | CPU Usage: 0.53%
Container ID: f20445900364 | CPU Usage: 0.29%
Checking CPU usage for app replicas...
Checking CPU usage for app replicas...
Checking CPU usage for app replicas...
Checking CPU usage for app replicas...
Checking CPU usage for app replicas...
Checking CPU usage for app replicas...
Checking CPU usage for app replicas...
Checking CPU usage for app replicas...
Checking CPU usage for app replicas...
Container ID: f20445900364 | CPU Usage: 0.20%
Container ID: f20445900364 | CPU Usage: 0.20%
Container ID: f20445900364 | CPU Usage: 0.20%
Container ID: f20445900364 | CPU Usage: 0.20%
Container ID: f20445900364 | CPU Usage: 0.20%
Container ID: f20445900364 | CPU Usage: 0.20%
Container ID: f20445900364 | CPU Usage: 0.20%
Container ID: f20445900364 | CPU Usage: 0.20%
Container ID: f20445900364 | CPU Usage: 0.20%
Checking CPU usage for app replicas...
Checking CPU usage for app replicas...
Checking CPU usage for app replicas...
Container ID: f20445900364 | CPU Usage: 0.27%
Container ID: f20445900364 | CPU Usage: 0.27%
Container ID: f20445900364 | CPU Usage: 0.13%
Checking CPU usage for app replicas...
Checking CPU usage for app replicas...
Checking CPU usage for app replicas...
Container ID: f20445900364 | CPU Usage: 0.19%
Checking CPU usage for app replicas...
Container ID: f20445900364 | CPU Usage: 0.15%
Container ID: f20445900364 | CPU Usage: 0.15%
Container ID: f20445900364 | CPU Usage: 0.15%
Checking CPU usage for app replicas...
Checking CPU usage for app replicas...
Checking CPU usage for app replicas...
Checking CPU usage for app replicas...
Checking CPU usage for app replicas...
Checking CPU usage for app replicas...
Checking CPU usage for app replicas...
Checking CPU usage for app replicas...
Checking CPU usage for app replicas...
Container ID: f20445900364 | CPU Usage: 0.18%
Container ID: f20445900364 | CPU Usage: 0.18%
Container ID: f20445900364 | CPU Usage: 0.18%
Container ID: f20445900364 | CPU Usage: 0.18%
Container ID: f20445900364 | CPU Usage: 0.18%
Container ID: f20445900364 | CPU Usage: 0.18%
Container ID: f20445900364 | CPU Usage: 0.18%
Container ID: f20445900364 | CPU Usage: 0.18%
Container ID: f20445900364 | CPU Usage: 0.18%
Checking CPU usage for app replicas...
Checking CPU usage for app replicas...
Checking CPU usage for app replicas...
Container ID: f20445900364 | CPU Usage: 0.20%
Container ID: f20445900364 | CPU Usage: 0.20%
Container ID: f20445900364 | CPU Usage: 0.18%
Checking CPU usage for app replicas...
Container ID: f20445900364 | CPU Usage: 0.17%
Checking CPU usage for app replicas...
Checking CPU usage for app replicas...
Checking CPU usage for app replicas...
Container ID: f20445900364 | CPU Usage: 0.21%
Container ID: f20445900364 | CPU Usage: 0.21%
Container ID: f20445900364 | CPU Usage: 0.12%
Checking CPU usage for app replicas...
Checking CPU usage for app replicas...
Checking CPU usage for app replicas...
Checking CPU usage for app replicas...
Checking CPU usage for app replicas...
Checking CPU usage for app replicas...
Checking CPU usage for app replicas...
Checking CPU usage for app replicas...
Checking CPU usage for app replicas...
Container ID: f20445900364 | CPU Usage: 0.26%
Container ID: f20445900364 | CPU Usage: 0.19%
Container ID: f20445900364 | CPU Usage: 0.19%
Container ID: f20445900364 | CPU Usage: 0.19%
Container ID: f20445900364 | CPU Usage: 0.19%
Container ID: f20445900364 | CPU Usage: 0.19%
Container ID: f20445900364 | CPU Usage: 0.19%
Container ID: f20445900364 | CPU Usage: 0.19%
Container ID: f20445900364 | CPU Usage: 0.19%
Checking CPU usage for app replicas...
Checking CPU usage for app replicas...
Checking CPU usage for app replicas...
Container ID: f20445900364 | CPU Usage: 0.17%
Container ID: f20445900364 | CPU Usage: 0.17%
Container ID: f20445900364 | CPU Usage: 0.18%
Checking CPU usage for app replicas...
Container ID: f20445900364 | CPU Usage: 0.14%
Checking CPU usage for app replicas...
Checking CPU usage for app replicas...
Checking CPU usage for app replicas...
Container ID: f20445900364 | CPU Usage: 0.17%
Container ID: f20445900364 | CPU Usage: 0.17%
Container ID: f20445900364 | CPU Usage: 0.18%
Checking CPU usage for app replicas...
Checking CPU usage for app replicas...
Checking CPU usage for app replicas...
Checking CPU usage for app replicas...
Checking CPU usage for app replicas...
Checking CPU usage for app replicas...
Checking CPU usage for app replicas...
Checking CPU usage for app replicas...
Checking CPU usage for app replicas...
Container ID: f20445900364 | CPU Usage: 0.18%
Container ID: f20445900364 | CPU Usage: 0.25%
Container ID: f20445900364 | CPU Usage: 0.16%
Container ID: f20445900364 | CPU Usage: 0.16%
Container ID: f20445900364 | CPU Usage: 0.16%
Container ID: f20445900364 | CPU Usage: 0.16%
Container ID: f20445900364 | CPU Usage: 0.16%
Container ID: f20445900364 | CPU Usage: 0.16%
Container ID: f20445900364 | CPU Usage: 0.16%
Checking CPU usage for app replicas...
Checking CPU usage for app replicas...
Checking CPU usage for app replicas...
Container ID: f20445900364 | CPU Usage: 0.14%
Container ID: f20445900364 | CPU Usage: 0.14%
Container ID: f20445900364 | CPU Usage: 0.14%
Checking CPU usage for app replicas...
Container ID: f20445900364 | CPU Usage: 0.13%
Checking CPU usage for app replicas...
Checking CPU usage for app replicas...
Checking CPU usage for app replicas...
Container ID: f20445900364 | CPU Usage: 0.26%
Container ID: f20445900364 | CPU Usage: 0.26%
Container ID: f20445900364 | CPU Usage: 1.85%
Checking CPU usage for app replicas...
Checking CPU usage for app replicas...
Checking CPU usage for app replicas...
Checking CPU usage for app replicas...
Checking CPU usage for app replicas...
Checking CPU usage for app replicas...
Checking CPU usage for app replicas...
Checking CPU usage for app replicas...
Checking CPU usage for app replicas...
Container ID: f20445900364 | CPU Usage: 0.16%
Container ID: f20445900364 | CPU Usage: 0.12%
Container ID: f20445900364 | CPU Usage: 0.19%
Container ID: f20445900364 | CPU Usage: 0.19%
Container ID: f20445900364 | CPU Usage: 0.19%
Container ID: f20445900364 | CPU Usage: 0.19%
Container ID: f20445900364 | CPU Usage: 0.19%
Container ID: f20445900364 | CPU Usage: 0.19%
Container ID: f20445900364 | CPU Usage: 0.19%
Checking CPU usage for app replicas...
Checking CPU usage for app replicas...
Checking CPU usage for app replicas...
Container ID: f20445900364 | CPU Usage: 0.15%
Container ID: f20445900364 | CPU Usage: 0.15%
Container ID: f20445900364 | CPU Usage: 0.18%
Checking CPU usage for app replicas...
Container ID: f20445900364 | CPU Usage: 0.33%
Checking CPU usage for app replicas...
Checking CPU usage for app replicas...
Checking CPU usage for app replicas...
Container ID: f20445900364 | CPU Usage: 0.39%
Container ID: f20445900364 | CPU Usage: 0.39%
Container ID: f20445900364 | CPU Usage: 0.14%
Checking CPU usage for app replicas...
Checking CPU usage for app replicas...
Checking CPU usage for app replicas...
Checking CPU usage for app replicas...
Checking CPU usage for app replicas...
Checking CPU usage for app replicas...
Checking CPU usage for app replicas...
Checking CPU usage for app replicas...
Checking CPU usage for app replicas...
Container ID: f20445900364 | CPU Usage: 0.14%
Container ID: f20445900364 | CPU Usage: 0.22%
Container ID: f20445900364 | CPU Usage: 0.19%
Container ID: f20445900364 | CPU Usage: 0.19%
Container ID: f20445900364 | CPU Usage: 0.19%
Container ID: f20445900364 | CPU Usage: 0.15%
Container ID: f20445900364 | CPU Usage: 0.15%
Container ID: f20445900364 | CPU Usage: 0.15%
Container ID: f20445900364 | CPU Usage: 0.15%
Checking CPU usage for app replicas...
Checking CPU usage for app replicas...
Checking CPU usage for app replicas...
Container ID: f20445900364 | CPU Usage: 0.13%
Container ID: f20445900364 | CPU Usage: 0.13%
Container ID: f20445900364 | CPU Usage: 0.17%
Checking CPU usage for app replicas...
Container ID: f20445900364 | CPU Usage: 0.14%
Checking CPU usage for app replicas...
Checking CPU usage for app replicas...
Checking CPU usage for app replicas...
Container ID: f20445900364 | CPU Usage: 0.15%
Container ID: f20445900364 | CPU Usage: 0.15%
Container ID: f20445900364 | CPU Usage: 0.21%
Checking CPU usage for app replicas...
Checking CPU usage for app replicas...
Container ID: f20445900364 | CPU Usage: 0.11%
Checking CPU usage for app replicas...
Checking CPU usage for app replicas...
Container ID: f20445900364 | CPU Usage: 0.16%
Checking CPU usage for app replicas...
Checking CPU usage for app replicas...
Checking CPU usage for app replicas...
Checking CPU usage for app replicas...
Checking CPU usage for app replicas...
Container ID: f20445900364 | CPU Usage: 0.14%
Container ID: f20445900364 | CPU Usage: 0.14%
Container ID: f20445900364 | CPU Usage: 0.14%
Container ID: f20445900364 | CPU Usage: 0.84%
Container ID: f20445900364 | CPU Usage: 0.84%
Container ID: f20445900364 | CPU Usage: 0.12%
Container ID: f20445900364 | CPU Usage: 0.12%
Checking CPU usage for app replicas...
Checking CPU usage for app replicas...
Checking CPU usage for app replicas...
Container ID: f20445900364 | CPU Usage: 0.15%
Container ID: f20445900364 | CPU Usage: 0.17%
Container ID: f20445900364 | CPU Usage: 0.62%
Checking CPU usage for app replicas...
Container ID: f20445900364 | CPU Usage: 0.13%
Checking CPU usage for app replicas...
Checking CPU usage for app replicas...
Checking CPU usage for app replicas...
Container ID: f20445900364 | CPU Usage: 0.15%
Container ID: f20445900364 | CPU Usage: 0.15%
Container ID: f20445900364 | CPU Usage: 0.12%
Checking CPU usage for app replicas...
Checking CPU usage for app replicas...
Container ID: f20445900364 | CPU Usage: 0.48%
Checking CPU usage for app replicas...
Checking CPU usage for app replicas...
Checking CPU usage for app replicas...
Container ID: f20445900364 | CPU Usage: 0.15%
Checking CPU usage for app replicas...
Checking CPU usage for app replicas...
Checking CPU usage for app replicas...
Checking CPU usage for app replicas...
Container ID: f20445900364 | CPU Usage: 0.12%
Container ID: f20445900364 | CPU Usage: 0.12%
Container ID: f20445900364 | CPU Usage: 0.12%
Container ID: f20445900364 | CPU Usage: 0.12%
Container ID: f20445900364 | CPU Usage: 0.12%
Container ID: f20445900364 | CPU Usage: 0.13%
Container ID: f20445900364 | CPU Usage: 0.13%
Checking CPU usage for app replicas...
Checking CPU usage for app replicas...
Checking CPU usage for app replicas...
Container ID: f20445900364 | CPU Usage: 0.20%
Container ID: f20445900364 | CPU Usage: 0.19%
Container ID: f20445900364 | CPU Usage: 0.16%
Checking CPU usage for app replicas...
Container ID: f20445900364 | CPU Usage: 0.11%
Checking CPU usage for app replicas...
Checking CPU usage for app replicas...
Checking CPU usage for app replicas...
Container ID: f20445900364 | CPU Usage: 0.17%
Container ID: f20445900364 | CPU Usage: 0.17%
Container ID: f20445900364 | CPU Usage: 0.16%
Checking CPU usage for app replicas...
Checking CPU usage for app replicas...
Container ID: f20445900364 | CPU Usage: 0.16%
Checking CPU usage for app replicas...
Checking CPU usage for app replicas...
Checking CPU usage for app replicas...
Container ID: f20445900364 | CPU Usage: 0.13%
Checking CPU usage for app replicas...
Checking CPU usage for app replicas...
Checking CPU usage for app replicas...
Checking CPU usage for app replicas...
Container ID: f20445900364 | CPU Usage: 0.17%
Container ID: f20445900364 | CPU Usage: 0.17%
Container ID: f20445900364 | CPU Usage: 0.17%
Container ID: f20445900364 | CPU Usage: 20.30%
Container ID: f20445900364 | CPU Usage: 20.30%
Container ID: f20445900364 | CPU Usage: 0.15%
Container ID: f20445900364 | CPU Usage: 0.15%
Checking CPU usage for app replicas...
Checking CPU usage for app replicas...
Checking CPU usage for app replicas...
Container ID: f20445900364 | CPU Usage: 0.13%
Container ID: f20445900364 | CPU Usage: 0.12%
Container ID: f20445900364 | CPU Usage: 0.12%
Checking CPU usage for app replicas...
Container ID: f20445900364 | CPU Usage: 0.12%
Checking CPU usage for app replicas...
Checking CPU usage for app replicas...
Checking CPU usage for app replicas...
Container ID: f20445900364 | CPU Usage: 0.24%
Container ID: f20445900364 | CPU Usage: 0.24%
Container ID: f20445900364 | CPU Usage: 0.12%
Checking CPU usage for app replicas...
Checking CPU usage for app replicas...
Container ID: f20445900364 | CPU Usage: 0.11%
Checking CPU usage for app replicas...
Container ID: f20445900364 | CPU Usage: 0.12%
Checking CPU usage for app replicas...
Checking CPU usage for app replicas...
Checking CPU usage for app replicas...
Checking CPU usage for app replicas...
Checking CPU usage for app replicas...
Checking CPU usage for app replicas...
Container ID: f20445900364 | CPU Usage: 0.13%
Container ID: f20445900364 | CPU Usage: 0.13%
Container ID: f20445900364 | CPU Usage: 0.13%
Container ID: f20445900364 | CPU Usage: 0.15%
Container ID: f20445900364 | CPU Usage: 0.15%
Container ID: f20445900364 | CPU Usage: 0.49%
Container ID: f20445900364 | CPU Usage: 0.49%
Checking CPU usage for app replicas...
Checking CPU usage for app replicas...
Checking CPU usage for app replicas...
Container ID: f20445900364 | CPU Usage: 0.12%
Container ID: f20445900364 | CPU Usage: 0.12%
Container ID: f20445900364 | CPU Usage: 0.14%
Checking CPU usage for app replicas...
Container ID: f20445900364 | CPU Usage: 0.14%
Checking CPU usage for app replicas...
Checking CPU usage for app replicas...
Checking CPU usage for app replicas...
Container ID: f20445900364 | CPU Usage: 0.15%
Container ID: f20445900364 | CPU Usage: 0.15%
Container ID: f20445900364 | CPU Usage: 0.13%
Checking CPU usage for app replicas...
Checking CPU usage for app replicas...
Container ID: f20445900364 | CPU Usage: 0.13%
Container ID: f20445900364 | CPU Usage: 0.15%
Checking CPU usage for app replicas...
Checking CPU usage for app replicas...
Checking CPU usage for app replicas...
Checking CPU usage for app replicas...
Checking CPU usage for app replicas...
Checking CPU usage for app replicas...
Checking CPU usage for app replicas...
Container ID: f20445900364 | CPU Usage: 0.12%
Container ID: f20445900364 | CPU Usage: 0.12%
Container ID: f20445900364 | CPU Usage: 0.12%
Container ID: f20445900364 | CPU Usage: 0.12%
Container ID: f20445900364 | CPU Usage: 0.12%
Container ID: f20445900364 | CPU Usage: 0.15%
Container ID: f20445900364 | CPU Usage: 0.15%
Checking CPU usage for app replicas...
Checking CPU usage for app replicas...
Checking CPU usage for app replicas...
Container ID: f20445900364 | CPU Usage: 0.12%
Container ID: f20445900364 | CPU Usage: 0.15%
Container ID: f20445900364 | CPU Usage: 0.14%
Checking CPU usage for app replicas...
Container ID: f20445900364 | CPU Usage: 0.13%
Checking CPU usage for app replicas...
Checking CPU usage for app replicas...
Checking CPU usage for app replicas...
Container ID: f20445900364 | CPU Usage: 0.14%
Container ID: f20445900364 | CPU Usage: 0.14%
Container ID: f20445900364 | CPU Usage: 0.12%
Checking CPU usage for app replicas...
Checking CPU usage for app replicas...
Container ID: f20445900364 | CPU Usage: 0.12%
Checking CPU usage for app replicas...
Checking CPU usage for app replicas...
Checking CPU usage for app replicas...
Container ID: f20445900364 | CPU Usage: 0.14%
Checking CPU usage for app replicas...
Checking CPU usage for app replicas...
Checking CPU usage for app replicas...
Checking CPU usage for app replicas...
Container ID: f20445900364 | CPU Usage: 0.12%
Container ID: f20445900364 | CPU Usage: 0.12%
Container ID: f20445900364 | CPU Usage: 0.12%
Container ID: f20445900364 | CPU Usage: 0.12%
Container ID: f20445900364 | CPU Usage: 0.12%
Container ID: f20445900364 | CPU Usage: 0.12%
Container ID: f20445900364 | CPU Usage: 0.12%
Checking CPU usage for app replicas...
Checking CPU usage for app replicas...
Checking CPU usage for app replicas...
Container ID: f20445900364 | CPU Usage: 0.16%
Container ID: f20445900364 | CPU Usage: 0.17%
Container ID: f20445900364 | CPU Usage: 0.12%
Checking CPU usage for app replicas...
Container ID: f20445900364 | CPU Usage: 0.11%
Checking CPU usage for app replicas...
Checking CPU usage for app replicas...
Checking CPU usage for app replicas...
Container ID: f20445900364 | CPU Usage: 0.14%
Container ID: f20445900364 | CPU Usage: 0.14%
Container ID: f20445900364 | CPU Usage: 0.12%
Checking CPU usage for app replicas...
Checking CPU usage for app replicas...
Container ID: f20445900364 | CPU Usage: 0.13%
Checking CPU usage for app replicas...
Checking CPU usage for app replicas...
Checking CPU usage for app replicas...
Container ID: f20445900364 | CPU Usage: 0.19%
Checking CPU usage for app replicas...
Checking CPU usage for app replicas...
Checking CPU usage for app replicas...
Checking CPU usage for app replicas...
Container ID: f20445900364 | CPU Usage: 0.18%
Container ID: f20445900364 | CPU Usage: 0.18%
Container ID: f20445900364 | CPU Usage: 0.18%
Container ID: f20445900364 | CPU Usage: 0.21%
Container ID: f20445900364 | CPU Usage: 0.21%
Container ID: f20445900364 | CPU Usage: 0.27%
Container ID: f20445900364 | CPU Usage: 0.27%
Checking CPU usage for app replicas...
Checking CPU usage for app replicas...
Checking CPU usage for app replicas...
Container ID: f20445900364 | CPU Usage: 0.12%
Container ID: f20445900364 | CPU Usage: 0.14%
Container ID: f20445900364 | CPU Usage: 0.14%
Checking CPU usage for app replicas...
Container ID: f20445900364 | CPU Usage: 0.15%
Checking CPU usage for app replicas...
Checking CPU usage for app replicas...
Checking CPU usage for app replicas...
Container ID: f20445900364 | CPU Usage: 0.18%
Container ID: f20445900364 | CPU Usage: 0.18%
Container ID: f20445900364 | CPU Usage: 0.13%
Checking CPU usage for app replicas...
Checking CPU usage for app replicas...
Container ID: f20445900364 | CPU Usage: 0.14%
Checking CPU usage for app replicas...
Checking CPU usage for app replicas...
Checking CPU usage for app replicas...
Container ID: f20445900364 | CPU Usage: 0.14%
Checking CPU usage for app replicas...
Checking CPU usage for app replicas...
Checking CPU usage for app replicas...
Checking CPU usage for app replicas...
Container ID: f20445900364 | CPU Usage: 0.12%
Container ID: f20445900364 | CPU Usage: 0.12%
Container ID: f20445900364 | CPU Usage: 0.12%
Container ID: f20445900364 | CPU Usage: 0.13%
Container ID: f20445900364 | CPU Usage: 0.13%
Container ID: f20445900364 | CPU Usage: 0.17%
Container ID: f20445900364 | CPU Usage: 0.17%
Checking CPU usage for app replicas...
Checking CPU usage for app replicas...
Checking CPU usage for app replicas...
Container ID: f20445900364 | CPU Usage: 0.74%
Container ID: f20445900364 | CPU Usage: 0.18%
Container ID: f20445900364 | CPU Usage: 0.12%
Checking CPU usage for app replicas...
Container ID: f20445900364 | CPU Usage: 0.13%
Checking CPU usage for app replicas...
Checking CPU usage for app replicas...
Checking CPU usage for app replicas...
Container ID: f20445900364 | CPU Usage: 0.18%
Container ID: f20445900364 | CPU Usage: 0.18%
Container ID: f20445900364 | CPU Usage: 0.13%
Checking CPU usage for app replicas...
Checking CPU usage for app replicas...
Container ID: f20445900364 | CPU Usage: 0.14%
Checking CPU usage for app replicas...
Checking CPU usage for app replicas...
Checking CPU usage for app replicas...
Container ID: f20445900364 | CPU Usage: 0.14%
Checking CPU usage for app replicas...
Checking CPU usage for app replicas...
Checking CPU usage for app replicas...
Checking CPU usage for app replicas...
Container ID: f20445900364 | CPU Usage: 1.63%
Container ID: f20445900364 | CPU Usage: 1.63%
Container ID: f20445900364 | CPU Usage: 1.63%
Container ID: f20445900364 | CPU Usage: 0.15%
Container ID: f20445900364 | CPU Usage: 0.15%
Container ID: f20445900364 | CPU Usage: 0.11%
Container ID: f20445900364 | CPU Usage: 0.11%
Checking CPU usage for app replicas...
Checking CPU usage for app replicas...
Checking CPU usage for app replicas...
Container ID: f20445900364 | CPU Usage: 0.12%
Container ID: f20445900364 | CPU Usage: 0.13%
Container ID: f20445900364 | CPU Usage: 0.18%
Checking CPU usage for app replicas...
Container ID: f20445900364 | CPU Usage: 0.14%
Checking CPU usage for app replicas...
Checking CPU usage for app replicas...
Checking CPU usage for app replicas...
Container ID: f20445900364 | CPU Usage: 0.10%
Container ID: f20445900364 | CPU Usage: 0.10%
Container ID: f20445900364 | CPU Usage: 0.12%
Checking CPU usage for app replicas...
Checking CPU usage for app replicas...
Container ID: f20445900364 | CPU Usage: 0.10%
Checking CPU usage for app replicas...
Checking CPU usage for app replicas...
Checking CPU usage for app replicas...
Container ID: f20445900364 | CPU Usage: 0.14%
Checking CPU usage for app replicas...
Checking CPU usage for app replicas...
Checking CPU usage for app replicas...
Checking CPU usage for app replicas...
Container ID: f20445900364 | CPU Usage: 0.12%
Container ID: f20445900364 | CPU Usage: 0.12%
Container ID: f20445900364 | CPU Usage: 0.12%
Container ID: f20445900364 | CPU Usage: 0.14%
Container ID: f20445900364 | CPU Usage: 0.14%
Container ID: f20445900364 | CPU Usage: 0.13%
Container ID: f20445900364 | CPU Usage: 0.13%
Checking CPU usage for app replicas...
Checking CPU usage for app replicas...
Checking CPU usage for app replicas...
Container ID: f20445900364 | CPU Usage: 0.16%
Container ID: f20445900364 | CPU Usage: 0.14%
Container ID: f20445900364 | CPU Usage: 1.21%
Checking CPU usage for app replicas...
Container ID: f20445900364 | CPU Usage: 0.11%
Checking CPU usage for app replicas...
Checking CPU usage for app replicas...
Checking CPU usage for app replicas...
Container ID: f20445900364 | CPU Usage: 0.11%
Container ID: f20445900364 | CPU Usage: 0.11%
Container ID: f20445900364 | CPU Usage: 0.11%
Checking CPU usage for app replicas...
Checking CPU usage for app replicas...
Container ID: f20445900364 | CPU Usage: 0.18%
Checking CPU usage for app replicas...
Checking CPU usage for app replicas...
Checking CPU usage for app replicas...
Container ID: f20445900364 | CPU Usage: 0.11%
Checking CPU usage for app replicas...
Checking CPU usage for app replicas...
Checking CPU usage for app replicas...
Checking CPU usage for app replicas...
Container ID: f20445900364 | CPU Usage: 0.13%
Container ID: f20445900364 | CPU Usage: 0.13%
Container ID: f20445900364 | CPU Usage: 0.13%
Container ID: f20445900364 | CPU Usage: 0.14%
Container ID: f20445900364 | CPU Usage: 0.14%
Container ID: f20445900364 | CPU Usage: 0.11%
Container ID: f20445900364 | CPU Usage: 0.11%
Checking CPU usage for app replicas...
Checking CPU usage for app replicas...
Checking CPU usage for app replicas...
Container ID: f20445900364 | CPU Usage: 0.25%
Container ID: f20445900364 | CPU Usage: 0.13%
Container ID: f20445900364 | CPU Usage: 0.10%
Checking CPU usage for app replicas...
Container ID: f20445900364 | CPU Usage: 0.12%
Checking CPU usage for app replicas...
Checking CPU usage for app replicas...
Checking CPU usage for app replicas...
Container ID: f20445900364 | CPU Usage: 0.10%
Container ID: f20445900364 | CPU Usage: 0.10%
Container ID: f20445900364 | CPU Usage: 0.22%
Checking CPU usage for app replicas...
Checking CPU usage for app replicas...
Container ID: f20445900364 | CPU Usage: 0.13%
Checking CPU usage for app replicas...
Checking CPU usage for app replicas...
Checking CPU usage for app replicas...
Container ID: f20445900364 | CPU Usage: 0.11%
Checking CPU usage for app replicas...
Checking CPU usage for app replicas...
Checking CPU usage for app replicas...
Checking CPU usage for app replicas...
Container ID: f20445900364 | CPU Usage: 0.11%
Container ID: f20445900364 | CPU Usage: 0.11%
Container ID: f20445900364 | CPU Usage: 0.11%
Container ID: f20445900364 | CPU Usage: 0.12%
Container ID: f20445900364 | CPU Usage: 0.12%
Container ID: f20445900364 | CPU Usage: 0.13%
Container ID: f20445900364 | CPU Usage: 0.13%
Checking CPU usage for app replicas...
Checking CPU usage for app replicas...
Checking CPU usage for app replicas...
Container ID: f20445900364 | CPU Usage: 0.13%
Container ID: f20445900364 | CPU Usage: 0.15%
Container ID: f20445900364 | CPU Usage: 0.11%
Checking CPU usage for app replicas...
Container ID: f20445900364 | CPU Usage: 0.13%
Checking CPU usage for app replicas...
Checking CPU usage for app replicas...
Checking CPU usage for app replicas...
Container ID: f20445900364 | CPU Usage: 0.12%
Container ID: f20445900364 | CPU Usage: 0.12%
Container ID: f20445900364 | CPU Usage: 0.12%
Checking CPU usage for app replicas...
Checking CPU usage for app replicas...
Container ID: f20445900364 | CPU Usage: 0.13%
Checking CPU usage for app replicas...
Checking CPU usage for app replicas...
Checking CPU usage for app replicas...
Container ID: f20445900364 | CPU Usage: 0.14%
Checking CPU usage for app replicas...
Checking CPU usage for app replicas...
Checking CPU usage for app replicas...
Checking CPU usage for app replicas...
Container ID: f20445900364 | CPU Usage: 0.12%
Container ID: f20445900364 | CPU Usage: 0.12%
Container ID: f20445900364 | CPU Usage: 0.12%
Container ID: f20445900364 | CPU Usage: 0.11%
Container ID: f20445900364 | CPU Usage: 0.11%
Container ID: f20445900364 | CPU Usage: 0.17%
Container ID: f20445900364 | CPU Usage: 0.17%
Checking CPU usage for app replicas...
Checking CPU usage for app replicas...
Checking CPU usage for app replicas...
Container ID: f20445900364 | CPU Usage: 0.12%
Container ID: f20445900364 | CPU Usage: 0.11%
Container ID: f20445900364 | CPU Usage: 0.11%
Checking CPU usage for app replicas...
Container ID: f20445900364 | CPU Usage: 0.15%
Checking CPU usage for app replicas...
Checking CPU usage for app replicas...
Checking CPU usage for app replicas...
Container ID: f20445900364 | CPU Usage: 0.14%
Container ID: f20445900364 | CPU Usage: 0.14%
Container ID: f20445900364 | CPU Usage: 0.11%
Checking CPU usage for app replicas...
Checking CPU usage for app replicas...
Container ID: f20445900364 | CPU Usage: 0.13%
Checking CPU usage for app replicas...
Checking CPU usage for app replicas...
Checking CPU usage for app replicas...
Container ID: f20445900364 | CPU Usage: 0.11%
Checking CPU usage for app replicas...
Checking CPU usage for app replicas...
Checking CPU usage for app replicas...
Checking CPU usage for app replicas...
Container ID: f20445900364 | CPU Usage: 0.16%
Container ID: f20445900364 | CPU Usage: 0.16%
Container ID: f20445900364 | CPU Usage: 0.16%
Container ID: f20445900364 | CPU Usage: 0.14%
Container ID: f20445900364 | CPU Usage: 0.14%
Container ID: f20445900364 | CPU Usage: 0.15%
Container ID: f20445900364 | CPU Usage: 0.15%
Checking CPU usage for app replicas...
Checking CPU usage for app replicas...
Checking CPU usage for app replicas...
Container ID: f20445900364 | CPU Usage: 0.12%
Container ID: f20445900364 | CPU Usage: 0.11%
Container ID: f20445900364 | CPU Usage: 0.13%
Checking CPU usage for app replicas...
Container ID: f20445900364 | CPU Usage: 0.88%
Checking CPU usage for app replicas...
Checking CPU usage for app replicas...
Checking CPU usage for app replicas...
Container ID: f20445900364 | CPU Usage: 0.12%
Container ID: f20445900364 | CPU Usage: 0.12%
Container ID: f20445900364 | CPU Usage: 0.14%
Checking CPU usage for app replicas...
Checking CPU usage for app replicas...
Container ID: f20445900364 | CPU Usage: 0.13%
Checking CPU usage for app replicas...
Checking CPU usage for app replicas...
Checking CPU usage for app replicas...
Container ID: f20445900364 | CPU Usage: 0.15%
Checking CPU usage for app replicas...
Checking CPU usage for app replicas...
Checking CPU usage for app replicas...
Checking CPU usage for app replicas...
Container ID: f20445900364 | CPU Usage: 0.11%
Container ID: f20445900364 | CPU Usage: 0.11%
Container ID: f20445900364 | CPU Usage: 0.11%
Container ID: f20445900364 | CPU Usage: 0.12%
Container ID: f20445900364 | CPU Usage: 0.12%
Container ID: f20445900364 | CPU Usage: 0.13%
Container ID: f20445900364 | CPU Usage: 0.13%
Checking CPU usage for app replicas...
Checking CPU usage for app replicas...
Checking CPU usage for app replicas...
Container ID: f20445900364 | CPU Usage: 0.10%
Container ID: f20445900364 | CPU Usage: 0.16%
Container ID: f20445900364 | CPU Usage: 0.18%
Checking CPU usage for app replicas...
Container ID: f20445900364 | CPU Usage: 0.15%
Checking CPU usage for app replicas...
Checking CPU usage for app replicas...
Checking CPU usage for app replicas...
Container ID: f20445900364 | CPU Usage: 0.11%
Container ID: f20445900364 | CPU Usage: 0.11%
Container ID: f20445900364 | CPU Usage: 0.14%
Checking CPU usage for app replicas...
Checking CPU usage for app replicas...
Container ID: f20445900364 | CPU Usage: 0.17%
Checking CPU usage for app replicas...
Checking CPU usage for app replicas...
Checking CPU usage for app replicas...
Container ID: f20445900364 | CPU Usage: 0.11%
Checking CPU usage for app replicas...
Checking CPU usage for app replicas...
Checking CPU usage for app replicas...
Checking CPU usage for app replicas...
Container ID: f20445900364 | CPU Usage: 0.14%
Container ID: f20445900364 | CPU Usage: 0.14%
Container ID: f20445900364 | CPU Usage: 0.14%
Container ID: f20445900364 | CPU Usage: 0.12%
Container ID: f20445900364 | CPU Usage: 0.12%
Container ID: f20445900364 | CPU Usage: 0.12%
Container ID: f20445900364 | CPU Usage: 0.12%
Checking CPU usage for app replicas...
Checking CPU usage for app replicas...
Checking CPU usage for app replicas...
Container ID: f20445900364 | CPU Usage: 0.15%
Container ID: f20445900364 | CPU Usage: 0.13%
Container ID: f20445900364 | CPU Usage: 0.12%
Checking CPU usage for app replicas...
Container ID: f20445900364 | CPU Usage: 0.13%
Checking CPU usage for app replicas...
Checking CPU usage for app replicas...
Checking CPU usage for app replicas...
Container ID: f20445900364 | CPU Usage: 0.18%
Container ID: f20445900364 | CPU Usage: 0.18%
Container ID: f20445900364 | CPU Usage: 0.16%
Checking CPU usage for app replicas...
Checking CPU usage for app replicas...
Container ID: f20445900364 | CPU Usage: 0.11%
Checking CPU usage for app replicas...
Checking CPU usage for app replicas...
Checking CPU usage for app replicas...
Container ID: f20445900364 | CPU Usage: 0.13%
Checking CPU usage for app replicas...
Checking CPU usage for app replicas...
Checking CPU usage for app replicas...
Checking CPU usage for app replicas...
Container ID: f20445900364 | CPU Usage: 0.12%
Container ID: f20445900364 | CPU Usage: 0.12%
Container ID: f20445900364 | CPU Usage: 0.12%
Container ID: f20445900364 | CPU Usage: 0.13%
Container ID: f20445900364 | CPU Usage: 0.13%
Container ID: f20445900364 | CPU Usage: 0.14%
Container ID: f20445900364 | CPU Usage: 0.14%
Checking CPU usage for app replicas...
Checking CPU usage for app replicas...
Checking CPU usage for app replicas...
Container ID: f20445900364 | CPU Usage: 0.12%
Container ID: f20445900364 | CPU Usage: 0.12%
Container ID: f20445900364 | CPU Usage: 0.13%
Checking CPU usage for app replicas...
Container ID: f20445900364 | CPU Usage: 0.13%
Checking CPU usage for app replicas...
Checking CPU usage for app replicas...
Checking CPU usage for app replicas...
Container ID: f20445900364 | CPU Usage: 0.15%
Container ID: f20445900364 | CPU Usage: 0.15%
Container ID: f20445900364 | CPU Usage: 0.13%
Checking CPU usage for app replicas...
Checking CPU usage for app replicas...
Container ID: f20445900364 | CPU Usage: 0.11%
Checking CPU usage for app replicas...
Checking CPU usage for app replicas...
Checking CPU usage for app replicas...
Container ID: f20445900364 | CPU Usage: 0.11%
Checking CPU usage for app replicas...
Checking CPU usage for app replicas...
Checking CPU usage for app replicas...
Checking CPU usage for app replicas...
Container ID: f20445900364 | CPU Usage: 0.11%
Container ID: f20445900364 | CPU Usage: 0.11%
Container ID: f20445900364 | CPU Usage: 0.11%
Container ID: f20445900364 | CPU Usage: 0.22%
Container ID: f20445900364 | CPU Usage: 0.22%
Container ID: f20445900364 | CPU Usage: 0.11%
Container ID: f20445900364 | CPU Usage: 0.11%
Checking CPU usage for app replicas...
Checking CPU usage for app replicas...
Checking CPU usage for app replicas...
Container ID: f20445900364 | CPU Usage: 0.14%
Container ID: f20445900364 | CPU Usage: 0.16%
Container ID: f20445900364 | CPU Usage: 0.11%
Checking CPU usage for app replicas...
Container ID: f20445900364 | CPU Usage: 0.17%
Checking CPU usage for app replicas...
Checking CPU usage for app replicas...
Checking CPU usage for app replicas...
Container ID: f20445900364 | CPU Usage: 0.13%
Container ID: f20445900364 | CPU Usage: 0.13%
Container ID: f20445900364 | CPU Usage: 0.17%
Checking CPU usage for app replicas...
Checking CPU usage for app replicas...
Container ID: f20445900364 | CPU Usage: 0.11%
Checking CPU usage for app replicas...
Checking CPU usage for app replicas...
Checking CPU usage for app replicas...
Container ID: f20445900364 | CPU Usage: 0.11%
Checking CPU usage for app replicas...
Checking CPU usage for app replicas...
Checking CPU usage for app replicas...
Checking CPU usage for app replicas...
Container ID: f20445900364 | CPU Usage: 0.55%
Container ID: f20445900364 | CPU Usage: 0.55%
Container ID: f20445900364 | CPU Usage: 0.55%
Container ID: f20445900364 | CPU Usage: 0.12%
Container ID: f20445900364 | CPU Usage: 0.12%
Container ID: f20445900364 | CPU Usage: 0.12%
Container ID: f20445900364 | CPU Usage: 0.12%
Checking CPU usage for app replicas...
Checking CPU usage for app replicas...
Checking CPU usage for app replicas...
Container ID: f20445900364 | CPU Usage: 0.13%
Container ID: f20445900364 | CPU Usage: 0.11%
Container ID: f20445900364 | CPU Usage: 0.13%
Checking CPU usage for app replicas...
Container ID: f20445900364 | CPU Usage: 0.13%
Checking CPU usage for app replicas...
Checking CPU usage for app replicas...
Checking CPU usage for app replicas...
Container ID: f20445900364 | CPU Usage: 0.13%
Container ID: f20445900364 | CPU Usage: 0.13%
Container ID: f20445900364 | CPU Usage: 0.12%
Checking CPU usage for app replicas...
Checking CPU usage for app replicas...
Container ID: f20445900364 | CPU Usage: 0.10%
Checking CPU usage for app replicas...
Checking CPU usage for app replicas...
Checking CPU usage for app replicas...
Container ID: f20445900364 | CPU Usage: 0.18%
Checking CPU usage for app replicas...
Checking CPU usage for app replicas...
Checking CPU usage for app replicas...
Checking CPU usage for app replicas...
Container ID: f20445900364 | CPU Usage: 0.12%
Container ID: f20445900364 | CPU Usage: 0.12%
Container ID: f20445900364 | CPU Usage: 0.12%
Container ID: f20445900364 | CPU Usage: 0.12%
Container ID: f20445900364 | CPU Usage: 0.12%
Container ID: f20445900364 | CPU Usage: 0.12%
Container ID: f20445900364 | CPU Usage: 0.12%
Checking CPU usage for app replicas...
Checking CPU usage for app replicas...
Checking CPU usage for app replicas...
Container ID: f20445900364 | CPU Usage: 0.12%
Container ID: f20445900364 | CPU Usage: 0.16%
Container ID: f20445900364 | CPU Usage: 0.14%
Checking CPU usage for app replicas...
Container ID: f20445900364 | CPU Usage: 0.16%
Checking CPU usage for app replicas...
Checking CPU usage for app replicas...
Checking CPU usage for app replicas...
Container ID: f20445900364 | CPU Usage: 0.13%
Container ID: f20445900364 | CPU Usage: 0.13%
Container ID: f20445900364 | CPU Usage: 0.13%
Checking CPU usage for app replicas...
Checking CPU usage for app replicas...
Container ID: f20445900364 | CPU Usage: 0.13%
Checking CPU usage for app replicas...
Checking CPU usage for app replicas...
Checking CPU usage for app replicas...
Container ID: f20445900364 | CPU Usage: 0.11%
Checking CPU usage for app replicas...
Checking CPU usage for app replicas...
Checking CPU usage for app replicas...
Checking CPU usage for app replicas...
Container ID: f20445900364 | CPU Usage: 0.14%
Container ID: f20445900364 | CPU Usage: 0.14%
Container ID: f20445900364 | CPU Usage: 0.14%
Container ID: f20445900364 | CPU Usage: 0.11%
Container ID: f20445900364 | CPU Usage: 0.11%
Container ID: f20445900364 | CPU Usage: 0.10%
Container ID: f20445900364 | CPU Usage: 0.10%
Checking CPU usage for app replicas...
Checking CPU usage for app replicas...
Checking CPU usage for app replicas...
Container ID: f20445900364 | CPU Usage: 0.11%
Container ID: f20445900364 | CPU Usage: 0.11%
Container ID: f20445900364 | CPU Usage: 0.11%
Checking CPU usage for app replicas...
Container ID: f20445900364 | CPU Usage: 0.14%
Checking CPU usage for app replicas...
Checking CPU usage for app replicas...
Checking CPU usage for app replicas...
Container ID: f20445900364 | CPU Usage: 0.15%
Container ID: f20445900364 | CPU Usage: 0.15%
Container ID: f20445900364 | CPU Usage: 0.12%
Checking CPU usage for app replicas...
Checking CPU usage for app replicas...
Container ID: f20445900364 | CPU Usage: 0.13%
Checking CPU usage for app replicas...
Checking CPU usage for app replicas...
Checking CPU usage for app replicas...
Container ID: f20445900364 | CPU Usage: 0.12%
Checking CPU usage for app replicas...
Checking CPU usage for app replicas...
Checking CPU usage for app replicas...
Checking CPU usage for app replicas...
Container ID: f20445900364 | CPU Usage: 0.22%
Container ID: f20445900364 | CPU Usage: 0.22%
Container ID: f20445900364 | CPU Usage: 0.22%
Container ID: f20445900364 | CPU Usage: 0.13%
Container ID: f20445900364 | CPU Usage: 0.13%
Container ID: f20445900364 | CPU Usage: 0.12%
Container ID: f20445900364 | CPU Usage: 0.12%
Checking CPU usage for app replicas...
Checking CPU usage for app replicas...
Checking CPU usage for app replicas...
Container ID: f20445900364 | CPU Usage: 0.11%
Container ID: f20445900364 | CPU Usage: 0.11%
Container ID: f20445900364 | CPU Usage: 0.12%
Checking CPU usage for app replicas...
Container ID: f20445900364 | CPU Usage: 0.12%
Checking CPU usage for app replicas...
Checking CPU usage for app replicas...
Checking CPU usage for app replicas...
Container ID: f20445900364 | CPU Usage: 0.16%
Container ID: f20445900364 | CPU Usage: 0.30%
Container ID: f20445900364 | CPU Usage: 0.30%
Checking CPU usage for app replicas...
Checking CPU usage for app replicas...
Container ID: f20445900364 | CPU Usage: 0.11%
Checking CPU usage for app replicas...
Checking CPU usage for app replicas...
Checking CPU usage for app replicas...
Container ID: f20445900364 | CPU Usage: 0.12%
Checking CPU usage for app replicas...
Checking CPU usage for app replicas...
Checking CPU usage for app replicas...
Checking CPU usage for app replicas...
Container ID: f20445900364 | CPU Usage: 0.12%
Container ID: f20445900364 | CPU Usage: 0.12%
Container ID: f20445900364 | CPU Usage: 0.12%
Container ID: f20445900364 | CPU Usage: 0.20%
Container ID: f20445900364 | CPU Usage: 0.20%
Container ID: f20445900364 | CPU Usage: 0.16%
Container ID: f20445900364 | CPU Usage: 0.16%
Checking CPU usage for app replicas...
Checking CPU usage for app replicas...
Checking CPU usage for app replicas...
Container ID: f20445900364 | CPU Usage: 0.11%
Container ID: f20445900364 | CPU Usage: 0.11%
Container ID: f20445900364 | CPU Usage: 0.14%
Checking CPU usage for app replicas...
Container ID: f20445900364 | CPU Usage: 0.12%
Checking CPU usage for app replicas...
Checking CPU usage for app replicas...
Checking CPU usage for app replicas...
Container ID: f20445900364 | CPU Usage: 0.19%
Container ID: f20445900364 | CPU Usage: 0.13%
Container ID: f20445900364 | CPU Usage: 0.13%
Checking CPU usage for app replicas...
Checking CPU usage for app replicas...
Container ID: f20445900364 | CPU Usage: 0.17%
Checking CPU usage for app replicas...
Checking CPU usage for app replicas...
Checking CPU usage for app replicas...
Container ID: f20445900364 | CPU Usage: 0.16%
Checking CPU usage for app replicas...
Checking CPU usage for app replicas...
Checking CPU usage for app replicas...
Checking CPU usage for app replicas...
Container ID: f20445900364 | CPU Usage: 0.11%
Container ID: f20445900364 | CPU Usage: 0.11%
Container ID: f20445900364 | CPU Usage: 0.11%
Container ID: f20445900364 | CPU Usage: 0.15%
Container ID: f20445900364 | CPU Usage: 0.15%
Container ID: f20445900364 | CPU Usage: 0.13%
Container ID: f20445900364 | CPU Usage: 0.13%
Checking CPU usage for app replicas...
Checking CPU usage for app replicas...
Checking CPU usage for app replicas...
Container ID: f20445900364 | CPU Usage: 0.16%
Container ID: f20445900364 | CPU Usage: 0.12%
Container ID: f20445900364 | CPU Usage: 0.14%
Checking CPU usage for app replicas...
Container ID: f20445900364 | CPU Usage: 0.12%
Checking CPU usage for app replicas...
Checking CPU usage for app replicas...
Checking CPU usage for app replicas...
Container ID: f20445900364 | CPU Usage: 0.11%
Container ID: f20445900364 | CPU Usage: 0.15%
Container ID: f20445900364 | CPU Usage: 0.15%
Checking CPU usage for app replicas...
Checking CPU usage for app replicas...
Container ID: f20445900364 | CPU Usage: 0.15%
Checking CPU usage for app replicas...
Checking CPU usage for app replicas...
Checking CPU usage for app replicas...
Container ID: f20445900364 | CPU Usage: 0.11%
Checking CPU usage for app replicas...
Checking CPU usage for app replicas...
Checking CPU usage for app replicas...
Checking CPU usage for app replicas...
Container ID: f20445900364 | CPU Usage: 0.13%
Container ID: f20445900364 | CPU Usage: 0.13%
Container ID: f20445900364 | CPU Usage: 0.13%
Container ID: f20445900364 | CPU Usage: 0.14%
Container ID: f20445900364 | CPU Usage: 0.14%
Container ID: f20445900364 | CPU Usage: 0.12%
Container ID: f20445900364 | CPU Usage: 0.12%
Checking CPU usage for app replicas...
Checking CPU usage for app replicas...
Checking CPU usage for app replicas...
Container ID: f20445900364 | CPU Usage: 0.16%
Container ID: f20445900364 | CPU Usage: 0.14%
Container ID: f20445900364 | CPU Usage: 0.12%
Checking CPU usage for app replicas...
Container ID: f20445900364 | CPU Usage: 0.12%
Checking CPU usage for app replicas...
Checking CPU usage for app replicas...
Checking CPU usage for app replicas...
Container ID: f20445900364 | CPU Usage: 0.15%
Container ID: f20445900364 | CPU Usage: 0.15%
Container ID: f20445900364 | CPU Usage: 0.15%
Checking CPU usage for app replicas...
Checking CPU usage for app replicas...
Container ID: f20445900364 | CPU Usage: 0.11%
Checking CPU usage for app replicas...
Checking CPU usage for app replicas...
Checking CPU usage for app replicas...
Container ID: f20445900364 | CPU Usage: 0.16%
Checking CPU usage for app replicas...
Checking CPU usage for app replicas...
Checking CPU usage for app replicas...
Checking CPU usage for app replicas...
Container ID: f20445900364 | CPU Usage: 0.12%
Container ID: f20445900364 | CPU Usage: 0.12%
Container ID: f20445900364 | CPU Usage: 0.12%
Container ID: f20445900364 | CPU Usage: 0.16%
Container ID: f20445900364 | CPU Usage: 0.16%
Container ID: f20445900364 | CPU Usage: 0.10%
Container ID: f20445900364 | CPU Usage: 0.10%
Checking CPU usage for app replicas...
Checking CPU usage for app replicas...
Checking CPU usage for app replicas...
Container ID: f20445900364 | CPU Usage: 0.37%
Container ID: f20445900364 | CPU Usage: 0.39%
Container ID: f20445900364 | CPU Usage: 0.11%
Checking CPU usage for app replicas...
Container ID: f20445900364 | CPU Usage: 0.13%
Checking CPU usage for app replicas...
Checking CPU usage for app replicas...
Checking CPU usage for app replicas...
Container ID: f20445900364 | CPU Usage: 0.14%
Container ID: f20445900364 | CPU Usage: 0.12%
Container ID: f20445900364 | CPU Usage: 0.12%
Checking CPU usage for app replicas...
Checking CPU usage for app replicas...
Container ID: f20445900364 | CPU Usage: 0.14%
Checking CPU usage for app replicas...
Checking CPU usage for app replicas...
Checking CPU usage for app replicas...
Container ID: f20445900364 | CPU Usage: 0.12%
Checking CPU usage for app replicas...
Checking CPU usage for app replicas...
Checking CPU usage for app replicas...
Checking CPU usage for app replicas...
Container ID: f20445900364 | CPU Usage: 0.14%
Container ID: f20445900364 | CPU Usage: 0.14%
Container ID: f20445900364 | CPU Usage: 0.14%
Container ID: f20445900364 | CPU Usage: 0.13%
Container ID: f20445900364 | CPU Usage: 0.13%
Container ID: f20445900364 | CPU Usage: 0.14%
Container ID: f20445900364 | CPU Usage: 0.14%
Checking CPU usage for app replicas...
Checking CPU usage for app replicas...
Checking CPU usage for app replicas...
Container ID: f20445900364 | CPU Usage: 0.13%
Container ID: f20445900364 | CPU Usage: 0.15%
Container ID: f20445900364 | CPU Usage: 0.12%
Checking CPU usage for app replicas...
Container ID: f20445900364 | CPU Usage: 5.11%
Checking CPU usage for app replicas...
Checking CPU usage for app replicas...
Checking CPU usage for app replicas...
Container ID: f20445900364 | CPU Usage: 0.13%
Container ID: f20445900364 | CPU Usage: 0.13%
Container ID: f20445900364 | CPU Usage: 0.13%
Checking CPU usage for app replicas...
Checking CPU usage for app replicas...
Container ID: f20445900364 | CPU Usage: 0.13%
Checking CPU usage for app replicas...
Checking CPU usage for app replicas...
Checking CPU usage for app replicas...
Container ID: f20445900364 | CPU Usage: 0.12%
Checking CPU usage for app replicas...
Checking CPU usage for app replicas...
Checking CPU usage for app replicas...
Checking CPU usage for app replicas...
Container ID: f20445900364 | CPU Usage: 0.16%
Container ID: f20445900364 | CPU Usage: 0.16%
Container ID: f20445900364 | CPU Usage: 0.16%
Container ID: f20445900364 | CPU Usage: 0.13%
Container ID: f20445900364 | CPU Usage: 0.13%
Container ID: f20445900364 | CPU Usage: 0.12%
Container ID: f20445900364 | CPU Usage: 0.12%
Checking CPU usage for app replicas...
Checking CPU usage for app replicas...
Checking CPU usage for app replicas...
Container ID: f20445900364 | CPU Usage: 0.11%
Container ID: f20445900364 | CPU Usage: 0.13%
Container ID: f20445900364 | CPU Usage: 0.11%
Checking CPU usage for app replicas...
Container ID: f20445900364 | CPU Usage: 0.14%
Checking CPU usage for app replicas...
Checking CPU usage for app replicas...
Checking CPU usage for app replicas...
Container ID: f20445900364 | CPU Usage: 0.14%
Container ID: f20445900364 | CPU Usage: 0.12%
Container ID: f20445900364 | CPU Usage: 0.12%
Checking CPU usage for app replicas...
Checking CPU usage for app replicas...
Container ID: f20445900364 | CPU Usage: 0.10%
Checking CPU usage for app replicas...
Checking CPU usage for app replicas...
Checking CPU usage for app replicas...
Container ID: f20445900364 | CPU Usage: 0.16%
Checking CPU usage for app replicas...
Checking CPU usage for app replicas...
Checking CPU usage for app replicas...
Checking CPU usage for app replicas...
Container ID: f20445900364 | CPU Usage: 0.13%
Container ID: f20445900364 | CPU Usage: 0.13%
Container ID: f20445900364 | CPU Usage: 0.13%
Container ID: f20445900364 | CPU Usage: 0.11%
Container ID: f20445900364 | CPU Usage: 0.11%
Container ID: f20445900364 | CPU Usage: 0.11%
Container ID: f20445900364 | CPU Usage: 0.11%
Checking CPU usage for app replicas...
Checking CPU usage for app replicas...
Checking CPU usage for app replicas...
Container ID: f20445900364 | CPU Usage: 0.12%
Container ID: f20445900364 | CPU Usage: 0.15%
Container ID: f20445900364 | CPU Usage: 4.84%
Checking CPU usage for app replicas...
Container ID: f20445900364 | CPU Usage: 0.14%
Checking CPU usage for app replicas...
Checking CPU usage for app replicas...
Checking CPU usage for app replicas...
Container ID: f20445900364 | CPU Usage: 0.16%
Container ID: f20445900364 | CPU Usage: 0.11%
Container ID: f20445900364 | CPU Usage: 0.11%
Checking CPU usage for app replicas...
Checking CPU usage for app replicas...
Container ID: f20445900364 | CPU Usage: 0.16%
Checking CPU usage for app replicas...
Checking CPU usage for app replicas...
Checking CPU usage for app replicas...
Container ID: f20445900364 | CPU Usage: 0.12%
Checking CPU usage for app replicas...
Checking CPU usage for app replicas...
Checking CPU usage for app replicas...
Checking CPU usage for app replicas...
Container ID: f20445900364 | CPU Usage: 0.20%
Container ID: f20445900364 | CPU Usage: 0.20%
Container ID: f20445900364 | CPU Usage: 0.20%
Container ID: f20445900364 | CPU Usage: 0.13%
Container ID: f20445900364 | CPU Usage: 0.13%
Container ID: f20445900364 | CPU Usage: 0.12%
Container ID: f20445900364 | CPU Usage: 0.12%
Checking CPU usage for app replicas...
Checking CPU usage for app replicas...
Checking CPU usage for app replicas...
Container ID: f20445900364 | CPU Usage: 0.17%
Container ID: f20445900364 | CPU Usage: 0.12%
Container ID: f20445900364 | CPU Usage: 0.12%
Checking CPU usage for app replicas...
Container ID: f20445900364 | CPU Usage: 0.11%
Checking CPU usage for app replicas...
Checking CPU usage for app replicas...
Checking CPU usage for app replicas...
Container ID: f20445900364 | CPU Usage: 0.17%
Container ID: f20445900364 | CPU Usage: 0.12%
Container ID: f20445900364 | CPU Usage: 0.12%
Checking CPU usage for app replicas...
Checking CPU usage for app replicas...
Container ID: f20445900364 | CPU Usage: 0.11%
Checking CPU usage for app replicas...
Checking CPU usage for app replicas...
Checking CPU usage for app replicas...
Container ID: f20445900364 | CPU Usage: 0.12%
Checking CPU usage for app replicas...
Checking CPU usage for app replicas...
Checking CPU usage for app replicas...
Checking CPU usage for app replicas...
Container ID: f20445900364 | CPU Usage: 0.15%
Container ID: f20445900364 | CPU Usage: 0.15%
Container ID: f20445900364 | CPU Usage: 0.15%
Container ID: f20445900364 | CPU Usage: 0.13%
Container ID: f20445900364 | CPU Usage: 0.13%
Container ID: f20445900364 | CPU Usage: 0.13%
Container ID: f20445900364 | CPU Usage: 0.13%
Checking CPU usage for app replicas...
Checking CPU usage for app replicas...
Checking CPU usage for app replicas...
Container ID: f20445900364 | CPU Usage: 0.14%
Container ID: f20445900364 | CPU Usage: 0.12%
Container ID: f20445900364 | CPU Usage: 0.87%
Checking CPU usage for app replicas...
Container ID: f20445900364 | CPU Usage: 0.12%
Checking CPU usage for app replicas...
Checking CPU usage for app replicas...
Checking CPU usage for app replicas...
Container ID: f20445900364 | CPU Usage: 0.12%
Container ID: f20445900364 | CPU Usage: 0.12%
Container ID: f20445900364 | CPU Usage: 0.12%
Checking CPU usage for app replicas...
Checking CPU usage for app replicas...
Container ID: f20445900364 | CPU Usage: 0.46%
Checking CPU usage for app replicas...
Checking CPU usage for app replicas...
Checking CPU usage for app replicas...
Container ID: f20445900364 | CPU Usage: 0.11%
Checking CPU usage for app replicas...
Checking CPU usage for app replicas...
Checking CPU usage for app replicas...
Checking CPU usage for app replicas...
Container ID: f20445900364 | CPU Usage: 0.11%
Container ID: f20445900364 | CPU Usage: 0.11%
Container ID: f20445900364 | CPU Usage: 0.11%
Container ID: f20445900364 | CPU Usage: 0.28%
Container ID: f20445900364 | CPU Usage: 0.28%
Container ID: f20445900364 | CPU Usage: 0.12%
Container ID: f20445900364 | CPU Usage: 0.12%
Checking CPU usage for app replicas...
Checking CPU usage for app replicas...
Checking CPU usage for app replicas...
Container ID: f20445900364 | CPU Usage: 0.13%
Container ID: f20445900364 | CPU Usage: 0.14%
Container ID: f20445900364 | CPU Usage: 0.13%
Checking CPU usage for app replicas...
Container ID: f20445900364 | CPU Usage: 0.30%
Checking CPU usage for app replicas...
Checking CPU usage for app replicas...
Checking CPU usage for app replicas...
Container ID: f20445900364 | CPU Usage: 0.10%
Container ID: f20445900364 | CPU Usage: 0.14%
Container ID: f20445900364 | CPU Usage: 0.14%
Checking CPU usage for app replicas...
Checking CPU usage for app replicas...
Container ID: f20445900364 | CPU Usage: 0.10%
Checking CPU usage for app replicas...
Checking CPU usage for app replicas...
Checking CPU usage for app replicas...
Container ID: f20445900364 | CPU Usage: 0.10%
Checking CPU usage for app replicas...
Checking CPU usage for app replicas...
Checking CPU usage for app replicas...
Checking CPU usage for app replicas...
Container ID: f20445900364 | CPU Usage: 0.14%
Container ID: f20445900364 | CPU Usage: 0.14%
Container ID: f20445900364 | CPU Usage: 0.14%
Container ID: f20445900364 | CPU Usage: 0.22%
Container ID: f20445900364 | CPU Usage: 0.22%
Container ID: f20445900364 | CPU Usage: 0.13%
Container ID: f20445900364 | CPU Usage: 0.13%
Checking CPU usage for app replicas...
Checking CPU usage for app replicas...
Checking CPU usage for app replicas...
Container ID: f20445900364 | CPU Usage: 0.11%
Container ID: f20445900364 | CPU Usage: 0.14%
Container ID: f20445900364 | CPU Usage: 0.12%
Checking CPU usage for app replicas...
Container ID: f20445900364 | CPU Usage: 0.12%
Checking CPU usage for app replicas...
Checking CPU usage for app replicas...
Checking CPU usage for app replicas...
Container ID: f20445900364 | CPU Usage: 0.16%
Container ID: f20445900364 | CPU Usage: 0.12%
Container ID: f20445900364 | CPU Usage: 0.12%
Checking CPU usage for app replicas...
Checking CPU usage for app replicas...
Container ID: f20445900364 | CPU Usage: 0.16%
Checking CPU usage for app replicas...
Checking CPU usage for app replicas...
Checking CPU usage for app replicas...
Container ID: f20445900364 | CPU Usage: 0.12%
Checking CPU usage for app replicas...
Checking CPU usage for app replicas...
Checking CPU usage for app replicas...
Checking CPU usage for app replicas...
Container ID: f20445900364 | CPU Usage: 0.12%
Container ID: f20445900364 | CPU Usage: 0.12%
Container ID: f20445900364 | CPU Usage: 0.12%
Container ID: f20445900364 | CPU Usage: 0.12%
Container ID: f20445900364 | CPU Usage: 0.12%
Container ID: f20445900364 | CPU Usage: 0.13%
Container ID: f20445900364 | CPU Usage: 0.13%
Checking CPU usage for app replicas...
Checking CPU usage for app replicas...
Checking CPU usage for app replicas...
Container ID: f20445900364 | CPU Usage: 0.12%
Container ID: f20445900364 | CPU Usage: 0.15%
Container ID: f20445900364 | CPU Usage: 0.13%
Checking CPU usage for app replicas...
Container ID: f20445900364 | CPU Usage: 0.12%
Checking CPU usage for app replicas...
Checking CPU usage for app replicas...
Checking CPU usage for app replicas...
Container ID: f20445900364 | CPU Usage: 0.11%
Container ID: f20445900364 | CPU Usage: 0.12%
Container ID: f20445900364 | CPU Usage: 0.12%
Checking CPU usage for app replicas...
Checking CPU usage for app replicas...
Container ID: f20445900364 | CPU Usage: 0.12%
Checking CPU usage for app replicas...
Checking CPU usage for app replicas...
Checking CPU usage for app replicas...
Container ID: f20445900364 | CPU Usage: 0.13%
Checking CPU usage for app replicas...
Checking CPU usage for app replicas...
Checking CPU usage for app replicas...
Checking CPU usage for app replicas...
Container ID: f20445900364 | CPU Usage: 0.14%
Container ID: f20445900364 | CPU Usage: 0.14%
Container ID: f20445900364 | CPU Usage: 0.14%
Container ID: f20445900364 | CPU Usage: 0.12%
Container ID: f20445900364 | CPU Usage: 0.12%
Container ID: f20445900364 | CPU Usage: 0.11%
Container ID: f20445900364 | CPU Usage: 0.11%
Checking CPU usage for app replicas...
Checking CPU usage for app replicas...
Checking CPU usage for app replicas...
Container ID: f20445900364 | CPU Usage: 0.12%
Container ID: f20445900364 | CPU Usage: 0.13%
Container ID: f20445900364 | CPU Usage: 0.11%
Checking CPU usage for app replicas...
Container ID: f20445900364 | CPU Usage: 28.12%
Checking CPU usage for app replicas...
Checking CPU usage for app replicas...
Checking CPU usage for app replicas...
Container ID: f20445900364 | CPU Usage: 0.53%
Container ID: f20445900364 | CPU Usage: 0.14%
Container ID: f20445900364 | CPU Usage: 0.14%
Checking CPU usage for app replicas...
Checking CPU usage for app replicas...
Container ID: f20445900364 | CPU Usage: 8.69%
Checking CPU usage for app replicas...
Checking CPU usage for app replicas...
Checking CPU usage for app replicas...
Container ID: f20445900364 | CPU Usage: 10.74%
Checking CPU usage for app replicas...
Checking CPU usage for app replicas...
Checking CPU usage for app replicas...
Checking CPU usage for app replicas...
Container ID: f20445900364 | CPU Usage: 0.12%
Container ID: f20445900364 | CPU Usage: 0.12%
Container ID: f20445900364 | CPU Usage: 0.12%
Container ID: f20445900364 | CPU Usage: 12.05%
Container ID: f20445900364 | CPU Usage: 12.05%
Container ID: f20445900364 | CPU Usage: 12.66%
Container ID: f20445900364 | CPU Usage: 12.66%
Checking CPU usage for app replicas...
Checking CPU usage for app replicas...
Checking CPU usage for app replicas...
Container ID: f20445900364 | CPU Usage: 0.11%
Container ID: f20445900364 | CPU Usage: 15.07%
Container ID: f20445900364 | CPU Usage: 0.12%
Checking CPU usage for app replicas...
Container ID: f20445900364 | CPU Usage: 0.22%
Checking CPU usage for app replicas...
Checking CPU usage for app replicas...
Checking CPU usage for app replicas...
Container ID: f20445900364 | CPU Usage: 3.75%
Container ID: f20445900364 | CPU Usage: 0.11%
Container ID: f20445900364 | CPU Usage: 0.11%
Checking CPU usage for app replicas...
Checking CPU usage for app replicas...
Container ID: f20445900364 | CPU Usage: 0.12%
Checking CPU usage for app replicas...
Checking CPU usage for app replicas...
Checking CPU usage for app replicas...
Container ID: f20445900364 | CPU Usage: 0.15%
Checking CPU usage for app replicas...
Checking CPU usage for app replicas...
Checking CPU usage for app replicas...
Checking CPU usage for app replicas...
Container ID: f20445900364 | CPU Usage: 0.15%
Container ID: f20445900364 | CPU Usage: 0.15%
Container ID: f20445900364 | CPU Usage: 0.15%
Container ID: f20445900364 | CPU Usage: 0.15%
Container ID: f20445900364 | CPU Usage: 0.15%
Container ID: f20445900364 | CPU Usage: 0.12%
Container ID: f20445900364 | CPU Usage: 0.12%
Checking CPU usage for app replicas...
Checking CPU usage for app replicas...
Checking CPU usage for app replicas...
Container ID: f20445900364 | CPU Usage: 0.15%
Container ID: f20445900364 | CPU Usage: 0.11%
Container ID: f20445900364 | CPU Usage: 0.14%
Checking CPU usage for app replicas...
Container ID: f20445900364 | CPU Usage: 0.17%
Checking CPU usage for app replicas...
Checking CPU usage for app replicas...
Checking CPU usage for app replicas...
Container ID: f20445900364 | CPU Usage: 0.11%
Container ID: f20445900364 | CPU Usage: 0.11%
Container ID: f20445900364 | CPU Usage: 0.11%
Checking CPU usage for app replicas...
Checking CPU usage for app replicas...
Container ID: f20445900364 | CPU Usage: 0.11%
Checking CPU usage for app replicas...
Checking CPU usage for app replicas...
Checking CPU usage for app replicas...
Container ID: f20445900364 | CPU Usage: 0.16%
Checking CPU usage for app replicas...
Checking CPU usage for app replicas...
Checking CPU usage for app replicas...
Checking CPU usage for app replicas...
Container ID: f20445900364 | CPU Usage: 0.13%
Container ID: f20445900364 | CPU Usage: 0.13%
Container ID: f20445900364 | CPU Usage: 0.13%
Container ID: f20445900364 | CPU Usage: 0.14%
Container ID: f20445900364 | CPU Usage: 0.14%
Container ID: f20445900364 | CPU Usage: 0.12%
Container ID: f20445900364 | CPU Usage: 0.12%
Checking CPU usage for app replicas...
Checking CPU usage for app replicas...
Checking CPU usage for app replicas...
Container ID: f20445900364 | CPU Usage: 0.12%
Container ID: f20445900364 | CPU Usage: 0.32%
Container ID: f20445900364 | CPU Usage: 0.16%
Checking CPU usage for app replicas...
Container ID: f20445900364 | CPU Usage: 0.14%
Checking CPU usage for app replicas...
Checking CPU usage for app replicas...
Checking CPU usage for app replicas...
Container ID: f20445900364 | CPU Usage: 0.16%
Container ID: f20445900364 | CPU Usage: 0.14%
Container ID: f20445900364 | CPU Usage: 0.14%
Checking CPU usage for app replicas...
Checking CPU usage for app replicas...
Container ID: f20445900364 | CPU Usage: 0.17%
Checking CPU usage for app replicas...
Checking CPU usage for app replicas...
Checking CPU usage for app replicas...
Container ID: f20445900364 | CPU Usage: 0.12%
Checking CPU usage for app replicas...
Checking CPU usage for app replicas...
Checking CPU usage for app replicas...
Checking CPU usage for app replicas...
Container ID: f20445900364 | CPU Usage: 0.19%
Container ID: f20445900364 | CPU Usage: 0.19%
Container ID: f20445900364 | CPU Usage: 0.19%
Container ID: f20445900364 | CPU Usage: 0.12%
Container ID: f20445900364 | CPU Usage: 0.12%
Container ID: f20445900364 | CPU Usage: 0.11%
Container ID: f20445900364 | CPU Usage: 0.11%
Checking CPU usage for app replicas...
Checking CPU usage for app replicas...
Checking CPU usage for app replicas...
Container ID: f20445900364 | CPU Usage: 0.15%
Container ID: f20445900364 | CPU Usage: 0.12%
Container ID: f20445900364 | CPU Usage: 0.13%
Checking CPU usage for app replicas...
Container ID: f20445900364 | CPU Usage: 0.15%
Checking CPU usage for app replicas...
Checking CPU usage for app replicas...
Checking CPU usage for app replicas...
Container ID: f20445900364 | CPU Usage: 0.12%
Container ID: f20445900364 | CPU Usage: 0.18%
Container ID: f20445900364 | CPU Usage: 0.18%
Checking CPU usage for app replicas...
Checking CPU usage for app replicas...
Container ID: f20445900364 | CPU Usage: 0.13%
Checking CPU usage for app replicas...
Checking CPU usage for app replicas...
Checking CPU usage for app replicas...
Container ID: f20445900364 | CPU Usage: 0.12%
Checking CPU usage for app replicas...
Checking CPU usage for app replicas...
Checking CPU usage for app replicas...
Checking CPU usage for app replicas...
Container ID: f20445900364 | CPU Usage: 0.12%
Container ID: f20445900364 | CPU Usage: 0.12%
Container ID: f20445900364 | CPU Usage: 0.12%
Container ID: f20445900364 | CPU Usage: 0.13%
Container ID: f20445900364 | CPU Usage: 0.13%
Container ID: f20445900364 | CPU Usage: 0.13%
Container ID: f20445900364 | CPU Usage: 0.13%
Checking CPU usage for app replicas...
Checking CPU usage for app replicas...
Checking CPU usage for app replicas...
Container ID: f20445900364 | CPU Usage: 0.15%
Container ID: f20445900364 | CPU Usage: 0.12%
Container ID: f20445900364 | CPU Usage: 0.11%
Checking CPU usage for app replicas...
Container ID: f20445900364 | CPU Usage: 0.14%
Checking CPU usage for app replicas...
Checking CPU usage for app replicas...
Checking CPU usage for app replicas...
Container ID: f20445900364 | CPU Usage: 0.16%
Container ID: f20445900364 | CPU Usage: 0.12%
Container ID: f20445900364 | CPU Usage: 0.12%
Checking CPU usage for app replicas...
Checking CPU usage for app replicas...
Container ID: f20445900364 | CPU Usage: 0.12%
Checking CPU usage for app replicas...
Checking CPU usage for app replicas...
Checking CPU usage for app replicas...
Container ID: f20445900364 | CPU Usage: 0.12%
Checking CPU usage for app replicas...
Checking CPU usage for app replicas...
Checking CPU usage for app replicas...
Checking CPU usage for app replicas...
Container ID: f20445900364 | CPU Usage: 0.15%
Container ID: f20445900364 | CPU Usage: 0.15%
Container ID: f20445900364 | CPU Usage: 0.15%
Container ID: f20445900364 | CPU Usage: 0.10%
Container ID: f20445900364 | CPU Usage: 0.10%
Container ID: f20445900364 | CPU Usage: 0.15%
Container ID: f20445900364 | CPU Usage: 0.15%
Checking CPU usage for app replicas...
Checking CPU usage for app replicas...
Checking CPU usage for app replicas...
Container ID: f20445900364 | CPU Usage: 0.11%
Container ID: f20445900364 | CPU Usage: 0.12%
Container ID: f20445900364 | CPU Usage: 0.12%
Checking CPU usage for app replicas...
Container ID: f20445900364 | CPU Usage: 0.24%
Checking CPU usage for app replicas...
Checking CPU usage for app replicas...
Checking CPU usage for app replicas...
Container ID: f20445900364 | CPU Usage: 0.14%
Container ID: f20445900364 | CPU Usage: 0.14%
Container ID: f20445900364 | CPU Usage: 0.14%
Checking CPU usage for app replicas...
Checking CPU usage for app replicas...
Container ID: f20445900364 | CPU Usage: 0.16%
Checking CPU usage for app replicas...
Checking CPU usage for app replicas...
Checking CPU usage for app replicas...
Container ID: f20445900364 | CPU Usage: 0.14%
Checking CPU usage for app replicas...
Checking CPU usage for app replicas...
Checking CPU usage for app replicas...
Checking CPU usage for app replicas...
Container ID: f20445900364 | CPU Usage: 0.31%
Container ID: f20445900364 | CPU Usage: 0.31%
Container ID: f20445900364 | CPU Usage: 0.17%
Container ID: f20445900364 | CPU Usage: 0.17%
Container ID: f20445900364 | CPU Usage: 0.17%
Container ID: f20445900364 | CPU Usage: 0.26%
Container ID: f20445900364 | CPU Usage: 0.26%
Checking CPU usage for app replicas...
Checking CPU usage for app replicas...
Checking CPU usage for app replicas...
Container ID: f20445900364 | CPU Usage: 0.12%
Container ID: f20445900364 | CPU Usage: 0.13%
Container ID: f20445900364 | CPU Usage: 0.16%
Checking CPU usage for app replicas...
Container ID: f20445900364 | CPU Usage: 0.27%
Checking CPU usage for app replicas...
Checking CPU usage for app replicas...
Checking CPU usage for app replicas...
Container ID: f20445900364 | CPU Usage: 0.15%
Container ID: f20445900364 | CPU Usage: 0.15%
Container ID: f20445900364 | CPU Usage: 0.15%
Checking CPU usage for app replicas...
Container ID: f20445900364 | CPU Usage: 0.14%
Checking CPU usage for app replicas...
Checking CPU usage for app replicas...
Container ID: f20445900364 | CPU Usage: 0.17%
Checking CPU usage for app replicas...
Checking CPU usage for app replicas...
Checking CPU usage for app replicas...
Checking CPU usage for app replicas...
Checking CPU usage for app replicas...
Checking CPU usage for app replicas...
Container ID: f20445900364 | CPU Usage: 0.17%
Container ID: f20445900364 | CPU Usage: 0.17%
Container ID: f20445900364 | CPU Usage: 0.15%
Container ID: f20445900364 | CPU Usage: 0.15%
Container ID: f20445900364 | CPU Usage: 0.15%
Container ID: f20445900364 | CPU Usage: 0.13%
Container ID: f20445900364 | CPU Usage: 0.13%
Checking CPU usage for app replicas...
Checking CPU usage for app replicas...
Checking CPU usage for app replicas...
Container ID: f20445900364 | CPU Usage: 0.12%
Container ID: f20445900364 | CPU Usage: 0.15%
Container ID: f20445900364 | CPU Usage: 0.18%
Checking CPU usage for app replicas...
Container ID: f20445900364 | CPU Usage: 0.12%
Checking CPU usage for app replicas...
Checking CPU usage for app replicas...
Checking CPU usage for app replicas...
Container ID: f20445900364 | CPU Usage: 0.20%
Container ID: f20445900364 | CPU Usage: 0.24%
Container ID: f20445900364 | CPU Usage: 0.24%
Checking CPU usage for app replicas...
Checking CPU usage for app replicas...
Container ID: f20445900364 | CPU Usage: 0.13%
Checking CPU usage for app replicas...
Container ID: f20445900364 | CPU Usage: 0.13%
Checking CPU usage for app replicas...
Checking CPU usage for app replicas...
Checking CPU usage for app replicas...
Checking CPU usage for app replicas...
Checking CPU usage for app replicas...
Checking CPU usage for app replicas...
Container ID: f20445900364 | CPU Usage: 0.14%
Container ID: f20445900364 | CPU Usage: 0.14%
Container ID: f20445900364 | CPU Usage: 0.12%
Container ID: f20445900364 | CPU Usage: 0.12%
Container ID: f20445900364 | CPU Usage: 0.12%
Container ID: f20445900364 | CPU Usage: 0.11%
Container ID: f20445900364 | CPU Usage: 0.11%
Checking CPU usage for app replicas...
Checking CPU usage for app replicas...
Checking CPU usage for app replicas...
Container ID: f20445900364 | CPU Usage: 0.17%
Container ID: f20445900364 | CPU Usage: 0.20%
Container ID: f20445900364 | CPU Usage: 0.13%
Checking CPU usage for app replicas...
Container ID: f20445900364 | CPU Usage: 0.17%
Checking CPU usage for app replicas...
Checking CPU usage for app replicas...
Checking CPU usage for app replicas...
Container ID: f20445900364 | CPU Usage: 0.16%
Container ID: f20445900364 | CPU Usage: 0.11%
Container ID: f20445900364 | CPU Usage: 0.11%
Checking CPU usage for app replicas...
Checking CPU usage for app replicas...
Container ID: f20445900364 | CPU Usage: 0.13%
Checking CPU usage for app replicas...
Checking CPU usage for app replicas...
Container ID: f20445900364 | CPU Usage: 0.13%
Checking CPU usage for app replicas...
Checking CPU usage for app replicas...
Checking CPU usage for app replicas...
Checking CPU usage for app replicas...
Checking CPU usage for app replicas...
Container ID: f20445900364 | CPU Usage: 0.11%
Container ID: f20445900364 | CPU Usage: 0.11%
Container ID: f20445900364 | CPU Usage: 0.16%
Container ID: f20445900364 | CPU Usage: 0.16%
Container ID: f20445900364 | CPU Usage: 0.16%
Container ID: f20445900364 | CPU Usage: 0.13%
Container ID: f20445900364 | CPU Usage: 0.13%
Checking CPU usage for app replicas...
Checking CPU usage for app replicas...
Checking CPU usage for app replicas...
Container ID: f20445900364 | CPU Usage: 0.22%
Container ID: f20445900364 | CPU Usage: 0.13%
Container ID: f20445900364 | CPU Usage: 0.13%
Checking CPU usage for app replicas...
Container ID: f20445900364 | CPU Usage: 0.16%
Checking CPU usage for app replicas...
Checking CPU usage for app replicas...
Checking CPU usage for app replicas...
Container ID: f20445900364 | CPU Usage: 0.12%
Container ID: f20445900364 | CPU Usage: 0.15%
Container ID: f20445900364 | CPU Usage: 0.15%
Checking CPU usage for app replicas...
Checking CPU usage for app replicas...
Container ID: f20445900364 | CPU Usage: 0.13%
Checking CPU usage for app replicas...
Container ID: f20445900364 | CPU Usage: 0.12%
Checking CPU usage for app replicas...
Checking CPU usage for app replicas...
Checking CPU usage for app replicas...
Checking CPU usage for app replicas...
Checking CPU usage for app replicas...
Checking CPU usage for app replicas...
Container ID: f20445900364 | CPU Usage: 0.16%
Container ID: f20445900364 | CPU Usage: 0.16%
Container ID: f20445900364 | CPU Usage: 1.27%
Container ID: f20445900364 | CPU Usage: 1.27%
Container ID: f20445900364 | CPU Usage: 1.27%
Container ID: f20445900364 | CPU Usage: 0.23%
Container ID: f20445900364 | CPU Usage: 0.23%
Checking CPU usage for app replicas...
Checking CPU usage for app replicas...
Checking CPU usage for app replicas...
Container ID: f20445900364 | CPU Usage: 0.16%
Container ID: f20445900364 | CPU Usage: 0.12%
Container ID: f20445900364 | CPU Usage: 0.13%
Checking CPU usage for app replicas...
Container ID: f20445900364 | CPU Usage: 0.11%
Checking CPU usage for app replicas...
Checking CPU usage for app replicas...
Checking CPU usage for app replicas...
Container ID: f20445900364 | CPU Usage: 0.16%
Container ID: f20445900364 | CPU Usage: 0.13%
Container ID: f20445900364 | CPU Usage: 0.13%
Checking CPU usage for app replicas...
Checking CPU usage for app replicas...
Container ID: f20445900364 | CPU Usage: 0.12%
Checking CPU usage for app replicas...
Checking CPU usage for app replicas...
Container ID: f20445900364 | CPU Usage: 0.11%
Checking CPU usage for app replicas...
Checking CPU usage for app replicas...
Checking CPU usage for app replicas...
Checking CPU usage for app replicas...
Checking CPU usage for app replicas...
Container ID: f20445900364 | CPU Usage: 0.13%
Container ID: f20445900364 | CPU Usage: 0.13%
Container ID: f20445900364 | CPU Usage: 0.12%
Container ID: f20445900364 | CPU Usage: 0.12%
Container ID: f20445900364 | CPU Usage: 0.12%
Container ID: f20445900364 | CPU Usage: 0.14%
Container ID: f20445900364 | CPU Usage: 0.14%
Checking CPU usage for app replicas...
Checking CPU usage for app replicas...
Checking CPU usage for app replicas...
Container ID: f20445900364 | CPU Usage: 0.14%
Container ID: f20445900364 | CPU Usage: 0.18%
Container ID: f20445900364 | CPU Usage: 0.14%
Checking CPU usage for app replicas...
Container ID: f20445900364 | CPU Usage: 0.13%
Checking CPU usage for app replicas...
Checking CPU usage for app replicas...
Checking CPU usage for app replicas...
Container ID: f20445900364 | CPU Usage: 0.14%
Container ID: f20445900364 | CPU Usage: 0.13%
Container ID: f20445900364 | CPU Usage: 0.13%
Checking CPU usage for app replicas...
Checking CPU usage for app replicas...
Container ID: f20445900364 | CPU Usage: 0.11%
Checking CPU usage for app replicas...
Checking CPU usage for app replicas...
Container ID: f20445900364 | CPU Usage: 0.12%
Checking CPU usage for app replicas...
Checking CPU usage for app replicas...
Checking CPU usage for app replicas...
Checking CPU usage for app replicas...
Checking CPU usage for app replicas...
Container ID: f20445900364 | CPU Usage: 0.13%
Container ID: f20445900364 | CPU Usage: 0.13%
Container ID: f20445900364 | CPU Usage: 0.28%
Container ID: f20445900364 | CPU Usage: 0.28%
Container ID: f20445900364 | CPU Usage: 0.28%
Container ID: f20445900364 | CPU Usage: 0.13%
Container ID: f20445900364 | CPU Usage: 0.13%
Checking CPU usage for app replicas...
Checking CPU usage for app replicas...
Checking CPU usage for app replicas...
Container ID: f20445900364 | CPU Usage: 0.12%
Container ID: f20445900364 | CPU Usage: 0.79%
Container ID: f20445900364 | CPU Usage: 0.14%
Checking CPU usage for app replicas...
Container ID: f20445900364 | CPU Usage: 0.14%
Checking CPU usage for app replicas...
Checking CPU usage for app replicas...
Checking CPU usage for app replicas...
Container ID: f20445900364 | CPU Usage: 0.31%
Container ID: f20445900364 | CPU Usage: 0.20%
Container ID: f20445900364 | CPU Usage: 0.20%
Checking CPU usage for app replicas...
Checking CPU usage for app replicas...
Container ID: f20445900364 | CPU Usage: 0.17%
Checking CPU usage for app replicas...
Checking CPU usage for app replicas...
Container ID: f20445900364 | CPU Usage: 0.11%
Checking CPU usage for app replicas...
Checking CPU usage for app replicas...
Checking CPU usage for app replicas...
Checking CPU usage for app replicas...
Checking CPU usage for app replicas...
Container ID: f20445900364 | CPU Usage: 0.12%
Container ID: f20445900364 | CPU Usage: 0.12%
Container ID: f20445900364 | CPU Usage: 0.11%
Container ID: f20445900364 | CPU Usage: 0.11%
Container ID: f20445900364 | CPU Usage: 0.11%
Container ID: f20445900364 | CPU Usage: 0.15%
Container ID: f20445900364 | CPU Usage: 0.15%
Checking CPU usage for app replicas...
Checking CPU usage for app replicas...
Checking CPU usage for app replicas...
Container ID: f20445900364 | CPU Usage: 1.08%
Container ID: f20445900364 | CPU Usage: 0.12%
Container ID: f20445900364 | CPU Usage: 0.14%
Checking CPU usage for app replicas...
Container ID: f20445900364 | CPU Usage: 0.17%
Checking CPU usage for app replicas...
Checking CPU usage for app replicas...
Checking CPU usage for app replicas...
Container ID: f20445900364 | CPU Usage: 0.19%
Container ID: f20445900364 | CPU Usage: 0.11%
Container ID: f20445900364 | CPU Usage: 0.11%
Checking CPU usage for app replicas...
Checking CPU usage for app replicas...
Container ID: f20445900364 | CPU Usage: 0.13%
Checking CPU usage for app replicas...
Checking CPU usage for app replicas...
Container ID: f20445900364 | CPU Usage: 0.12%
Checking CPU usage for app replicas...
Checking CPU usage for app replicas...
Checking CPU usage for app replicas...
Checking CPU usage for app replicas...
Checking CPU usage for app replicas...
Container ID: f20445900364 | CPU Usage: 0.48%
Container ID: f20445900364 | CPU Usage: 0.48%
Container ID: f20445900364 | CPU Usage: 0.19%
Container ID: f20445900364 | CPU Usage: 0.19%
Container ID: f20445900364 | CPU Usage: 0.19%
Container ID: f20445900364 | CPU Usage: 0.16%
Container ID: f20445900364 | CPU Usage: 0.16%
Checking CPU usage for app replicas...
Checking CPU usage for app replicas...
Checking CPU usage for app replicas...
Container ID: f20445900364 | CPU Usage: 0.12%
Container ID: f20445900364 | CPU Usage: 0.18%
Container ID: f20445900364 | CPU Usage: 0.11%
Checking CPU usage for app replicas...
Container ID: f20445900364 | CPU Usage: 0.15%
Checking CPU usage for app replicas...
Checking CPU usage for app replicas...
Checking CPU usage for app replicas...
Container ID: f20445900364 | CPU Usage: 0.15%
Container ID: f20445900364 | CPU Usage: 0.14%
Container ID: f20445900364 | CPU Usage: 0.14%
Checking CPU usage for app replicas...
Checking CPU usage for app replicas...
Container ID: f20445900364 | CPU Usage: 0.13%
Checking CPU usage for app replicas...
Checking CPU usage for app replicas...
Container ID: f20445900364 | CPU Usage: 0.14%
Checking CPU usage for app replicas...
Checking CPU usage for app replicas...
Checking CPU usage for app replicas...
Checking CPU usage for app replicas...
Checking CPU usage for app replicas...
Container ID: f20445900364 | CPU Usage: 0.18%
Container ID: f20445900364 | CPU Usage: 0.18%
Container ID: f20445900364 | CPU Usage: 0.16%
Container ID: f20445900364 | CPU Usage: 0.16%
Container ID: f20445900364 | CPU Usage: 0.16%
Container ID: f20445900364 | CPU Usage: 0.14%
Container ID: f20445900364 | CPU Usage: 0.14%
Checking CPU usage for app replicas...
Checking CPU usage for app replicas...
Checking CPU usage for app replicas...
Container ID: f20445900364 | CPU Usage: 0.13%
Container ID: f20445900364 | CPU Usage: 1.91%
Container ID: f20445900364 | CPU Usage: 0.19%
Checking CPU usage for app replicas...
Container ID: f20445900364 | CPU Usage: 0.12%
Checking CPU usage for app replicas...
Checking CPU usage for app replicas...
Checking CPU usage for app replicas...
Container ID: f20445900364 | CPU Usage: 0.14%
Container ID: f20445900364 | CPU Usage: 0.13%
Container ID: f20445900364 | CPU Usage: 0.13%
Checking CPU usage for app replicas...
Checking CPU usage for app replicas...
Container ID: f20445900364 | CPU Usage: 0.15%
Checking CPU usage for app replicas...
Checking CPU usage for app replicas...
Container ID: f20445900364 | CPU Usage: 0.19%
Checking CPU usage for app replicas...
Checking CPU usage for app replicas...
Checking CPU usage for app replicas...
Checking CPU usage for app replicas...
Checking CPU usage for app replicas...
Container ID: f20445900364 | CPU Usage: 0.13%
Container ID: f20445900364 | CPU Usage: 0.13%
Container ID: f20445900364 | CPU Usage: 0.13%
Container ID: f20445900364 | CPU Usage: 0.14%
Container ID: f20445900364 | CPU Usage: 0.14%
Container ID: f20445900364 | CPU Usage: 0.14%
Container ID: f20445900364 | CPU Usage: 0.14%
Checking CPU usage for app replicas...
Checking CPU usage for app replicas...
Checking CPU usage for app replicas...
Container ID: f20445900364 | CPU Usage: 0.13%
Checking CPU usage for app replicas...
Container ID: f20445900364 | CPU Usage: 0.28%
Container ID: f20445900364 | CPU Usage: 0.28%
Checking CPU usage for app replicas...
Container ID: f20445900364 | CPU Usage: 0.16%
Checking CPU usage for app replicas...
Checking CPU usage for app replicas...
Container ID: f20445900364 | CPU Usage: 0.14%
Container ID: f20445900364 | CPU Usage: 0.13%
Container ID: f20445900364 | CPU Usage: 0.13%
Checking CPU usage for app replicas...
Container ID: f20445900364 | CPU Usage: 0.74%
Checking CPU usage for app replicas...
Container ID: f20445900364 | CPU Usage: 0.14%
Checking CPU usage for app replicas...
Checking CPU usage for app replicas...
Checking CPU usage for app replicas...
Checking CPU usage for app replicas...
Checking CPU usage for app replicas...
Checking CPU usage for app replicas...
Checking CPU usage for app replicas...
Container ID: f20445900364 | CPU Usage: 0.12%
Container ID: f20445900364 | CPU Usage: 0.12%
Container ID: f20445900364 | CPU Usage: 0.12%
Container ID: f20445900364 | CPU Usage: 0.84%
Container ID: f20445900364 | CPU Usage: 0.84%
Container ID: f20445900364 | CPU Usage: 0.84%
Container ID: f20445900364 | CPU Usage: 0.84%
Checking CPU usage for app replicas...
Container ID: f20445900364 | CPU Usage: 0.12%
Checking CPU usage for app replicas...
Checking CPU usage for app replicas...
Container ID: f20445900364 | CPU Usage: 0.20%
Container ID: f20445900364 | CPU Usage: 0.20%
Checking CPU usage for app replicas...
Container ID: f20445900364 | CPU Usage: 0.90%
Checking CPU usage for app replicas...
Checking CPU usage for app replicas...
Checking CPU usage for app replicas...
Container ID: f20445900364 | CPU Usage: 0.16%
Container ID: f20445900364 | CPU Usage: 0.17%
Container ID: f20445900364 | CPU Usage: 0.17%
Checking CPU usage for app replicas...
Checking CPU usage for app replicas...
Container ID: f20445900364 | CPU Usage: 0.14%
Container ID: f20445900364 | CPU Usage: 0.19%
Checking CPU usage for app replicas...
Checking CPU usage for app replicas...
Checking CPU usage for app replicas...
Checking CPU usage for app replicas...
Checking CPU usage for app replicas...
Checking CPU usage for app replicas...
Checking CPU usage for app replicas...
Container ID: f20445900364 | CPU Usage: 1.74%
Container ID: f20445900364 | CPU Usage: 1.74%
Container ID: f20445900364 | CPU Usage: 1.74%
Container ID: f20445900364 | CPU Usage: 0.15%
Container ID: f20445900364 | CPU Usage: 0.15%
Container ID: f20445900364 | CPU Usage: 0.15%
Container ID: f20445900364 | CPU Usage: 0.15%
Checking CPU usage for app replicas...
Container ID: f20445900364 | CPU Usage: 0.12%
Checking CPU usage for app replicas...
Checking CPU usage for app replicas...
Container ID: f20445900364 | CPU Usage: 0.12%
Container ID: f20445900364 | CPU Usage: 0.12%
Checking CPU usage for app replicas...
Container ID: f20445900364 | CPU Usage: 0.12%
Checking CPU usage for app replicas...
Checking CPU usage for app replicas...
Checking CPU usage for app replicas...
Container ID: f20445900364 | CPU Usage: 0.12%
Container ID: f20445900364 | CPU Usage: 0.53%
Container ID: f20445900364 | CPU Usage: 0.53%
Checking CPU usage for app replicas...
Checking CPU usage for app replicas...
Container ID: f20445900364 | CPU Usage: 0.13%
Container ID: f20445900364 | CPU Usage: 0.21%
Checking CPU usage for app replicas...
Checking CPU usage for app replicas...
Checking CPU usage for app replicas...
Checking CPU usage for app replicas...
Checking CPU usage for app replicas...
Checking CPU usage for app replicas...
Checking CPU usage for app replicas...
Container ID: f20445900364 | CPU Usage: 0.17%
Container ID: f20445900364 | CPU Usage: 0.17%
Container ID: f20445900364 | CPU Usage: 0.17%
Container ID: f20445900364 | CPU Usage: 0.13%
Container ID: f20445900364 | CPU Usage: 0.13%
Container ID: f20445900364 | CPU Usage: 0.13%
Container ID: f20445900364 | CPU Usage: 0.13%
Checking CPU usage for app replicas...
Container ID: f20445900364 | CPU Usage: 0.15%
Checking CPU usage for app replicas...
Checking CPU usage for app replicas...
Container ID: f20445900364 | CPU Usage: 0.23%
Container ID: f20445900364 | CPU Usage: 0.23%
Checking CPU usage for app replicas...
Container ID: f20445900364 | CPU Usage: 0.14%
Checking CPU usage for app replicas...
Checking CPU usage for app replicas...
Checking CPU usage for app replicas...
Container ID: f20445900364 | CPU Usage: 0.45%
Container ID: f20445900364 | CPU Usage: 0.49%
Container ID: f20445900364 | CPU Usage: 0.49%
Checking CPU usage for app replicas...
Checking CPU usage for app replicas...
Container ID: f20445900364 | CPU Usage: 0.12%
Container ID: f20445900364 | CPU Usage: 0.16%
Checking CPU usage for app replicas...
Checking CPU usage for app replicas...
Checking CPU usage for app replicas...
Checking CPU usage for app replicas...
Checking CPU usage for app replicas...
Checking CPU usage for app replicas...
Checking CPU usage for app replicas...
Container ID: f20445900364 | CPU Usage: 0.25%
Container ID: f20445900364 | CPU Usage: 0.25%
Container ID: f20445900364 | CPU Usage: 0.25%
Container ID: f20445900364 | CPU Usage: 0.14%
Container ID: f20445900364 | CPU Usage: 0.14%
Container ID: f20445900364 | CPU Usage: 0.14%
Container ID: f20445900364 | CPU Usage: 0.14%
Checking CPU usage for app replicas...
Container ID: f20445900364 | CPU Usage: 0.14%
Checking CPU usage for app replicas...
Checking CPU usage for app replicas...
Container ID: f20445900364 | CPU Usage: 0.39%
Container ID: f20445900364 | CPU Usage: 0.13%
Checking CPU usage for app replicas...
Container ID: f20445900364 | CPU Usage: 0.13%
Checking CPU usage for app replicas...
Checking CPU usage for app replicas...
Checking CPU usage for app replicas...
Container ID: f20445900364 | CPU Usage: 5.31%
Container ID: f20445900364 | CPU Usage: 0.16%
Container ID: f20445900364 | CPU Usage: 0.13%
Checking CPU usage for app replicas...
Checking CPU usage for app replicas...
Container ID: f20445900364 | CPU Usage: 0.16%
Container ID: f20445900364 | CPU Usage: 0.12%
Checking CPU usage for app replicas...
Checking CPU usage for app replicas...
Checking CPU usage for app replicas...
Checking CPU usage for app replicas...
Checking CPU usage for app replicas...
Checking CPU usage for app replicas...
Checking CPU usage for app replicas...
Container ID: f20445900364 | CPU Usage: 0.11%
Container ID: f20445900364 | CPU Usage: 0.11%
Container ID: f20445900364 | CPU Usage: 0.11%
Container ID: f20445900364 | CPU Usage: 0.13%
Container ID: f20445900364 | CPU Usage: 0.13%
Container ID: f20445900364 | CPU Usage: 0.13%
Container ID: f20445900364 | CPU Usage: 0.13%
Checking CPU usage for app replicas...
Container ID: f20445900364 | CPU Usage: 0.58%
Checking CPU usage for app replicas...
Checking CPU usage for app replicas...
Container ID: f20445900364 | CPU Usage: 1.24%
Container ID: f20445900364 | CPU Usage: 0.15%
Checking CPU usage for app replicas...
Container ID: f20445900364 | CPU Usage: 0.57%
Checking CPU usage for app replicas...
Checking CPU usage for app replicas...
Checking CPU usage for app replicas...
Container ID: f20445900364 | CPU Usage: 0.14%
Container ID: f20445900364 | CPU Usage: 0.14%
Container ID: f20445900364 | CPU Usage: 0.13%
Checking CPU usage for app replicas...
Checking CPU usage for app replicas...
Container ID: f20445900364 | CPU Usage: 0.38%
Container ID: f20445900364 | CPU Usage: 0.16%
Checking CPU usage for app replicas...
Checking CPU usage for app replicas...
Checking CPU usage for app replicas...
Checking CPU usage for app replicas...
Checking CPU usage for app replicas...
Checking CPU usage for app replicas...
Checking CPU usage for app replicas...
Container ID: f20445900364 | CPU Usage: 5.87%
Container ID: f20445900364 | CPU Usage: 5.87%
Container ID: f20445900364 | CPU Usage: 5.87%
Container ID: f20445900364 | CPU Usage: 0.18%
Container ID: f20445900364 | CPU Usage: 1.42%
Container ID: f20445900364 | CPU Usage: 1.42%
Container ID: f20445900364 | CPU Usage: 1.42%
Checking CPU usage for app replicas...
Container ID: f20445900364 | CPU Usage: 0.12%
Checking CPU usage for app replicas...
Checking CPU usage for app replicas...
Container ID: f20445900364 | CPU Usage: 0.13%
Checking CPU usage for app replicas...
Container ID: f20445900364 | CPU Usage: 0.13%
Container ID: f20445900364 | CPU Usage: 0.39%
Checking CPU usage for app replicas...
Checking CPU usage for app replicas...
Checking CPU usage for app replicas...
Container ID: f20445900364 | CPU Usage: 0.67%
Container ID: f20445900364 | CPU Usage: 1.53%
Container ID: f20445900364 | CPU Usage: 0.26%
Checking CPU usage for app replicas...
Checking CPU usage for app replicas...
Container ID: f20445900364 | CPU Usage: 0.15%
Container ID: f20445900364 | CPU Usage: 0.14%
Checking CPU usage for app replicas...
Checking CPU usage for app replicas...
Checking CPU usage for app replicas...
Checking CPU usage for app replicas...
Checking CPU usage for app replicas...
Checking CPU usage for app replicas...
Checking CPU usage for app replicas...
Container ID: f20445900364 | CPU Usage: 1.66%
Container ID: f20445900364 | CPU Usage: 1.66%
Container ID: f20445900364 | CPU Usage: 1.66%
Container ID: f20445900364 | CPU Usage: 0.69%
Checking CPU usage for app replicas...
Container ID: f20445900364 | CPU Usage: 0.13%
Container ID: f20445900364 | CPU Usage: 0.13%
Container ID: f20445900364 | CPU Usage: 0.13%
Container ID: f20445900364 | CPU Usage: 0.15%
Checking CPU usage for app replicas...
Checking CPU usage for app replicas...
Container ID: f20445900364 | CPU Usage: 0.14%
Checking CPU usage for app replicas...
Container ID: f20445900364 | CPU Usage: 0.13%
Container ID: f20445900364 | CPU Usage: 0.12%
Checking CPU usage for app replicas...
Checking CPU usage for app replicas...
Container ID: f20445900364 | CPU Usage: 0.15%
Checking CPU usage for app replicas...
Container ID: f20445900364 | CPU Usage: 0.24%
Container ID: f20445900364 | CPU Usage: 0.13%
Checking CPU usage for app replicas...
Checking CPU usage for app replicas...
Container ID: f20445900364 | CPU Usage: 0.14%
Container ID: f20445900364 | CPU Usage: 0.16%
Checking CPU usage for app replicas...
Checking CPU usage for app replicas...
Checking CPU usage for app replicas...
Checking CPU usage for app replicas...
Checking CPU usage for app replicas...
Checking CPU usage for app replicas...
Checking CPU usage for app replicas...
Container ID: f20445900364 | CPU Usage: 0.13%
Container ID: f20445900364 | CPU Usage: 0.13%
Container ID: f20445900364 | CPU Usage: 0.13%
Container ID: f20445900364 | CPU Usage: 0.19%
Checking CPU usage for app replicas...
Container ID: f20445900364 | CPU Usage: 0.19%
Container ID: f20445900364 | CPU Usage: 0.19%
Container ID: f20445900364 | CPU Usage: 0.19%
Container ID: f20445900364 | CPU Usage: 0.12%
Checking CPU usage for app replicas...
Checking CPU usage for app replicas...
Container ID: f20445900364 | CPU Usage: 0.13%
Checking CPU usage for app replicas...
Container ID: f20445900364 | CPU Usage: 0.12%
Container ID: f20445900364 | CPU Usage: 0.12%
Checking CPU usage for app replicas...
Checking CPU usage for app replicas...
Container ID: f20445900364 | CPU Usage: 0.12%
Checking CPU usage for app replicas...
Container ID: f20445900364 | CPU Usage: 0.15%
Container ID: f20445900364 | CPU Usage: 0.14%
Checking CPU usage for app replicas...
Checking CPU usage for app replicas...
Container ID: f20445900364 | CPU Usage: 0.16%
Container ID: f20445900364 | CPU Usage: 0.12%
Checking CPU usage for app replicas...
Checking CPU usage for app replicas...
Checking CPU usage for app replicas...
Checking CPU usage for app replicas...
Checking CPU usage for app replicas...
Checking CPU usage for app replicas...
Checking CPU usage for app replicas...
Container ID: f20445900364 | CPU Usage: 0.15%
Container ID: f20445900364 | CPU Usage: 0.13%
Container ID: f20445900364 | CPU Usage: 0.13%
Container ID: f20445900364 | CPU Usage: 0.13%
Checking CPU usage for app replicas...
Container ID: f20445900364 | CPU Usage: 0.11%
Container ID: f20445900364 | CPU Usage: 0.13%
Container ID: f20445900364 | CPU Usage: 0.13%
Container ID: f20445900364 | CPU Usage: 0.16%
Checking CPU usage for app replicas...
Checking CPU usage for app replicas...
Container ID: f20445900364 | CPU Usage: 0.14%
Checking CPU usage for app replicas...
Container ID: f20445900364 | CPU Usage: 0.13%
Container ID: f20445900364 | CPU Usage: 0.11%
Checking CPU usage for app replicas...
Checking CPU usage for app replicas...
Container ID: f20445900364 | CPU Usage: 0.13%
Checking CPU usage for app replicas...
Container ID: f20445900364 | CPU Usage: 0.13%
Container ID: f20445900364 | CPU Usage: 0.13%
Checking CPU usage for app replicas...
Checking CPU usage for app replicas...
Container ID: f20445900364 | CPU Usage: 0.11%
Container ID: f20445900364 | CPU Usage: 0.13%
Checking CPU usage for app replicas...
Checking CPU usage for app replicas...
Checking CPU usage for app replicas...
Checking CPU usage for app replicas...
Checking CPU usage for app replicas...
Container ID: f20445900364 | CPU Usage: 0.14%
Checking CPU usage for app replicas...
Checking CPU usage for app replicas...
Container ID: f20445900364 | CPU Usage: 0.13%
Container ID: f20445900364 | CPU Usage: 0.13%
Container ID: f20445900364 | CPU Usage: 0.13%
Checking CPU usage for app replicas...
Container ID: f20445900364 | CPU Usage: 0.15%
Container ID: f20445900364 | CPU Usage: 0.26%
Container ID: f20445900364 | CPU Usage: 0.26%
Container ID: f20445900364 | CPU Usage: 0.10%
Checking CPU usage for app replicas...
Checking CPU usage for app replicas...
Container ID: f20445900364 | CPU Usage: 0.12%
Checking CPU usage for app replicas...
Container ID: f20445900364 | CPU Usage: 0.18%
Container ID: f20445900364 | CPU Usage: 0.15%
Checking CPU usage for app replicas...
Checking CPU usage for app replicas...
Container ID: f20445900364 | CPU Usage: 0.11%
Checking CPU usage for app replicas...
Container ID: f20445900364 | CPU Usage: 0.15%
Container ID: f20445900364 | CPU Usage: 0.11%
Checking CPU usage for app replicas...
Checking CPU usage for app replicas...
Container ID: f20445900364 | CPU Usage: 0.15%
Container ID: f20445900364 | CPU Usage: 0.11%
Checking CPU usage for app replicas...
Checking CPU usage for app replicas...
Checking CPU usage for app replicas...
Checking CPU usage for app replicas...
Checking CPU usage for app replicas...
Container ID: f20445900364 | CPU Usage: 0.16%
Checking CPU usage for app replicas...
Checking CPU usage for app replicas...
Checking CPU usage for app replicas...
Container ID: f20445900364 | CPU Usage: 0.13%
Container ID: f20445900364 | CPU Usage: 0.13%
Container ID: f20445900364 | CPU Usage: 0.13%
Container ID: f20445900364 | CPU Usage: 0.13%
Container ID: f20445900364 | CPU Usage: 0.17%
Container ID: f20445900364 | CPU Usage: 0.17%
Container ID: f20445900364 | CPU Usage: 0.12%
Checking CPU usage for app replicas...
Checking CPU usage for app replicas...
Container ID: f20445900364 | CPU Usage: 0.14%
Checking CPU usage for app replicas...
Container ID: f20445900364 | CPU Usage: 0.19%
Container ID: f20445900364 | CPU Usage: 0.13%
Checking CPU usage for app replicas...
Checking CPU usage for app replicas...
Container ID: f20445900364 | CPU Usage: 0.13%
Checking CPU usage for app replicas...
Container ID: f20445900364 | CPU Usage: 0.16%
Container ID: f20445900364 | CPU Usage: 0.16%
Checking CPU usage for app replicas...
Checking CPU usage for app replicas...
Container ID: f20445900364 | CPU Usage: 0.12%
Container ID: f20445900364 | CPU Usage: 0.14%
Checking CPU usage for app replicas...
Checking CPU usage for app replicas...
Checking CPU usage for app replicas...
Checking CPU usage for app replicas...
Checking CPU usage for app replicas...
Container ID: f20445900364 | CPU Usage: 0.14%
Checking CPU usage for app replicas...
Checking CPU usage for app replicas...
Checking CPU usage for app replicas...
Container ID: f20445900364 | CPU Usage: 0.13%
Container ID: f20445900364 | CPU Usage: 0.13%
Container ID: f20445900364 | CPU Usage: 0.13%
Container ID: f20445900364 | CPU Usage: 0.13%
Container ID: f20445900364 | CPU Usage: 0.13%
Container ID: f20445900364 | CPU Usage: 0.13%
Container ID: f20445900364 | CPU Usage: 0.12%
Checking CPU usage for app replicas...
Checking CPU usage for app replicas...
Container ID: f20445900364 | CPU Usage: 0.16%
Checking CPU usage for app replicas...
Container ID: f20445900364 | CPU Usage: 0.13%
Container ID: f20445900364 | CPU Usage: 0.13%
Checking CPU usage for app replicas...
Checking CPU usage for app replicas...
Container ID: f20445900364 | CPU Usage: 0.27%
Checking CPU usage for app replicas...
Container ID: f20445900364 | CPU Usage: 1.27%
Container ID: f20445900364 | CPU Usage: 0.16%
Checking CPU usage for app replicas...
Checking CPU usage for app replicas...
Container ID: f20445900364 | CPU Usage: 0.27%
Container ID: f20445900364 | CPU Usage: 0.15%
Checking CPU usage for app replicas...
Container ID: f20445900364 | CPU Usage: 0.18%
Checking CPU usage for app replicas...
Checking CPU usage for app replicas...
Checking CPU usage for app replicas...
Checking CPU usage for app replicas...
Checking CPU usage for app replicas...
Checking CPU usage for app replicas...
Checking CPU usage for app replicas...
Container ID: f20445900364 | CPU Usage: 0.25%
Container ID: f20445900364 | CPU Usage: 0.17%
Container ID: f20445900364 | CPU Usage: 0.17%
Container ID: f20445900364 | CPU Usage: 0.17%
Checking CPU usage for app replicas...
Container ID: f20445900364 | CPU Usage: 0.15%
Container ID: f20445900364 | CPU Usage: 0.15%
Container ID: f20445900364 | CPU Usage: 0.15%
Checking CPU usage for app replicas...
Container ID: f20445900364 | CPU Usage: 0.12%
Checking CPU usage for app replicas...
Container ID: f20445900364 | CPU Usage: 0.15%
Container ID: f20445900364 | CPU Usage: 0.13%
Checking CPU usage for app replicas...
Checking CPU usage for app replicas...
Container ID: f20445900364 | CPU Usage: 0.16%
Container ID: f20445900364 | CPU Usage: 0.16%
Checking CPU usage for app replicas...
Container ID: f20445900364 | CPU Usage: 0.17%
Checking CPU usage for app replicas...
Checking CPU usage for app replicas...
Container ID: f20445900364 | CPU Usage: 0.17%
Container ID: f20445900364 | CPU Usage: 0.14%
Checking CPU usage for app replicas...
Container ID: f20445900364 | CPU Usage: 0.21%
Checking CPU usage for app replicas...
Checking CPU usage for app replicas...
Checking CPU usage for app replicas...
Checking CPU usage for app replicas...
Checking CPU usage for app replicas...
Checking CPU usage for app replicas...
Checking CPU usage for app replicas...
Container ID: f20445900364 | CPU Usage: 0.16%
Checking CPU usage for app replicas...
Container ID: f20445900364 | CPU Usage: 0.24%
Container ID: f20445900364 | CPU Usage: 0.24%
Checking CPU usage for app replicas...
Container ID: f20445900364 | CPU Usage: 0.19%
Container ID: f20445900364 | CPU Usage: 0.24%
Container ID: f20445900364 | CPU Usage: 0.19%
Container ID: f20445900364 | CPU Usage: 0.19%
Checking CPU usage for app replicas...
Container ID: f20445900364 | CPU Usage: 0.15%
Container ID: f20445900364 | CPU Usage: 0.15%
Container ID: f20445900364 | CPU Usage: 0.17%
Checking CPU usage for app replicas...
Checking CPU usage for app replicas...
Container ID: f20445900364 | CPU Usage: 0.12%
Checking CPU usage for app replicas...
Container ID: f20445900364 | CPU Usage: 0.14%
Checking CPU usage for app replicas...
Container ID: f20445900364 | CPU Usage: 0.16%
Checking CPU usage for app replicas...
Container ID: f20445900364 | CPU Usage: 0.14%
Container ID: f20445900364 | CPU Usage: 0.14%
Checking CPU usage for app replicas...
Container ID: f20445900364 | CPU Usage: 0.12%
Checking CPU usage for app replicas...
Container ID: f20445900364 | CPU Usage: 0.13%
Checking CPU usage for app replicas...
Checking CPU usage for app replicas...
Checking CPU usage for app replicas...
Checking CPU usage for app replicas...
Checking CPU usage for app replicas...
Checking CPU usage for app replicas...
Container ID: f20445900364 | CPU Usage: 0.14%
Container ID: f20445900364 | CPU Usage: 0.12%
Container ID: f20445900364 | CPU Usage: 0.17%
Container ID: f20445900364 | CPU Usage: 0.17%
Container ID: f20445900364 | CPU Usage: 0.17%
Container ID: f20445900364 | CPU Usage: 0.17%
Checking CPU usage for app replicas...
Checking CPU usage for app replicas...
Checking CPU usage for app replicas...
Container ID: f20445900364 | CPU Usage: 0.14%
Container ID: f20445900364 | CPU Usage: 0.14%
Container ID: f20445900364 | CPU Usage: 0.12%
Checking CPU usage for app replicas...
Checking CPU usage for app replicas...
Container ID: f20445900364 | CPU Usage: 0.15%
Container ID: f20445900364 | CPU Usage: 0.20%
Checking CPU usage for app replicas...
Checking CPU usage for app replicas...
Container ID: f20445900364 | CPU Usage: 0.16%
Container ID: f20445900364 | CPU Usage: 0.14%
Checking CPU usage for app replicas...
Container ID: f20445900364 | CPU Usage: 0.12%
Checking CPU usage for app replicas...
Container ID: f20445900364 | CPU Usage: 0.15%
Checking CPU usage for app replicas...
Checking CPU usage for app replicas...
Container ID: f20445900364 | CPU Usage: 0.16%
Checking CPU usage for app replicas...
Checking CPU usage for app replicas...
Checking CPU usage for app replicas...
Checking CPU usage for app replicas...
Checking CPU usage for app replicas...
Container ID: f20445900364 | CPU Usage: 0.14%
Container ID: f20445900364 | CPU Usage: 0.17%
Container ID: f20445900364 | CPU Usage: 0.14%
Container ID: f20445900364 | CPU Usage: 0.14%
Container ID: f20445900364 | CPU Usage: 0.14%
Container ID: f20445900364 | CPU Usage: 0.14%
Checking CPU usage for app replicas...
Checking CPU usage for app replicas...
Checking CPU usage for app replicas...
Container ID: f20445900364 | CPU Usage: 0.17%
Container ID: f20445900364 | CPU Usage: 0.17%
Container ID: f20445900364 | CPU Usage: 0.16%
Checking CPU usage for app replicas...
Checking CPU usage for app replicas...
Container ID: f20445900364 | CPU Usage: 0.17%
Container ID: f20445900364 | CPU Usage: 0.14%
Checking CPU usage for app replicas...
Checking CPU usage for app replicas...
Container ID: f20445900364 | CPU Usage: 0.16%
Checking CPU usage for app replicas...
Container ID: f20445900364 | CPU Usage: 0.15%
Container ID: f20445900364 | CPU Usage: 0.14%
Checking CPU usage for app replicas...
Container ID: f20445900364 | CPU Usage: 0.16%
Checking CPU usage for app replicas...
Container ID: f20445900364 | CPU Usage: 0.23%
Checking CPU usage for app replicas...
Checking CPU usage for app replicas...
Container ID: f20445900364 | CPU Usage: 0.46%
Checking CPU usage for app replicas...
Checking CPU usage for app replicas...
Checking CPU usage for app replicas...
Checking CPU usage for app replicas...
Container ID: f20445900364 | CPU Usage: 0.83%
Container ID: f20445900364 | CPU Usage: 0.14%
Container ID: f20445900364 | CPU Usage: 0.14%
Container ID: f20445900364 | CPU Usage: 0.14%
Container ID: f20445900364 | CPU Usage: 0.14%
Checking CPU usage for app replicas...
Checking CPU usage for app replicas...
Checking CPU usage for app replicas...
Container ID: f20445900364 | CPU Usage: 0.82%
Container ID: f20445900364 | CPU Usage: 0.82%
Container ID: f20445900364 | CPU Usage: 0.14%
Checking CPU usage for app replicas...
Checking CPU usage for app replicas...
Container ID: f20445900364 | CPU Usage: 0.12%
Container ID: f20445900364 | CPU Usage: 0.12%
Checking CPU usage for app replicas...
Checking CPU usage for app replicas...
Container ID: f20445900364 | CPU Usage: 0.22%
Checking CPU usage for app replicas...
Container ID: f20445900364 | CPU Usage: 0.13%
Container ID: f20445900364 | CPU Usage: 0.15%
Checking CPU usage for app replicas...
Container ID: f20445900364 | CPU Usage: 0.12%
Checking CPU usage for app replicas...
Checking CPU usage for app replicas...
Container ID: f20445900364 | CPU Usage: 0.13%
Checking CPU usage for app replicas...
Container ID: f20445900364 | CPU Usage: 0.15%
Checking CPU usage for app replicas...
Checking CPU usage for app replicas...
Checking CPU usage for app replicas...
Checking CPU usage for app replicas...
Container ID: f20445900364 | CPU Usage: 0.48%
Container ID: f20445900364 | CPU Usage: 0.24%
Container ID: f20445900364 | CPU Usage: 0.24%
Container ID: f20445900364 | CPU Usage: 0.24%
Container ID: f20445900364 | CPU Usage: 0.24%
Checking CPU usage for app replicas...
Checking CPU usage for app replicas...
Checking CPU usage for app replicas...
Container ID: f20445900364 | CPU Usage: 0.13%
Container ID: f20445900364 | CPU Usage: 0.13%
Container ID: f20445900364 | CPU Usage: 0.13%
Checking CPU usage for app replicas...
Checking CPU usage for app replicas...
Container ID: f20445900364 | CPU Usage: 0.13%
Container ID: f20445900364 | CPU Usage: 0.19%
Checking CPU usage for app replicas...
Checking CPU usage for app replicas...
Checking CPU usage for app replicas...
Container ID: f20445900364 | CPU Usage: 0.16%
Checking CPU usage for app replicas...
Container ID: f20445900364 | CPU Usage: 0.12%
Container ID: f20445900364 | CPU Usage: 0.12%
Container ID: f20445900364 | CPU Usage: 0.17%
Checking CPU usage for app replicas...
Container ID: f20445900364 | CPU Usage: 0.35%
Checking CPU usage for app replicas...
Container ID: f20445900364 | CPU Usage: 0.12%
Checking CPU usage for app replicas...
Checking CPU usage for app replicas...
Checking CPU usage for app replicas...
Checking CPU usage for app replicas...
Checking CPU usage for app replicas...
Container ID: f20445900364 | CPU Usage: 0.14%
Container ID: f20445900364 | CPU Usage: 0.12%
Container ID: f20445900364 | CPU Usage: 0.12%
Container ID: f20445900364 | CPU Usage: 0.12%
Container ID: f20445900364 | CPU Usage: 0.12%
Checking CPU usage for app replicas...
Checking CPU usage for app replicas...
Checking CPU usage for app replicas...
Container ID: f20445900364 | CPU Usage: 0.12%
Container ID: f20445900364 | CPU Usage: 0.12%
Container ID: f20445900364 | CPU Usage: 0.12%
Checking CPU usage for app replicas...
Container ID: f20445900364 | CPU Usage: 0.13%
Checking CPU usage for app replicas...
Container ID: f20445900364 | CPU Usage: 0.14%
Checking CPU usage for app replicas...
Checking CPU usage for app replicas...
Checking CPU usage for app replicas...
Container ID: f20445900364 | CPU Usage: 0.12%
Checking CPU usage for app replicas...
Container ID: f20445900364 | CPU Usage: 0.15%
Container ID: f20445900364 | CPU Usage: 0.15%
Container ID: f20445900364 | CPU Usage: 0.16%
Checking CPU usage for app replicas...
Checking CPU usage for app replicas...
Container ID: f20445900364 | CPU Usage: 0.13%
Checking CPU usage for app replicas...
Container ID: f20445900364 | CPU Usage: 0.20%
Checking CPU usage for app replicas...
Checking CPU usage for app replicas...
Checking CPU usage for app replicas...
Checking CPU usage for app replicas...
Container ID: f20445900364 | CPU Usage: 0.55%
Container ID: f20445900364 | CPU Usage: 0.16%
Container ID: f20445900364 | CPU Usage: 0.16%
Checking CPU usage for app replicas...
Container ID: f20445900364 | CPU Usage: 0.16%
Checking CPU usage for app replicas...
Container ID: f20445900364 | CPU Usage: 0.16%
Checking CPU usage for app replicas...
Checking CPU usage for app replicas...
Container ID: f20445900364 | CPU Usage: 0.12%
Container ID: f20445900364 | CPU Usage: 0.23%
Container ID: f20445900364 | CPU Usage: 0.23%
Checking CPU usage for app replicas...
Container ID: f20445900364 | CPU Usage: 0.19%
Container ID: f20445900364 | CPU Usage: 0.19%
Checking CPU usage for app replicas...
Container ID: f20445900364 | CPU Usage: 0.27%
Checking CPU usage for app replicas...
Checking CPU usage for app replicas...
Checking CPU usage for app replicas...
Checking CPU usage for app replicas...
Checking CPU usage for app replicas...
Checking CPU usage for app replicas...
Checking CPU usage for app replicas...
Checking CPU usage for app replicas...
Checking CPU usage for app replicas...
Container ID: f20445900364 | CPU Usage: 0.16%
Checking CPU usage for app replicas...
Container ID: f20445900364 | CPU Usage: 0.35%
Checking CPU usage for app replicas...
Container ID: f20445900364 | CPU Usage: 0.16%
Container ID: f20445900364 | CPU Usage: 3.26%
Checking CPU usage for app replicas...
Checking CPU usage for app replicas...
Container ID: f20445900364 | CPU Usage: 3.06%
Checking CPU usage for app replicas...
Container ID: f20445900364 | CPU Usage: 0.23%
Container ID: f20445900364 | CPU Usage: 0.23%
Checking CPU usage for app replicas...
Container ID: f20445900364 | CPU Usage: 0.12%
Checking CPU usage for app replicas...
Container ID: f20445900364 | CPU Usage: 6.74%
Container ID: f20445900364 | CPU Usage: 3.06%
Container ID: f20445900364 | CPU Usage: 0.15%
Container ID: f20445900364 | CPU Usage: 0.21%
Container ID: f20445900364 | CPU Usage: 0.18%
Container ID: f20445900364 | CPU Usage: 0.15%
Checking CPU usage for app replicas...
Checking CPU usage for app replicas...
Checking CPU usage for app replicas...
Checking CPU usage for app replicas...
Checking CPU usage for app replicas...
Checking CPU usage for app replicas...
Checking CPU usage for app replicas...
Container ID: f20445900364 | CPU Usage: 0.22%
Container ID: f20445900364 | CPU Usage: 0.22%
Container ID: c6c9d1b69556 | CPU Usage: 103.94%
Container ID: c6c9d1b69556 | CPU Usage: 82.27%
Container ID: c6c9d1b69556 | CPU Usage: 82.27%
Container ID: c6c9d1b69556 | CPU Usage: 100.77%
Container ID: c6c9d1b69556 | CPU Usage: 100.77%
Container ID: c6c9d1b69556 | CPU Usage: 100.77%
Checking CPU usage for app replicas...
Checking CPU usage for app replicas...
Container ID: f20445900364 | CPU Usage: 1.24%
Checking CPU usage for app replicas...
Container ID: c6c9d1b69556 | CPU Usage: 116.85%
Container ID: f20445900364 | CPU Usage: 0.67%
Container ID: f20445900364 | CPU Usage: 0.67%
Container ID: f20445900364 | CPU Usage: 0.14%
Container ID: c6c9d1b69556 | CPU Usage: 117.83%
Container ID: f20445900364 | CPU Usage: 0.14%
Checking CPU usage for app replicas...
Container ID: c6c9d1b69556 | CPU Usage: 228.12%
Container ID: c6c9d1b69556 | CPU Usage: 228.12%
Container ID: f20445900364 | CPU Usage: 99.63%
Scaling service app to 2 replicas.
Scaling service app to 3 replicas.
Container ID: f20445900364 | CPU Usage: 0.15%
Container ID: f20445900364 | CPU Usage: 0.28%
Checking CPU usage for app replicas...
Checking CPU usage for app replicas...
no configuration file provided: not found
no configuration file provided: not found
Checking CPU usage for app replicas...
Container ID: c6c9d1b69556 | CPU Usage: 111.46%
Container ID: c6c9d1b69556 | CPU Usage: 95.19%
Checking CPU usage for app replicas...
Container ID: c6c9d1b69556 | CPU Usage: 119.44%
Container ID: f20445900364 | CPU Usage: 0.71%
Container ID: f20445900364 | CPU Usage: 0.71%
Container ID: c6c9d1b69556 | CPU Usage: 104.63%
Checking CPU usage for app replicas...
Container ID: c6c9d1b69556 | CPU Usage: 114.13%
Container ID: f20445900364 | CPU Usage: 0.53%
Container ID: f20445900364 | CPU Usage: 0.53%
Container ID: f20445900364 | CPU Usage: 0.22%
Container ID: c6c9d1b69556 | CPU Usage: 106.76%
Container ID: f20445900364 | CPU Usage: 0.14%
Checking CPU usage for app replicas...
Checking CPU usage for app replicas...
Checking CPU usage for app replicas...
Container ID: c6c9d1b69556 | CPU Usage: 129.12%
Container ID: c6c9d1b69556 | CPU Usage: 106.22%
Scaling service app to 2 replicas.
Checking CPU usage for app replicas...
Checking CPU usage for app replicas...
no configuration file provided: not found
Container ID: c6c9d1b69556 | CPU Usage: 107.27%
Container ID: f20445900364 | CPU Usage: 0.14%
Container ID: c6c9d1b69556 | CPU Usage: 117.65%
Checking CPU usage for app replicas...
Container ID: f20445900364 | CPU Usage: 0.13%
Container ID: c6c9d1b69556 | CPU Usage: 109.53%
Checking CPU usage for app replicas...
Container ID: f20445900364 | CPU Usage: 0.19%
Container ID: f20445900364 | CPU Usage: 0.19%
Container ID: c6c9d1b69556 | CPU Usage: 173.60%
Scaling service app to 2 replicas.
Checking CPU usage for app replicas...
Container ID: c6c9d1b69556 | CPU Usage: 170.76%
Scaling service app to 2 replicas.
no configuration file provided: not found
no configuration file provided: not found
Checking CPU usage for app replicas...
Checking CPU usage for app replicas...
Container ID: c6c9d1b69556 | CPU Usage: 142.33%
Scaling service app to 2 replicas.
no configuration file provided: not found
Container ID: c6c9d1b69556 | CPU Usage: 64.56%
Container ID: c6c9d1b69556 | CPU Usage: 185.23%
Scaling service app to 3 replicas.
Checking CPU usage for app replicas...
Checking CPU usage for app replicas...
Container ID: f20445900364 | CPU Usage: 0.27%
Checking CPU usage for app replicas...
Checking CPU usage for app replicas...
Checking CPU usage for app replicas...
Checking CPU usage for app replicas...
no configuration file provided: not found
Checking CPU usage for app replicas...
Container ID: c6c9d1b69556 | CPU Usage: 114.70%
Container ID: c6c9d1b69556 | CPU Usage: 127.00%
Container ID: c6c9d1b69556 | CPU Usage: 127.00%
Container ID: c6c9d1b69556 | CPU Usage: 102.34%
Container ID: c6c9d1b69556 | CPU Usage: 127.00%
Scaling service app to 4 replicas.
Scaling service app to 4 replicas.
Checking CPU usage for app replicas...
Checking CPU usage for app replicas...
Scaling service app to 2 replicas.
no configuration file provided: not found
Container ID: c6c9d1b69556 | CPU Usage: 147.54%
Checking CPU usage for app replicas...
Checking CPU usage for app replicas...
Scaling service app to 3 replicas.
no configuration file provided: not found
Container ID: c6c9d1b69556 | CPU Usage: 210.38%
Checking CPU usage for app replicas...
Checking CPU usage for app replicas...
no configuration file provided: not found
Scaling service app to 3 replicas.
Container ID: f20445900364 | CPU Usage: 0.14%
no configuration file provided: not found
Container ID: c6c9d1b69556 | CPU Usage: 114.94%
Checking CPU usage for app replicas...
Container ID: f20445900364 | CPU Usage: 1.25%
Container ID: c6c9d1b69556 | CPU Usage: 84.92%
Container ID: c6c9d1b69556 | CPU Usage: 102.84%
Container ID: c6c9d1b69556 | CPU Usage: 94.41%
Container ID: c6c9d1b69556 | CPU Usage: 94.41%
Container ID: c6c9d1b69556 | CPU Usage: 114.12%
Container ID: f20445900364 | CPU Usage: 1.37%
Checking CPU usage for app replicas...
no configuration file provided: not found
Container ID: f20445900364 | CPU Usage: 0.15%
Container ID: f20445900364 | CPU Usage: 0.21%
Container ID: f20445900364 | CPU Usage: 0.21%
Container ID: c6c9d1b69556 | CPU Usage: 99.00%
Container ID: f20445900364 | CPU Usage: 3.31%
Container ID: f20445900364 | CPU Usage: 0.29%
Container ID: 2435380fa484 | CPU Usage: 108.14%
Container ID: f20445900364 | CPU Usage: 0.29%
Container ID: c6c9d1b69556 | CPU Usage: 104.07%
Checking CPU usage for app replicas...
Container ID: f20445900364 | CPU Usage: 0.30%
Container ID: 2435380fa484 | CPU Usage: 0.00%
Checking CPU usage for app replicas...
Container ID: c6c9d1b69556 | CPU Usage: 260.85%
Scaling service app to 4 replicas.
Checking CPU usage for app replicas...
Checking CPU usage for app replicas...
Checking CPU usage for app replicas...
Checking CPU usage for app replicas...
Checking CPU usage for app replicas...
Checking CPU usage for app replicas...
Checking CPU usage for app replicas...
Checking CPU usage for app replicas...
Checking CPU usage for app replicas...
Checking CPU usage for app replicas...
Checking CPU usage for app replicas...
Checking CPU usage for app replicas...
Checking CPU usage for app replicas...
no configuration file provided: not found
Container ID: c6c9d1b69556 | CPU Usage: 90.10%
Container ID: c6c9d1b69556 | CPU Usage: 216.48%
Scaling service app to 3 replicas.
Container ID: c6c9d1b69556 | CPU Usage: 83.53%
Container ID: c6c9d1b69556 | CPU Usage: 107.32%
Container ID: c6c9d1b69556 | CPU Usage: 106.41%
Container ID: c6c9d1b69556 | CPU Usage: 108.80%
Container ID: c6c9d1b69556 | CPU Usage: 113.40%
Container ID: f20445900364 | CPU Usage: 2.09%
Container ID: c6c9d1b69556 | CPU Usage: 76.38%
Container ID: f20445900364 | CPU Usage: 0.72%
Container ID: c6c9d1b69556 | CPU Usage: 101.91%
Container ID: f20445900364 | CPU Usage: 0.20%
Checking CPU usage for app replicas...
Container ID: c6c9d1b69556 | CPU Usage: 117.13%
Container ID: f20445900364 | CPU Usage: 0.43%
Container ID: f20445900364 | CPU Usage: 0.43%
no configuration file provided: not found
Container ID: f20445900364 | CPU Usage: 0.16%
Container ID: f20445900364 | CPU Usage: 0.43%
Container ID: c6c9d1b69556 | CPU Usage: 103.74%
Container ID: c6c9d1b69556 | CPU Usage: 103.74%
Checking CPU usage for app replicas...
Container ID: f20445900364 | CPU Usage: 0.13%
Container ID: c6c9d1b69556 | CPU Usage: 41.18%
Container ID: c6c9d1b69556 | CPU Usage: 14.74%
Container ID: f20445900364 | CPU Usage: 0.13%
Container ID: f20445900364 | CPU Usage: 0.13%
Container ID: f20445900364 | CPU Usage: 0.13%
Container ID: f20445900364 | CPU Usage: 0.13%
Container ID: c6c9d1b69556 | CPU Usage: 13.98%
Container ID: c6c9d1b69556 | CPU Usage: 13.98%
Container ID: f20445900364 | CPU Usage: 0.16%
Container ID: f20445900364 | CPU Usage: 0.16%
Container ID: f20445900364 | CPU Usage: 0.16%
Checking CPU usage for app replicas...
Container ID: c6c9d1b69556 | CPU Usage: 0.59%
Checking CPU usage for app replicas...
Container ID: f20445900364 | CPU Usage: 1.79%
Checking CPU usage for app replicas...
Container ID: c6c9d1b69556 | CPU Usage: 1.01%
Container ID: c6c9d1b69556 | CPU Usage: 0.41%
Container ID: f20445900364 | CPU Usage: 0.25%
Container ID: f20445900364 | CPU Usage: 0.25%
Checking CPU usage for app replicas...
Checking CPU usage for app replicas...
Checking CPU usage for app replicas...
Checking CPU usage for app replicas...
Checking CPU usage for app replicas...
Container ID: c6c9d1b69556 | CPU Usage: 0.31%
Container ID: c6c9d1b69556 | CPU Usage: 0.58%
Container ID: c6c9d1b69556 | CPU Usage: 0.58%
Container ID: c6c9d1b69556 | CPU Usage: 0.58%
Container ID: f20445900364 | CPU Usage: 0.17%
Checking CPU usage for app replicas...
Container ID: c6c9d1b69556 | CPU Usage: 0.67%
Container ID: f20445900364 | CPU Usage: 0.14%
Container ID: f20445900364 | CPU Usage: 0.14%
Container ID: f20445900364 | CPU Usage: 0.14%
Checking CPU usage for app replicas...
Checking CPU usage for app replicas...
Container ID: f20445900364 | CPU Usage: 0.14%
Checking CPU usage for app replicas...
Container ID: c6c9d1b69556 | CPU Usage: 0.41%
Checking CPU usage for app replicas...
Checking CPU usage for app replicas...
Checking CPU usage for app replicas...
Container ID: f20445900364 | CPU Usage: 0.25%
Checking CPU usage for app replicas...
Container ID: c6c9d1b69556 | CPU Usage: 1.77%
Container ID: c6c9d1b69556 | CPU Usage: 1.06%
Container ID: c6c9d1b69556 | CPU Usage: 0.34%
Container ID: c6c9d1b69556 | CPU Usage: 0.34%
Container ID: c6c9d1b69556 | CPU Usage: 0.85%
Container ID: c6c9d1b69556 | CPU Usage: 0.85%
Container ID: f20445900364 | CPU Usage: 0.15%
Container ID: c6c9d1b69556 | CPU Usage: 0.85%
Container ID: f20445900364 | CPU Usage: 0.15%
Container ID: f20445900364 | CPU Usage: 0.28%
Container ID: f20445900364 | CPU Usage: 0.28%
Container ID: f20445900364 | CPU Usage: 0.93%
Container ID: f20445900364 | CPU Usage: 0.93%
Container ID: f20445900364 | CPU Usage: 0.93%
Checking CPU usage for app replicas...
Container ID: c6c9d1b69556 | CPU Usage: 0.55%
Checking CPU usage for app replicas...
Checking CPU usage for app replicas...
Container ID: f20445900364 | CPU Usage: 0.12%
Container ID: c6c9d1b69556 | CPU Usage: 0.14%
Container ID: c6c9d1b69556 | CPU Usage: 0.16%
Container ID: f20445900364 | CPU Usage: 0.15%
Checking CPU usage for app replicas...
Container ID: f20445900364 | CPU Usage: 0.13%
Checking CPU usage for app replicas...
Checking CPU usage for app replicas...
Checking CPU usage for app replicas...
Container ID: c6c9d1b69556 | CPU Usage: 0.37%
Container ID: c6c9d1b69556 | CPU Usage: 0.33%
Container ID: c6c9d1b69556 | CPU Usage: 0.33%
Container ID: c6c9d1b69556 | CPU Usage: 0.33%
Checking CPU usage for app replicas...
Container ID: f20445900364 | CPU Usage: 0.13%
Container ID: c6c9d1b69556 | CPU Usage: 0.26%
Container ID: f20445900364 | CPU Usage: 0.24%
Container ID: f20445900364 | CPU Usage: 0.24%
Container ID: f20445900364 | CPU Usage: 0.24%
Checking CPU usage for app replicas...
Container ID: c6c9d1b69556 | CPU Usage: 0.16%
Container ID: f20445900364 | CPU Usage: 0.14%
Checking CPU usage for app replicas...
Checking CPU usage for app replicas...
Container ID: f20445900364 | CPU Usage: 0.41%
Checking CPU usage for app replicas...
Checking CPU usage for app replicas...
Checking CPU usage for app replicas...
Checking CPU usage for app replicas...
Checking CPU usage for app replicas...
Container ID: c6c9d1b69556 | CPU Usage: 1.89%
Container ID: c6c9d1b69556 | CPU Usage: 1.89%
Container ID: c6c9d1b69556 | CPU Usage: 0.27%
Container ID: c6c9d1b69556 | CPU Usage: 0.27%
Container ID: c6c9d1b69556 | CPU Usage: 0.27%
Container ID: f20445900364 | CPU Usage: 0.32%
Container ID: f20445900364 | CPU Usage: 0.32%
Container ID: c6c9d1b69556 | CPU Usage: 0.29%
Container ID: c6c9d1b69556 | CPU Usage: 0.29%
Container ID: f20445900364 | CPU Usage: 0.29%
Container ID: f20445900364 | CPU Usage: 0.29%
Container ID: f20445900364 | CPU Usage: 0.29%
Container ID: f20445900364 | CPU Usage: 0.13%
Container ID: f20445900364 | CPU Usage: 0.13%
Checking CPU usage for app replicas...
Checking CPU usage for app replicas...
Checking CPU usage for app replicas...
Container ID: c6c9d1b69556 | CPU Usage: 0.20%
Container ID: c6c9d1b69556 | CPU Usage: 0.22%
Checking CPU usage for app replicas...
Container ID: c6c9d1b69556 | CPU Usage: 11.49%
Container ID: f20445900364 | CPU Usage: 0.46%
Container ID: f20445900364 | CPU Usage: 0.46%
Checking CPU usage for app replicas...
Checking CPU usage for app replicas...
Checking CPU usage for app replicas...
Container ID: f20445900364 | CPU Usage: 4.98%
Container ID: c6c9d1b69556 | CPU Usage: 0.23%
Checking CPU usage for app replicas...
Container ID: c6c9d1b69556 | CPU Usage: 0.48%
Container ID: c6c9d1b69556 | CPU Usage: 0.48%
Container ID: c6c9d1b69556 | CPU Usage: 0.48%
Checking CPU usage for app replicas...
Container ID: f20445900364 | CPU Usage: 0.72%
Container ID: c6c9d1b69556 | CPU Usage: 0.17%
Container ID: f20445900364 | CPU Usage: 0.22%
Container ID: f20445900364 | CPU Usage: 0.22%
Container ID: f20445900364 | CPU Usage: 0.22%
Container ID: c6c9d1b69556 | CPU Usage: 0.17%
Container ID: f20445900364 | CPU Usage: 0.13%
Container ID: f20445900364 | CPU Usage: 0.15%
Checking CPU usage for app replicas...
Checking CPU usage for app replicas...
Checking CPU usage for app replicas...
Checking CPU usage for app replicas...
Checking CPU usage for app replicas...
Checking CPU usage for app replicas...
Checking CPU usage for app replicas...
Container ID: c6c9d1b69556 | CPU Usage: 0.34%
Container ID: c6c9d1b69556 | CPU Usage: 0.39%
Container ID: c6c9d1b69556 | CPU Usage: 0.39%
Container ID: c6c9d1b69556 | CPU Usage: 0.18%
Container ID: c6c9d1b69556 | CPU Usage: 0.18%
Container ID: f20445900364 | CPU Usage: 0.18%
Container ID: c6c9d1b69556 | CPU Usage: 0.21%
Container ID: f20445900364 | CPU Usage: 0.18%
Container ID: c6c9d1b69556 | CPU Usage: 0.21%
Container ID: f20445900364 | CPU Usage: 0.18%
Container ID: f20445900364 | CPU Usage: 0.14%
Container ID: f20445900364 | CPU Usage: 0.14%
Container ID: f20445900364 | CPU Usage: 0.15%
Container ID: f20445900364 | CPU Usage: 0.15%
Checking CPU usage for app replicas...
Checking CPU usage for app replicas...
Checking CPU usage for app replicas...
Container ID: c6c9d1b69556 | CPU Usage: 0.20%
Container ID: c6c9d1b69556 | CPU Usage: 0.20%
Container ID: c6c9d1b69556 | CPU Usage: 0.19%
Container ID: f20445900364 | CPU Usage: 0.24%
Container ID: f20445900364 | CPU Usage: 0.24%
Checking CPU usage for app replicas...
Checking CPU usage for app replicas...
Checking CPU usage for app replicas...
Checking CPU usage for app replicas...
Container ID: f20445900364 | CPU Usage: 0.19%
Checking CPU usage for app replicas...
Container ID: c6c9d1b69556 | CPU Usage: 8.45%
Checking CPU usage for app replicas...
Container ID: c6c9d1b69556 | CPU Usage: 60.90%
Container ID: c6c9d1b69556 | CPU Usage: 60.90%
Container ID: c6c9d1b69556 | CPU Usage: 60.90%
Container ID: c6c9d1b69556 | CPU Usage: 0.14%
Container ID: f20445900364 | CPU Usage: 0.14%
Container ID: c6c9d1b69556 | CPU Usage: 0.14%
Container ID: f20445900364 | CPU Usage: 0.15%
Container ID: f20445900364 | CPU Usage: 0.15%
Container ID: f20445900364 | CPU Usage: 0.15%
